subject,epitope,count,v_a_gene,j_a_gene,cdr3_a_aa,v_b_gene,j_b_gene,cdr3_b_aa,clone_id
human_subject0005,BMLF,1,TRAV5*01,TRAJ31*01,CAADSNARFMF,TRBV20-1*01,TRBJ1-3*01,CSARDRVGNTIYF,clone_0
human_subject0005,BMLF,1,TRAV5*01,TRAJ31*01,CAADSNARLMF,TRBV20-1*01,TRBJ1-3*01,CSARDRVGNTIYF,clone_1
human_subject0028,M1,1,TRAV13-1*01,TRAJ43*01,CAAENNNDMRF,TRBV7-6*01,TRBJ2-7*01,CASSLGTSYEQYF,clone_2
human_subject0029,M1,1,TRAV41*01,TRAJ40*01,CAAETTSGTYKYIF,TRBV14*01,TRBJ2-7*01,CASSPIAGSSYEQYF,clone_3
human_subject0011,M1,1,TRAV27*01,TRAJ42*01,CAAGGSQGNLIF,TRBV19*02,TRBJ2-7*01,CASSIRSSYEQYF,clone_4
human_subject0012,M1,1,TRAV27*01,TRAJ42*01,CAAGGSQGNLIF,TRBV19*02,TRBJ2-7*01,CASSVRSSYEQYF,clone_5
human_subject0028,M1,1,TRAV27*01,TRAJ42*01,CAAGGSQGNLIF,TRBV19*01,TRBJ2-7*01,CASSIRSSYEQYF,clone_6
human_subject0005,BMLF,1,TRAV23/DV6*01,TRAJ3*01,CAAGYSSASKIIF,TRBV11-2*01,TRBJ2-3*01,CASSFSSGTTDTQYF,clone_7
human_subject0028,M1,1,TRAV29/DV5*01,TRAJ20*01,CAAISDYKLSF,TRBV19*01,TRBJ2-7*01,CASSIRSSYEQYF,clone_8
human_subject0027,M1,1,TRAV27*01,TRAJ42*01,CAANYGGSQGNLIF,TRBV19*01,TRBJ2-7*01,CASSLRSSYEQYF,clone_9
human_subject0019,pp65,1,TRAV36/DV7*01,TRAJ28*01,CAAPGAGSYQLTF,TRBV28*01,TRBJ1-4*01,CASTLWSATNEKLFF,clone_10
human_subject0029,M1,1,TRAV12-2*01,TRAJ45*01,CAAPYSGGGADGLTF,TRBV24-1*01,TRBJ2-5*01,CATSDYVSGTLQETQYF,clone_11
human_subject0005,BMLF,1,TRAV29/DV5*01,TRAJ41*01,CAARFDSGYALNF,TRBV9*02,TRBJ1-2*01,CASSTYSGQSYGYTF,clone_12
human_subject0005,BMLF,1,TRAV29/DV5*01,TRAJ41*01,CAARFDSGYALNF,TRBV9*02,TRBJ1-2*01,CASSTYYGQSYGYTF,clone_13
human_subject0001,BMLF,1,TRAV29/DV5*01,TRAJ37*01,CAARGDTGKLIF,TRBV7-8*01,TRBJ1-2*01,CASSISGDYGYTF,clone_14
human_subject0029,M1,1,TRAV29/DV5*01,TRAJ57*01,CAASAFLGGSEKLVF,TRBV15*01,TRBJ2-3*01,CATSERGDLNFGTDTQYF,clone_15
human_subject0025,M1,1,TRAV29/DV5*01,TRAJ42*01,CAASAGGGSQGNLIF,TRBV19*01,TRBJ2-7*01,CASSIRASYEQYF,clone_16
human_subject0002,BMLF,1,TRAV29/DV5*01,TRAJ52*01,CAASDGAGGTSYGKLTF,TRBV5-8*01,TRBJ2-7*01,CASSLWTGSHEQYF,clone_17
human_subject0019,pp65,1,TRAV29/DV5*01,TRAJ33*01,CAASDSNYQLIW,TRBV6-1*01,TRBJ2-7*01,CASSEESGRAAEQYF,clone_18
human_subject0025,M1,1,TRAV29/DV5*01,TRAJ42*01,CAASEGGGSQGNLIF,TRBV19*01,TRBJ2-7*01,CASSIRSSYEQYF,clone_19
human_subject0019,pp65,1,TRAV29/DV5*01,TRAJ53*01,CAASESGGSNYKLTF,TRBV28*01,TRBJ2-1*01,CASSGRWTAYNEQFF,clone_20
human_subject0019,pp65,1,TRAV29/DV5*01,TRAJ43*01,CAASGGNNNDMRF,TRBV6-4*02,TRBJ2-1*01,CASSVTPSSYNEQFF,clone_21
human_subject0028,M1,1,TRAV29/DV5*01,TRAJ49*01,CAASGGTGNQFYF,TRBV19*01,TRBJ2-7*01,CASRLAGSHEQYF,clone_22
human_subject0011,M1,1,TRAV29/DV5*01,TRAJ39*01,CAASGSSNAGNMLTF,TRBV19*01,TRBJ1-1*01,CASRSGREAFF,clone_23
human_subject0003,BMLF,1,TRAV13-1*01,TRAJ20*01,CAASRDYKLSF,TRBV29-1*01,TRBJ2-1*01,CSVGAIMDEQFF,clone_24
human_subject0013,M1,1,TRAV13-1*01,TRAJ37*01,CAASSNTGKLIF,TRBV19*02,TRBJ2-7*01,CASSSRSSYEQYF,clone_25
human_subject0019,pp65,1,TRAV13-1*01,TRAJ31*01,CAATDNARLMF,TRBV15*01,TRBJ1-1*01,CATSRDLAEVNTEAFF,clone_26
human_subject0027,M1,1,TRAV25*01,TRAJ42*01,CACNYGGSQGNLIF,TRBV19*01,TRBJ2-3*01,CASSIRSTDTQYF,clone_27
human_subject0002,BMLF,1,TRAV5*01,TRAJ31*01,CADDNNARLMF,TRBV20-1*01,TRBJ1-2*01,CSARDRTGNGYTF,clone_28
human_subject0005,BMLF,1,TRAV5*01,TRAJ39*01,CAEDAGNMLTF,TRBV4-2*01,TRBJ2-1*01,CASSQAGLAAYNEQFF,clone_29
human_subject0005,BMLF,1,TRAV5*01,TRAJ39*01,CAEDAGNMLTF,TRBV29-1*01,TRBJ1-5*01,CSVTGDRRSNQPQHF,clone_30
human_subject0004,BMLF,1,TRAV5*01,TRAJ31*01,CAEDANARLMF,TRBV20-1*01,TRBJ1-2*01,CSARDGTGNGYTF,clone_31
human_subject0003,BMLF,1,TRAV5*01,TRAJ31*01,CAEDDNARLMF,TRBV20-1*01,TRBJ1-2*01,CSARDRVGNGHTF,clone_32
human_subject0003,BMLF,1,TRAV5*01,TRAJ31*01,CAEDDNARLMF,TRBV20-1*01,TRBJ1-2*01,CSARDRVGNGYTF,clone_33
human_subject0002,BMLF,1,TRAV5*01,TRAJ31*01,CAEDNNARLMF,TRBV2*01,TRBJ2-2*01,CASSPGSTAPGELFF,clone_34
human_subject0002,BMLF,1,TRAV5*01,TRAJ31*01,CAEDNNARLMF,TRBV20-1*01,TRBJ1-2*01,CSARDATGNGYTF,clone_35
human_subject0003,BMLF,1,TRAV5*01,TRAJ31*01,CAEDNNARLMF,TRBV20-1*01,TRBJ1-2*01,CSARDGTGNGYTF,clone_36
human_subject0005,BMLF,1,TRAV5*01,TRAJ31*01,CAEDNNARLMF,TRBV20-1*01,TRBJ1-2*01,CSARDGTGNGYTF,clone_37
human_subject0006,BMLF,1,TRAV5*01,TRAJ31*01,CAEDNNARLMF,TRBV20-1*01,TRBJ1-2*01,CSARDGTGNGYTF,clone_38
human_subject0006,BMLF,1,TRAV5*01,TRAJ31*01,CAEDNNARLMF,TRBV20-1*01,TRBJ1-2*01,CSARDQTGNGYTF,clone_39
human_subject0004,BMLF,1,TRAV5*01,TRAJ31*01,CAEDNNARLMF,TRBV20-1*01,TRBJ1-2*01,CSARDRTGNGYTF,clone_40
human_subject0005,BMLF,1,TRAV5*01,TRAJ31*01,CAEDNNARLMF,TRBV20-1*01,TRBJ1-2*01,CSARDRTGNGYTF,clone_41
human_subject0002,BMLF,1,TRAV5*01,TRAJ31*01,CAEDNNARLMF,TRBV20-1*01,TRBJ1-2*01,CSARDSTGNGYTF,clone_42
human_subject0004,BMLF,1,TRAV5*01,TRAJ31*01,CAEDNNARLMF,TRBV20-1*01,TRBJ1-2*01,CSARDSTGNGYTF,clone_43
human_subject0006,BMLF,1,TRAV5*01,TRAJ31*01,CAEDNNARLMF,TRBV20-1*01,TRBJ1-2*01,CSARDTTGNGYTF,clone_44
human_subject0004,BMLF,1,TRAV5*01,TRAJ31*01,CAEDNNARLMF,TRBV20-1*01,TRBJ1-2*01,CSARDTVGNGYTF,clone_45
human_subject0003,BMLF,1,TRAV5*01,TRAJ31*01,CAEDNNARLMF,TRBV20-1*01,TRBJ1-3*01,CSARLRELSGNTIYF,clone_46
human_subject0003,BMLF,1,TRAV5*01,TRAJ31*01,CAEDNNARLMF,TRBV20-1*01,TRBJ1-3*01,CSARLRKLSGNTIYF,clone_47
human_subject0001,BMLF,1,TRAV5*01,TRAJ31*01,CAEDNNARLMF,TRBV20-1*01,TRBJ1-2*01,CSARVEPGNGYTF,clone_48
human_subject0004,BMLF,1,TRAV5*01,TRAJ31*01,CAEDNNARLMF,TRBV29-1*01,TRBJ1-4*01,CSVGSGGTNEKLFF,clone_49
human_subject0002,BMLF,1,TRAV5*01,TRAJ31*01,CAEDNNPRLMF,TRBV20-1*01,TRBJ1-2*01,CSARDSTGNGYTF,clone_50
human_subject0004,BMLF,1,TRAV5*01,TRAJ31*01,CAEDNNTRLMF,TRBV20-1*01,TRBJ1-2*01,CSARDSTGNGYTF,clone_51
human_subject0003,BMLF,1,TRAV5*01,TRAJ26*01,CAEDNYGQNFVF,TRBV29-1*01,TRBJ1-4*01,CSGREDSTNEKLFF,clone_52
human_subject0015,M1,1,TRAV13-2*01,TRAJ45*01,CAEEHDRMYSGGGADGLTF,TRBV19*02,TRBJ2-7*01,CASSVRSSYEQYF,clone_53
human_subject0025,M1,1,TRAV5*01,TRAJ42*01,CAEGGSGGSQGNLIF,TRBV19*01,TRBJ1-4*01,CASSMRSDEKLFF,clone_54
human_subject0006,BMLF,1,TRAV5*01,TRAJ40*01,CAEIASGTYKYIF,TRBV20-1*01,TRBJ2-1*01,CSAEISGTQLYNEQFF,clone_55
human_subject0017,pp65,1,TRAV5*01,TRAJ42*01,CAEIPNYGGSQGNLIF,TRBV12-4*01,TRBJ1-2*01,CASSFIGGVDGYTF,clone_56
human_subject0023,pp65,1,TRAV5*01,TRAJ6*01,CAEIQASGGSYIPTF,TRBV15*01,TRBJ2-7*01,CATGRGGKIGEQYF,clone_57
human_subject0023,pp65,1,TRAV5*01,TRAJ6*01,CAEIQASGGSYIPTF,TRBV15*01,TRBJ2-7*01,CATGRGGMIGEQYF,clone_58
human_subject0029,M1,1,TRAV13-2*01,TRAJ6*01,CAEISSGGSYIPTF,TRBV9*01,TRBJ2-3*01,CASSTIEGQGGRHTQYF,clone_59
human_subject0022,pp65,1,TRAV5*01,TRAJ10*01,CAEITGGGNKLTF,TRBV20-1*01,TRBJ1-2*01,CSATDVTKGQLISGYTF,clone_60
human_subject0022,pp65,1,TRAV5*01,TRAJ10*01,CAEITGGGNKLTF,TRBV20-1*01,TRBJ1-2*01,CSATDVTKGQLISGYTF,clone_61
human_subject0008,M1,1,TRAV13-2*01,TRAJ26*01,CAEIWDYGQNFVF,TRBV5-6*01,TRBJ1-2*01,CASSWEGINYGYTF,clone_62
human_subject0002,BMLF,1,TRAV5*01,TRAJ15*01,CAEKGGTALIF,TRBV20-1*01,TRBJ2-7*01,CSARGQGDEQYF,clone_63
human_subject0002,BMLF,1,TRAV5*01,TRAJ15*01,CAEKGGTALIF,TRBV29-1*01,TRBJ2-7*01,CSERGQGDEQYF,clone_64
human_subject0006,BMLF,1,TRAV5*01,TRAJ43*01,CAELGNDMRF,TRBV14*01,TRBJ2-7*01,CASSQAPGGEQYF,clone_65
human_subject0006,BMLF,1,TRAV5*01,TRAJ43*01,CAELGNDMRF,TRBV14*01,TRBJ2-7*01,CASSQCPGGEQYF,clone_66
human_subject0006,BMLF,1,TRAV5*01,TRAJ43*01,CAELGNDMRF,TRBV14*01,TRBJ2-7*01,CASSQSPGGEQYF,clone_67
human_subject0027,M1,1,TRAV13-2*01,TRAJ42*01,CAENEGGGSQGNLIF,TRBV19*01,TRBJ1-1*01,CASSIRSAGRAFF,clone_68
human_subject0014,M1,1,TRAV13-2*01,TRAJ18*01,CAENGGGSTLGRLYF,TRBV19*02,TRBJ2-3*01,CASSTRSTDTQYF,clone_69
human_subject0025,M1,1,TRAV13-2*01,TRAJ42*01,CAENIGGGSQGNLIF,TRBV19*01,TRBJ2-5*01,CASSMRSGETQYF,clone_70
human_subject0025,M1,1,TRAV13-2*01,TRAJ42*01,CAENMGGGSQGNLIF,TRBV19*01,TRBJ2-1*01,CASSDRAGNEQFF,clone_71
human_subject0014,M1,1,TRAV13-2*01,TRAJ42*01,CAENMGGGSQGNLIF,TRBV19*01,TRBJ2-5*01,CASSVRAGETQYF,clone_72
human_subject0025,M1,1,TRAV13-2*01,TRAJ42*01,CAENNGGGSQGNLIF,TRBV19*01,TRBJ2-1*01,CASSDRSGNEQFF,clone_73
human_subject0019,pp65,1,TRAV13-2*01,TRAJ12*01,CAENNSGDSSYKLIF,TRBV12-4*01,TRBJ2-1*01,CASSFAHLSYNEQFF,clone_74
human_subject0006,BMLF,1,TRAV5*01,TRAJ11*01,CAENRCSTLTF,TRBV9*01,TRBJ2-1*01,CASSVAGGDEQFF,clone_75
human_subject0006,BMLF,1,TRAV5*01,TRAJ11*01,CAENRYSTLTF,TRBV9*01,TRBJ2-1*01,CASSVAGGDEQFF,clone_76
human_subject0025,M1,1,TRAV13-2*01,TRAJ42*01,CAENYGGSQGNLIF,TRBV19*01,TRBJ2-7*01,CASSIRSSYEQYF,clone_77
human_subject0004,BMLF,1,TRAV5*01,TRAJ23*01,CAESIGKLIF,TRBV29-1*01,TRBJ1-4*01,CSVGAGGTNEKLFF,clone_78
human_subject0004,BMLF,1,TRAV5*01,TRAJ23*01,CAESIGKLIF,TRBV29-1*01,TRBJ1-4*01,CSVGSGGTNEKLFF,clone_79
human_subject0003,BMLF,1,TRAV5*01,TRAJ23*01,CAESIGKLIF,TRBV29-1*01,TRBJ1-4*01,CSVGTQGTNEKLFF,clone_80
human_subject0013,M1,1,TRAV5*01,TRAJ42*01,CAESIGRGSQGNLIF,TRBV19*02,TRBJ2-7*01,CASSIRSGVEQYF,clone_81
human_subject0002,BMLF,1,TRAV5*01,TRAJ23*01,CAESISGGKLIF,TRBV29-1*01,TRBJ1-4*01,CSVGSAGTNEKLFF,clone_82
human_subject0002,BMLF,1,TRAV5*01,TRAJ42*01,CAESKGNLIF,TRBV14*01,TRBJ2-7*01,CASSQSPGGEQYF,clone_83
human_subject0002,BMLF,1,TRAV5*01,TRAJ39*01,CAESLDMLTF,TRBV9*01,TRBJ2-1*01,CASSVVGGNEQFF,clone_84
human_subject0006,BMLF,1,TRAV5*01,TRAJ43*01,CAESNADNNDMRF,TRBV29-1*01,TRBJ2-1*01,CSVEAVGDGIYNEQFF,clone_85
human_subject0001,BMLF,1,TRAV5*01,TRAJ42*01,CAESQGNLIF,TRBV14*01,TRBJ2-1*01,CASSQRPGGQQFF,clone_86
human_subject0001,BMLF,1,TRAV5*01,TRAJ42*01,CAESQGNLIF,TRBV14*01,TRBJ2-1*01,CASSQSPGGQQFF,clone_87
human_subject0004,BMLF,1,TRAV5*01,TRAJ37*01,CAESSRGKLIF,TRBV29-1*01,TRBJ1-4*01,CSVGTGGTNEKLFF,clone_88
human_subject0003,BMLF,1,TRAV5*01,TRAJ24*02,CAESTCWGKLQF,TRBV29-1*01,TRBJ1-4*01,CSVGAGGTNEKLFF,clone_89
human_subject0001,BMLF,1,TRAV5*01,TRAJ37*01,CAESTGKLIF,TRBV29-1*01,TRBJ1-4*01,CSVGSDGTNEKLFF,clone_90
human_subject0006,BMLF,1,TRAV5*01,TRAJ37*01,CAESTGKLIF,TRBV29-1*01,TRBJ1-4*01,CSVGTGGTNEKLFF,clone_91
human_subject0002,BMLF,1,TRAV5*01,TRAJ29*01,CAESTSRGNTPLVF,TRBV4-1*01,TRBJ2-1*01,CASSLTTEQQFF,clone_92
human_subject0003,BMLF,1,TRAV5*01,TRAJ24*02,CAESTSWGKLQF,TRBV29-1*01,TRBJ1-4*01,CSVGAGGTNEKLFF,clone_93
human_subject0024,pp65,1,TRAV13-2*01,TRAJ50*01,CAETPGPSYDKVIF,TRBV30*01,TRBJ2-4*01,CAWSISDLAKNIQYF,clone_94
human_subject0010,pp65,1,TRAV5*01,TRAJ20*01,CAETRSRDYKLSF,TRBV4-1*01,TRBJ1-5*01,CASSQEEGPGNQPQHF,clone_95
human_subject0002,BMLF,1,TRAV5*01,TRAJ3*01,CAEYSSAFKIIF,TRBV14*01,TRBJ2-3*01,CASSQSPGGTQYF,clone_96
human_subject0002,BMLF,1,TRAV5*01,TRAJ3*01,CAEYSSASKIIF,TRBV14*01,TRBJ2-3*01,CASSQSPGGTQYF,clone_97
human_subject0019,pp65,1,TRAV24*01,TRAJ54*01,CAFELILGAQKLVF,TRBV6-3*01,TRBJ1-2*01,CASSYSWTGSNYGYTF,clone_98
human_subject0030,M1,1,TRAV24*01,TRAJ27*01,CAFLNAGKSTF,TRBV25-1*01,TRBJ1-1*01,CASSDAGGGMAEAFF,clone_99
human_subject0011,M1,1,TRAV38-1*01,TRAJ52*01,CAFMIGAGGTSYGKLTF,TRBV19*02,TRBJ1-2*01,CASSIGSYGYTF,clone_100
human_subject0025,M1,1,TRAV38-1*01,TRAJ52*01,CAFMIGAGGTSYGKLTF,TRBV19*01,TRBJ1-2*01,CASSQGAFGYTF,clone_101
human_subject0015,M1,1,TRAV38-1*01,TRAJ52*01,CAFMLGAGGTSYGKLTF,TRBV19*02,TRBJ1-2*01,CASSIGYYGYTF,clone_102
human_subject0027,M1,1,TRAV38-1*01,TRAJ52*01,CAFMSNAGGTSYGKLTF,TRBV19*01,TRBJ1-2*01,CASSIGVYGYTF,clone_103
human_subject0014,M1,1,TRAV38-1*01,TRAJ52*01,CAFMSSPGGTSYGKLTF,TRBV19*02,TRBJ1-2*01,CASSIGVYGYTF,clone_104
human_subject0022,pp65,1,TRAV24*01,TRAJ43*01,CAFPYNNNDMRF,TRBV27*01,TRBJ1-1*01,CASSLEGYTEAFF,clone_105
human_subject0028,M1,1,TRAV38-2/DV8*01,TRAJ47*01,CAFSMEYGNKLVF,TRBV9*01,TRBJ1-1*01,CASSGQGGTEAFF,clone_106
human_subject0030,M1,1,TRAV24*01,TRAJ33*01,CAFSSNYQLIW,TRBV10-2*01,TRBJ2-3*01,CASSLLGGAGTDTQYF,clone_107
human_subject0030,M1,1,TRAV24*01,TRAJ33*01,CAFSSNYQLIW,TRBV10-2*01,TRBJ2-3*01,CASSLLGRAGTDTQYF,clone_108
human_subject0025,M1,1,TRAV27*01,TRAJ37*01,CAGAAGSSNTGKLIF,TRBV19*01,TRBJ2-7*01,CASSIRSAYEQYF,clone_109
human_subject0012,M1,1,TRAV27*01,TRAJ42*01,CAGADGGSQGNLIF,TRBV19*02,TRBJ2-2*01,CASSGRAAGELFF,clone_110
human_subject0011,M1,1,TRAV27*01,TRAJ42*01,CAGADGGSQGNLIF,TRBV19*01,TRBJ2-2*01,CASSGRSAGELFF,clone_111
human_subject0027,M1,1,TRAV27*01,TRAJ42*01,CAGADGGSQGNLIF,TRBV19*01,TRBJ2-3*01,CASSGRSTDTQYF,clone_112
human_subject0013,M1,1,TRAV27*01,TRAJ42*01,CAGADGGSQGNLIF,TRBV19*01,TRBJ2-3*01,CASSGRSTDTQYF,clone_113
human_subject0012,M1,1,TRAV27*01,TRAJ42*01,CAGADGGSQGNLIF,TRBV19*01,TRBJ2-2*01,CASSSRSAGELFF,clone_114
human_subject0013,M1,1,TRAV27*01,TRAJ42*01,CAGADGGSQGNLIF,TRBV19*02,TRBJ2-1*01,CASSSRSANEQFF,clone_115
human_subject0025,M1,1,TRAV27*01,TRAJ37*01,CAGAFGSSNTGKLIF,TRBV19*01,TRBJ2-7*01,CASSIRSSYEQYF,clone_116
human_subject0012,M1,1,TRAV27*01,TRAJ37*01,CAGAFGSSNTGKLIF,TRBV19*02,TRBJ2-7*01,CASSIRSSYEQYF,clone_117
human_subject0028,M1,1,TRAV27*01,TRAJ37*01,CAGAFGSSNTGKLIF,TRBV19*01,TRBJ2-7*01,CASSIRSAYEQYF,clone_118
human_subject0025,M1,1,TRAV35*01,TRAJ42*01,CAGAGDGGSQGNLIF,TRBV19*01,TRBJ2-7*01,CASSMRAGYEQYF,clone_119
human_subject0015,M1,1,TRAV27*01,TRAJ37*01,CAGAGDNTGKLIF,TRBV19*02,TRBJ2-7*01,CASSVRSSYEQYF,clone_120
human_subject0013,M1,1,TRAV27*01,TRAJ42*01,CAGAGGGSQGNLIF,TRBV19*02,TRBJ2-3*01,CASSFRSTDTQYF,clone_121
human_subject0027,M1,1,TRAV27*01,TRAJ42*01,CAGAGGGSQGNLIF,TRBV19*01,TRBJ2-3*01,CASSGRSADTQYF,clone_122
human_subject0025,M1,1,TRAV27*01,TRAJ42*01,CAGAGGGSQGNLIF,TRBV19*01,TRBJ2-3*01,CASSGRSTDTQYF,clone_123
human_subject0025,M1,1,TRAV27*01,TRAJ42*01,CAGAGGGSQGNLIF,TRBV19*01,TRBJ2-2*01,CASSIRATGELFF,clone_124
human_subject0012,M1,1,TRAV27*01,TRAJ42*01,CAGAGGGSQGNLIF,TRBV19*01,TRBJ2-2*01,CASSIRATGELFF,clone_125
human_subject0009,M1,1,TRAV27*01,TRAJ42*01,CAGAGGGSQGNLIF,TRBV19*02,TRBJ2-3*01,CASSKRSTDTQYF,clone_126
human_subject0027,M1,1,TRAV27*01,TRAJ42*01,CAGAGGGSQGNLIF,TRBV19*01,TRBJ2-2*01,CASSKRSTGELFF,clone_127
human_subject0027,M1,1,TRAV27*01,TRAJ42*01,CAGAGGGSQGNLIF,TRBV19*01,TRBJ2-3*01,CASSRRSTDTQYF,clone_128
human_subject0025,M1,1,TRAV27*01,TRAJ42*01,CAGAGGGSQGNLIF,TRBV19*01,TRBJ2-2*01,CASSSRATGELFF,clone_129
human_subject0025,M1,1,TRAV27*01,TRAJ42*01,CAGAGGGSQGNLIF,TRBV19*01,TRBJ2-3*01,CASSSRSTDTQYF,clone_130
human_subject0028,M1,1,TRAV27*01,TRAJ42*01,CAGAGGGSQGNLIF,TRBV19*01,TRBJ2-7*01,CASSIRSGYEQYF,clone_131
human_subject0025,M1,1,TRAV27*01,TRAJ42*01,CAGAGQGGSQGNLIF,TRBV19*01,TRBJ1-5*01,CASSFYSNQPQHF,clone_132
human_subject0009,M1,1,TRAV27*01,TRAJ42*01,CAGAGSQGNLIF,TRBV19*02,TRBJ2-7*01,CASSSRSSYEQYF,clone_133
human_subject0012,M1,1,TRAV27*01,TRAJ42*01,CAGAGSQGNLIF,TRBV19*02,TRBJ2-7*01,CASSVRSSYEQYF,clone_134
human_subject0028,M1,1,TRAV27*01,TRAJ42*01,CAGAGSQGNLIF,TRBV19*01,TRBJ2-7*01,CASSSRSAYEQYF,clone_135
human_subject0028,M1,1,TRAV27*01,TRAJ42*01,CAGAGSQGNLIF,TRBV19*01,TRBJ2-7*01,CASSTRSSYEQYF,clone_136
human_subject0027,M1,1,TRAV27*01,TRAJ37*01,CAGAHGSSNTGKLIF,TRBV19*01,TRBJ2-7*01,CASSIRSAYEQYF,clone_137
human_subject0011,M1,1,TRAV27*01,TRAJ37*01,CAGAHGSSNTGKLIF,TRBV19*02,TRBJ2-7*01,CASSIRSAYEQYF,clone_138
human_subject0012,M1,1,TRAV27*01,TRAJ37*01,CAGAIGSSNTGKLIF,TRBV19*02,TRBJ2-7*01,CASSVRSSYEQYF,clone_139
human_subject0027,M1,1,TRAV27*01,TRAJ42*01,CAGALGGSQGNLIF,TRBV19*01,TRBJ2-7*01,CASSSRSSYEQYF,clone_140
human_subject0013,M1,1,TRAV27*01,TRAJ37*01,CAGALGSSNTGKLIF,TRBV19*02,TRBJ2-7*01,CASSIRSAYEQYF,clone_141
human_subject0028,M1,1,TRAV27*01,TRAJ42*01,CAGALTGYGGSQGNLIF,TRBV19*01,TRBJ2-7*01,CASSIRSSYEQYF,clone_142
human_subject0027,M1,1,TRAV27*01,TRAJ27*01,CAGALTNAGKSTF,TRBV19*01,TRBJ2-7*01,CASSIRASYEQYF,clone_143
human_subject0028,M1,1,TRAV27*01,TRAJ42*01,CAGAMGGGSQGNLIF,TRBV19*01,TRBJ2-7*01,CASSIRASYEQYF,clone_144
human_subject0025,M1,1,TRAV27*01,TRAJ37*01,CAGAMGSSNTGKLIF,TRBV19*01,TRBJ2-7*01,CASSIRSAYEQYF,clone_145
human_subject0015,M1,1,TRAV27*01,TRAJ37*01,CAGAPGSSNTGKLIF,TRBV19*02,TRBJ2-7*01,CASSTRSSYEQYF,clone_146
human_subject0013,M1,1,TRAV27*01,TRAJ40*01,CAGAPRTSGTYKYIF,TRBV19*01,TRBJ1-1*01,CASSILTGPRTEAFF,clone_147
human_subject0027,M1,1,TRAV27*01,TRAJ37*01,CAGAPSSSNTGKLIF,TRBV19*01,TRBJ2-7*01,CASSIRSAYEQYF,clone_148
human_subject0026,M1,1,TRAV27*01,TRAJ52*01,CAGARAGGTSYGKLTF,TRBV20-1*01,TRBJ1-2*01,CSARVRGDVYGYTF,clone_149
human_subject0027,M1,1,TRAV25*01,TRAJ42*01,CAGASGGGSQGNLIF,TRBV19*01,TRBJ2-3*01,CASSGRSTDTQYF,clone_150
human_subject0025,M1,1,TRAV27*01,TRAJ37*01,CAGASGNTGKLIF,TRBV19*01,TRBJ2-7*01,CASSIRSSYEQYF,clone_151
human_subject0027,M1,1,TRAV27*01,TRAJ37*01,CAGASGSSNTGKLIF,TRBV19*01,TRBJ2-7*01,CASSIRSAYEQYF,clone_152
human_subject0025,M1,1,TRAV27*01,TRAJ37*01,CAGASGSSNTGKLIF,TRBV19*01,TRBJ2-7*01,CASSIRSGWEQYF,clone_153
human_subject0007,M1,1,TRAV27*01,TRAJ37*01,CAGASGSSNTGKLIF,TRBV19*02,TRBJ2-7*01,CASSIRSSYEQYF,clone_154
human_subject0028,M1,1,TRAV27*01,TRAJ37*01,CAGASGSSNTGKLIF,TRBV19*01,TRBJ2-7*01,CASSIRSAYEQYF,clone_155
human_subject0025,M1,1,TRAV27*01,TRAJ42*01,CAGATGGSQGNLIF,TRBV19*01,TRBJ2-7*01,CASSIRSDYEQYF,clone_156
human_subject0009,M1,1,TRAV27*01,TRAJ37*01,CAGATGNTGKLIF,TRBV19*02,TRBJ2-7*01,CASSTRSGYEQYF,clone_157
human_subject0012,M1,1,TRAV27*01,TRAJ37*01,CAGAVGSSNTGKLIF,TRBV19*02,TRBJ2-7*01,CASSIRSGYEQYF,clone_158
human_subject0025,M1,1,TRAV27*01,TRAJ37*01,CAGAVGSSNTGKLIF,TRBV19*01,TRBJ2-7*01,CASSIRSSYEQYF,clone_159
human_subject0027,M1,1,TRAV27*01,TRAJ37*01,CAGAVGSSNTGKLIF,TRBV19*01,TRBJ2-7*01,CASSIRSSYEQYF,clone_160
human_subject0015,M1,1,TRAV27*01,TRAJ37*01,CAGAVGSSNTGKLIF,TRBV19*02,TRBJ2-7*01,CASSIRSSYEQYF,clone_161
human_subject0028,M1,1,TRAV27*01,TRAJ37*01,CAGAVGSSNTGKLIF,TRBV19*01,TRBJ2-7*01,CASSIRSAYEQYF,clone_162
human_subject0014,M1,1,TRAV27*01,TRAJ42*01,CAGAYGGSQGNLIF,TRBV19*02,TRBJ2-2*01,CASSIRSTGELFF,clone_163
human_subject0011,M1,1,TRAV27*01,TRAJ42*01,CAGDLVIYGGSQGNLIF,TRBV19*02,TRBJ2-7*01,CASSIRSSYEQYF,clone_164
human_subject0019,pp65,1,TRAV27*01,TRAJ31*01,CAGDNNARLMF,TRBV27*01,TRBJ2-1*01,CASSSDPSGGGYNEQFF,clone_165
human_subject0025,M1,1,TRAV27*01,TRAJ42*01,CAGEGGGSQGNLIF,TRBV19*01,TRBJ2-7*01,CASSIRSSYEQYF,clone_166
human_subject0015,M1,1,TRAV27*01,TRAJ42*01,CAGEGGGSQGNLIF,TRBV19*02,TRBJ2-7*01,CASSIRSSYEQYF,clone_167
human_subject0012,M1,1,TRAV27*01,TRAJ42*01,CAGGDGGSQGNLIF,TRBV19*02,TRBJ2-2*01,CASSIRSTGELFF,clone_168
human_subject0028,M1,1,TRAV27*01,TRAJ42*01,CAGGGNGGSQGNLIF,TRBV19*01,TRBJ2-7*01,CASSIRSSYEQYF,clone_169
human_subject0027,M1,1,TRAV12-2*01,TRAJ42*01,CAGGGSQGNLIF,TRBV19*01,TRBJ2-1*01,CASSIRSQVEQFF,clone_170
human_subject0015,M1,1,TRAV27*01,TRAJ42*01,CAGGGSQGNLIF,TRBV19*01,TRBJ2-7*01,CAPLKGSSYEQYF,clone_171
human_subject0015,M1,1,TRAV27*01,TRAJ42*01,CAGGGSQGNLIF,TRBV19*01,TRBJ2-7*01,CASIIRSSYEQYF,clone_172
human_subject0015,M1,1,TRAV27*01,TRAJ42*01,CAGGGSQGNLIF,TRBV19*02,TRBJ2-1*01,CASSIRSSYEQFF,clone_173
human_subject0025,M1,1,TRAV27*01,TRAJ42*01,CAGGGSQGNLIF,TRBV19*01,TRBJ2-7*01,CASSIRSSYEQYF,clone_174
human_subject0026,M1,1,TRAV27*01,TRAJ42*01,CAGGGSQGNLIF,TRBV19*01,TRBJ2-7*01,CASSIRSSYEQYF,clone_175
human_subject0027,M1,1,TRAV27*01,TRAJ42*01,CAGGGSQGNLIF,TRBV19*01,TRBJ2-7*01,CASSIRSSYEQYF,clone_176
human_subject0009,M1,1,TRAV27*01,TRAJ42*01,CAGGGSQGNLIF,TRBV19*02,TRBJ2-7*01,CASSIRSSYEQYF,clone_177
human_subject0011,M1,1,TRAV27*01,TRAJ42*01,CAGGGSQGNLIF,TRBV19*02,TRBJ2-7*01,CASSIRSSYEQYF,clone_178
human_subject0012,M1,1,TRAV27*01,TRAJ42*01,CAGGGSQGNLIF,TRBV19*02,TRBJ2-7*01,CASSIRSSYEQYF,clone_179
human_subject0014,M1,1,TRAV27*01,TRAJ42*01,CAGGGSQGNLIF,TRBV19*02,TRBJ2-7*01,CASSIRSSYEQYF,clone_180
human_subject0015,M1,1,TRAV27*01,TRAJ42*01,CAGGGSQGNLIF,TRBV19*02,TRBJ2-7*01,CASSIRSSYEQYF,clone_181
human_subject0027,M1,1,TRAV27*01,TRAJ42*01,CAGGGSQGNLIF,TRBV19*01,TRBJ2-7*01,CASSVRSSYEQYF,clone_182
human_subject0015,M1,1,TRAV27*01,TRAJ42*01,CAGGGSQGNLIF,TRBV19*01,TRBJ2-7*01,CASSVRSSYEQYF,clone_183
human_subject0028,M1,1,TRAV27*01,TRAJ42*01,CAGGGSQGNLIF,TRBV19*01,TRBJ2-7*01,CASSIRSSYEQYF,clone_184
human_subject0025,M1,1,TRAV27*01,TRAJ37*01,CAGGGSSNTGKLIF,TRBV19*01,TRBJ2-7*01,CASSIRSAYEQYF,clone_185
human_subject0027,M1,1,TRAV27*01,TRAJ37*01,CAGGGSSNTGKLIF,TRBV19*01,TRBJ2-7*01,CASSIRSSYEQYF,clone_186
human_subject0027,M1,1,TRAV27*01,TRAJ36*01,CAGGRQTGANNLFF,TRBV6-3*01,TRBJ2-5*01,CASSYLEGSETQETQYF,clone_187
human_subject0027,M1,1,TRAV27*01,TRAJ42*01,CAGGTGGSQGNLIF,TRBV19*01,TRBJ2-7*01,CASSIRSGYEQYF,clone_188
human_subject0026,M1,1,TRAV1-2*01,TRAJ26*01,CAGIDNYGQNFVF,TRBV5-4*01,TRBJ1-5*01,CASSGGRNQPQHF,clone_189
human_subject0020,pp65,1,TRAV25*01,TRAJ50*01,CAGKTSYDKVIF,TRBV25-1*01,TRBJ2-7*01,CATEQGMHEQYF,clone_190
human_subject0026,M1,1,TRAV8-4*01,TRAJ6*01,CAGLSGGSYIPTF,TRBV14*01,TRBJ2-5*01,CASSQDWGAGTQYF,clone_191
human_subject0027,M1,1,TRAV25*01,TRAJ42*01,CAGNYGGSQGNLIF,TRBV19*01,TRBJ2-3*01,CASSLRSTDTQYF,clone_192
human_subject0027,M1,1,TRAV27*01,TRAJ42*01,CAGNYGGSQGNLIF,TRBV19*01,TRBJ2-7*01,CASSSRASYEQYF,clone_193
human_subject0027,M1,1,TRAV35*01,TRAJ42*01,CAGNYGGSQGNLIF,TRBV19*01,TRBJ2-7*01,CASSIRGSGEQYF,clone_194
human_subject0007,M1,1,TRAV35*01,TRAJ37*01,CAGPDGSSNTGKLIF,TRBV27*01,TRBJ2-7*01,CASSLIFPSGEQYF,clone_195
human_subject0027,M1,1,TRAV35*01,TRAJ42*01,CAGPDTYRDGGSQGNLIF,TRBV19*01,TRBJ2-1*01,CASSPRSGNEQFF,clone_196
human_subject0025,M1,1,TRAV25*01,TRAJ42*01,CAGPEDGGSQGNLIF,TRBV19*01,TRBJ2-1*01,CASSIRSSGPQFF,clone_197
human_subject0028,M1,1,TRAV27*01,TRAJ28*01,CAGPEGGYSGAGSYQLTF,TRBV9*01,TRBJ2-3*01,CASSVSGATADTQYF,clone_198
human_subject0007,M1,1,TRAV27*01,TRAJ31*01,CAGPFGRLMF,TRBV27*01,TRBJ2-7*01,CASSLFPGFGEQYF,clone_199
human_subject0021,pp65,1,TRAV35*01,TRAJ50*01,CAGPMKTSYDKVIF,TRBV12-4*01,TRBJ1-2*01,CASASANYGYTF,clone_200
human_subject0031,M1,1,TRAV35*01,TRAJ50*01,CAGPMKTSYDKVIF,TRBV12-4*01,TRBJ1-2*01,CASSSANYGYTF,clone_201
human_subject0018,pp65,1,TRAV35*01,TRAJ50*01,CAGPRETSYDKVIF,TRBV12-4*01,TRBJ1-2*01,CASASANYGYTF,clone_202
human_subject0010,pp65,1,TRAV35*01,TRAJ50*01,CAGPRETSYDKVIF,TRBV12-4*01,TRBJ1-2*01,CASSSAYYGYTF,clone_203
human_subject0010,pp65,1,TRAV35*01,TRAJ42*01,CAGQASQGNLIF,TRBV12-4*01,TRBJ1-2*01,CASSIQALLTF,clone_204
human_subject0025,M1,1,TRAV35*01,TRAJ42*01,CAGQLGGGSQGNLIF,TRBV19*01,TRBJ2-5*01,CASSIRSSETQYF,clone_205
human_subject0007,M1,1,TRAV35*01,TRAJ42*01,CAGRDGGSQGNLIF,TRBV5-6*01,TRBJ2-7*01,CASSSRSRQYRGSSYEQYF,clone_206
human_subject0007,M1,1,TRAV35*01,TRAJ42*01,CAGRDGGSQGNLIF,TRBV5-6*01,TRBJ2-7*01,CASSSRSRQYRGSSYEQYF,clone_207
human_subject0027,M1,1,TRAV27*01,TRAJ42*01,CAGSDGGSQGNLIF,TRBV19*01,TRBJ2-3*01,CASSMRSTDTQYF,clone_208
human_subject0019,pp65,1,TRAV25*01,TRAJ44*01,CAGSGTASKLTF,TRBV19*01,TRBJ2-2*01,CASGEGGELFF,clone_209
human_subject0027,M1,1,TRAV27*01,TRAJ42*01,CAGSQNYGGSQGNLIF,TRBV19*01,TRBJ2-3*01,CASSWVSLDTQYF,clone_210
human_subject0027,M1,1,TRAV27*01,TRAJ42*01,CAGSSGGSQGNLIF,TRBV19*01,TRBJ2-7*01,CASSYRSSYEQYF,clone_211
human_subject0028,M1,1,TRAV35*01,TRAJ8*01,CAGTGFQKLVF,TRBV12-4*01,TRBJ2-3*01,CASSLGDRPSTDTQYF,clone_212
human_subject0027,M1,1,TRAV27*01,TRAJ42*01,CAGVDGGSQGNLIF,TRBV19*01,TRBJ2-7*01,CASSTRSAYEQYF,clone_213
human_subject0025,M1,1,TRAV27*01,TRAJ42*01,CAGVEYGGSQGNLIF,TRBV19*01,TRBJ2-1*01,CASSIRSSVEQFF,clone_214
human_subject0025,M1,1,TRAV27*01,TRAJ42*01,CAGVGGGSQGNLIF,TRBV19*01,TRBJ2-7*01,CASSIRASYEQYF,clone_215
human_subject0027,M1,1,TRAV27*01,TRAJ42*01,CAGVGGGSQGNLIF,TRBV19*01,TRBJ2-7*01,CASSIRASYEQYF,clone_216
human_subject0025,M1,1,TRAV27*01,TRAJ42*01,CAGVGGGSQGNLIF,TRBV19*01,TRBJ2-7*01,CASSIRSSYEQYF,clone_217
human_subject0027,M1,1,TRAV27*01,TRAJ42*01,CAGVGGGSQGNLIF,TRBV19*01,TRBJ2-7*01,CASSIRSSYEQYF,clone_218
human_subject0025,M1,1,TRAV35*01,TRAJ42*01,CAGVTYGGSQGNLIF,TRBV19*01,TRBJ2-7*01,CASSLRSSYEQYF,clone_219
human_subject0027,M1,1,TRAV27*01,TRAJ42*01,CAGVYGGSQGNLIF,TRBV19*01,TRBJ2-7*01,CASSIRSAHEQYF,clone_220
human_subject0006,BMLF,1,TRAV5*01,TRAJ31*01,CAHDNNARLMF,TRBV20-1*01,TRBJ1-2*01,CSARDGTGNGYTF,clone_221
human_subject0006,BMLF,1,TRAV5*01,TRAJ31*01,CAHDNNARLMF,TRBV20-1*01,TRBJ1-2*01,CSARDRTGNGYTF,clone_222
human_subject0025,M1,1,TRAV12-2*01,TRAJ42*01,CAHGGSQGNLIF,TRBV19*01,TRBJ2-7*01,CASSIRSSYEQYF,clone_223
human_subject0018,pp65,1,TRAV5*01,TRAJ37*01,CAHLGGSSNTGKLIF,TRBV28*01,TRBJ1-2*01,CAVNGGSNYGYTF,clone_224
human_subject0019,pp65,1,TRAV6*01,TRAJ9*01,CAIDTGGFKTIF,TRBV6-1*01,TRBJ1-5*01,CASSGTDSNQPQHF,clone_225
human_subject0012,M1,1,TRAV23/DV6*01,TRAJ42*01,CALAGSQGNLIF,TRBV19*02,TRBJ2-7*01,CASSIRASYEQYF,clone_226
human_subject0012,M1,1,TRAV6*01,TRAJ42*01,CALDMGGGSQGNLIF,TRBV19*02,TRBJ2-3*01,CASSARSTDTQYF,clone_227
human_subject0015,M1,1,TRAV6*01,TRAJ42*01,CALDMGGGSQGNLIF,TRBV19*02,TRBJ2-3*01,CASSIRAADTQYF,clone_228
human_subject0015,M1,1,TRAV6*01,TRAJ42*01,CALDMGGGSQGNLIF,TRBV19*02,TRBJ2-3*01,CASSIRSTDTQYF,clone_229
human_subject0026,M1,1,TRAV19*01,,CALDSSDGQKLLF,TRBV27*01,TRBJ2-7*01,CASSPLIGEQYF,clone_230
human_subject0028,M1,1,TRAV14/DV4*02,TRAJ13*02,CALHSGGYQKVTF,TRBV27*01,TRBJ2-7*01,CASSPTRPVEQYF,clone_231
human_subject0013,M1,1,TRAV9-2*01,TRAJ56*01,CALIAGANSKLTF,TRBV19*02,TRBJ2-3*01,CASSIAPTDTQYF,clone_232
human_subject0011,M1,1,TRAV19*01,TRAJ31*01,CALLYARLMF,TRBV19*02,TRBJ2-7*01,CASSIRSSYEQYF,clone_233
human_subject0026,M1,1,TRAV3*01,TRAJ20*01,CALNDYKLSF,TRBV6-1*01,TRBJ2-1*01,CASSEAISGAWDEQFF,clone_234
human_subject0001,BMLF,1,TRAV19*01,TRAJ10*01,CALNPTGGGNKLTF,TRBV3-1*01,TRBJ2-7*01,CASSPVSGSSYEQYF,clone_235
human_subject0005,BMLF,1,TRAV6*01,TRAJ30*01,CALPMNRDDKIIF,TRBV11-2*01,TRBJ2-7*01,CASSYAYDGSYEQYF,clone_236
human_subject0004,BMLF,1,TRAV16*01,TRAJ48*01,CALRCFGNEKLTF,TRBV29-1*01,TRBJ2-5*01,CSVPGTVQETQYF,clone_237
human_subject0004,BMLF,1,TRAV16*01,TRAJ48*01,CALRCFGNEKLTF,TRBV29-1*01,TRBJ2-5*01,CSVPITVQETQYF,clone_238
human_subject0004,BMLF,1,TRAV16*01,TRAJ48*01,CALRCFGNEKLTF,TRBV29-1*01,TRBJ2-5*01,CSVPSTVQETQYF,clone_239
human_subject0030,M1,1,TRAV16*01,TRAJ30*01,CALRVMNRDDKIIF,TRBV19*01,TRBJ2-2*01,CASSTKDGGTGELFF,clone_240
human_subject0030,M1,1,TRAV16*01,TRAJ30*01,CALRVMNRDDKIIF,TRBV19*01,TRBJ2-2*01,CASSTKEGGTGELFF,clone_241
human_subject0030,M1,1,TRAV16*01,TRAJ30*01,CALRVMNRDDKIIF,TRBV19*01,TRBJ2-2*01,CASSTKVGGTGELFF,clone_242
human_subject0019,pp65,1,TRAV19*01,TRAJ21*01,CALSDAYNFNKFYF,TRBV13*01,TRBJ1-2*01,CASSDDRVRYGYTF,clone_243
human_subject0029,M1,1,TRAV19*01,TRAJ15*01,CALSDLNQAGTALIF,TRBV7-8*01,TRBJ2-5*01,CASSYGIAGKETQYF,clone_244
human_subject0014,M1,1,TRAV19*01,TRAJ53*01,CALSDSGGSNYKLTF,TRBV19*02,TRBJ2-4*01,CASSIFSGGQNIQYF,clone_245
human_subject0019,pp65,1,TRAV19*01,TRAJ30*01,CALSDVGMNRDDKIIF,TRBV4-1*01,TRBJ2-1*01,CASSQGLGREGASEQFF,clone_246
human_subject0026,M1,1,TRAV19*01,TRAJ50*01,CALSEAGKTSYDKVIF,TRBV4-1*01,TRBJ2-7*01,CASSQVEAFYEQYF,clone_247
human_subject0026,M1,1,TRAV19*01,TRAJ6*01,CALSEAGRGGSYIPTF,TRBV19*01,TRBJ1-1*01,CASSIFGGAEAFF,clone_248
human_subject0030,M1,1,TRAV19*01,TRAJ10*01,CALSEALVTGGGNKLTF,TRBV27*01,TRBJ1-2*01,CASSLSRRGPNYGYTF,clone_249
human_subject0026,M1,1,TRAV19*01,TRAJ39*01,CALSEASGNAGNMLTF,TRBV27*01,TRBJ2-7*01,CASSSPTSGDYEQYF,clone_250
human_subject0028,M1,1,TRAV19*01,TRAJ40*01,CALSEATSGTYKYIF,TRBV7-2*01,TRBJ2-7*01,CASSRGQLYEQYF,clone_251
human_subject0019,pp65,1,TRAV19*01,TRAJ20*01,CALSGDDYKLSF,TRBV9*01,TRBJ2-7*01,CASSVASGRAHEQYF,clone_252
human_subject0031,M1,1,TRAV19*01,,CALSGETSGSRLTF,TRBV12-5*01,TRBJ2-7*01,CASGLVPEGLVYEQYF,clone_253
human_subject0031,M1,1,TRAV19*01,,CALSGETSGSRLTF,TRBV12-5*01,TRBJ2-7*01,CASGLVPGGLVYEQYF,clone_254
human_subject0031,M1,1,TRAV19*01,,CALSGETSGSRLTF,TRBV12-5*01,TRBJ2-7*01,CASGLVPGGVVYEQYF,clone_255
human_subject0027,M1,1,TRAV19*01,TRAJ20*01,CALSGSDYKLSF,TRBV20-1*01,TRBJ2-7*01,CSARGGDSVLRVGEQYF,clone_256
human_subject0029,M1,1,TRAV19*01,TRAJ17*01,CALSGSSVGAAGNKLTF,TRBV9*01,TRBJ2-1*01,CASSVVASSYNEQFF,clone_257
human_subject0028,M1,1,TRAV9-2*01,TRAJ52*01,CALSRAGGTSYGKLTF,TRBV13*01,TRBJ1-4*01,CASSSRQGAANEKLFF,clone_258
human_subject0025,M1,1,TRAV25*01,TRAJ42*01,CAMNYGGSQGNLIF,TRBV19*01,TRBJ2-3*01,CASSTRSTDTQYF,clone_259
human_subject0026,M1,1,TRAV14/DV4*01,TRAJ57*01,CAMRDSQGGSEKLVF,TRBV6-3*01,TRBJ2-1*01,CASSYGLEQFF,clone_260
human_subject0002,BMLF,1,TRAV14/DV4*01,TRAJ33*01,CAMREVMDSNYQLIW,TRBV9*01,TRBJ2-3*01,CASSVAQLAGGTDTQYF,clone_261
human_subject0025,M1,1,TRAV14/DV4*01,TRAJ52*01,CAMRGDAGGTSYGKLTF,TRBV19*01,TRBJ1-5*01,CASRIDSNQPQHF,clone_262
human_subject0025,M1,1,TRAV14/DV4*01,TRAJ52*01,CAMRGDAGGTSYGKLTF,TRBV19*02,TRBJ1-5*01,CASSIDSNQPQHF,clone_263
human_subject0011,M1,1,TRAV14/DV4*02,TRAJ52*01,CAMRGDPGGTSYGKLTF,TRBV19*02,TRBJ1-1*01,CASSILSNTEAFF,clone_264
human_subject0008,M1,1,TRAV12-3*01,TRAJ31*01,CAMSERNKARLMF,TRBV19*01,TRBJ2-1*01,CASGAGGPLNEQFF,clone_265
human_subject0008,M1,1,TRAV12-3*01,TRAJ31*01,CAMSERNNARLMF,TRBV19*01,TRBJ2-1*01,CASGAGGPLNEQFF,clone_266
human_subject0025,M1,1,TRAV12-3*01,TRAJ42*01,CAMSGDGGSQGNLIF,TRBV19*01,TRBJ2-7*01,CASSIRASYEQYF,clone_267
human_subject0011,M1,1,TRAV12-3*01,TRAJ42*01,CAMSGEGGSQGNLIF,TRBV19*02,TRBJ2-2*01,CASSMRSAGELFF,clone_268
human_subject0029,M1,1,TRAV14/DV4*01,TRAJ45*01,CAMSLYSGGGADGLTF,TRBV28*01,TRBJ2-5*01,CASRPPPAGQKETQYF,clone_269
human_subject0015,M1,1,TRAV24*01,TRAJ42*01,CAQGDGGSQGNLIF,TRBV19*01,TRBJ2-3*01,CASSGRSTDTQYF,clone_270
human_subject0016,pp65,1,TRAV24*01,TRAJ49*01,CARNTGNQFYF,TRBV6-5*01,TRBJ1-2*01,CASSAQTGASYGYTF,clone_271
human_subject0030,M1,1,TRAV24*01,TRAJ49*01,CARNTGNQFYF,TRBV6-5*01,TRBJ1-2*01,CASSKQTGTGNYGYTF,clone_272
human_subject0024,pp65,1,TRAV24*01,TRAJ49*01,CARNTGNQFYF,TRBV6-5*01,TRBJ1-2*01,CASSPSTGVTFYGYTF,clone_273
human_subject0024,pp65,1,TRAV24*01,TRAJ49*01,CARNTGNQFYF,TRBV6-5*01,TRBJ1-2*01,CASSWKTGTGGTGYTF,clone_274
human_subject0022,pp65,1,TRAV24*01,TRAJ49*01,CARNTGNQFYF,TRBV6-5*01,TRBJ1-2*01,CASSYQTGTGVYGYTF,clone_275
human_subject0024,pp65,1,TRAV24*01,TRAJ49*01,CARNTGNQFYF,TRBV30*01,TRBJ2-4*01,CAWSISDLAKNIQYF,clone_276
human_subject0001,BMLF,1,TRAV5*01,TRAJ31*01,CASDNNARLMF,TRBV20-1*01,TRBJ1-2*01,CSARDSTGNGYTF,clone_277
human_subject0013,M1,1,TRAV12-2*01,TRAJ42*01,CASGGSQGNLIF,TRBV19*02,TRBJ2-7*01,CASSSRSAYEQYF,clone_278
human_subject0006,BMLF,1,TRAV29/DV5*01,TRAJ42*01,CASGGSQGNLIF,TRBV27*01,TRBJ2-5*01,CASSFGTFETQYF,clone_279
human_subject0006,BMLF,1,TRAV29/DV5*01,TRAJ42*01,CASGGSQGNLIF,TRBV27*01,TRBJ2-5*01,CASSIGTFETQYF,clone_280
human_subject0027,M1,1,TRAV25*01,TRAJ42*01,CASPGDGGSQGNLIF,TRBV19*01,TRBJ2-3*01,CASSPRSTDTQYF,clone_281
human_subject0016,pp65,1,TRAV9-2*01,TRAJ40*01,CASSSVNEQYF,TRBV6-5*01,TRBJ1-2*01,CASSPITGTGAYGYTF,clone_282
human_subject0013,M1,1,TRAV17*01,TRAJ43*01,CATDAIPSDMRF,TRBV19*02,TRBJ2-3*01,CASSFRSTDTQYF,clone_283
human_subject0026,M1,1,TRAV17*01,TRAJ48*01,CATDALGNGNEKLTF,TRBV19*01,TRBJ2-7*01,CATQGDNTYEQYF,clone_284
human_subject0019,pp65,1,TRAV17*01,TRAJ33*01,CATDAPSNYQLIW,TRBV2*01,TRBJ2-7*01,CASSSSGRDYEQYF,clone_285
human_subject0028,M1,1,TRAV17*01,TRAJ52*01,CATDGEYAGGTSYGKLTF,TRBV2*01,TRBJ1-1*01,CASSVRTGYTEAFF,clone_286
human_subject0025,M1,1,TRAV27*01,TRAJ42*01,CATGGSQGNLIF,TRBV19*01,TRBJ2-7*01,CASSIRSSYEQYF,clone_287
human_subject0027,M1,1,TRAV27*01,TRAJ42*01,CATGGSQGNLIF,TRBV19*01,TRBJ2-7*01,CASSTRSSYEQYF,clone_288
human_subject0025,M1,1,TRAV27*01,TRAJ42*01,CATGGSQGNLIF,TRBV19*01,TRBJ2-7*01,CASSVRSSYEQYF,clone_289
human_subject0028,M1,1,TRAV27*01,TRAJ42*01,CATGGSQGNLIF,TRBV19*01,TRBJ2-7*01,CASSIRSSYEQYF,clone_290
human_subject0010,pp65,1,TRAV22*01,TRAJ49*01,CAVADTGNQFYF,TRBV12-4*01,TRBJ2-3*01,CATAITSTQYF,clone_291
human_subject0021,pp65,1,TRAV8-3*01,TRAJ49*01,CAVAFGNQFYF,TRBV27*01,TRBJ2-1*01,CASSMTSGALYNEQFF,clone_292
human_subject0021,pp65,1,TRAV8-3*01,TRAJ49*01,CAVAFGNQLYF,TRBV27*01,TRBJ2-1*01,CASSMTSGALYNEQFF,clone_293
human_subject0012,M1,1,TRAV20*01,,CAVAPTGNVLHC,TRBV19*02,TRBJ2-2*01,CASSIRSTGELFF,clone_294
human_subject0004,BMLF,1,TRAV41*01,TRAJ33*01,CAVDDLYSNYQLIW,TRBV19*02,TRBJ2-1*01,CASSLSGGINEQFF,clone_295
human_subject0004,BMLF,1,TRAV41*01,TRAJ33*01,CAVDDLYSNYQLIW,TRBV19*02,TRBJ2-1*01,CASSLWGGINEQFF,clone_296
human_subject0004,BMLF,1,TRAV1-1*01,TRAJ10*01,CAVDDTGGGNKLTF,TRBV2*01,TRBJ2-2*01,CASSAGQVSPGELFF,clone_297
human_subject0015,M1,1,TRAV8-3*01,TRAJ27*01,CAVDDTNAGKSTF,TRBV19*02,TRBJ2-3*01,CASSLRSTDTQYF,clone_298
human_subject0025,M1,1,TRAV22*01,TRAJ42*01,CAVDGGGGSQGNLIF,TRBV19*01,TRBJ2-1*01,CASSIRSSYEQFF,clone_299
human_subject0025,M1,1,TRAV22*01,TRAJ42*01,CAVDGGGGSQGNLIF,TRBV19*01,TRBJ2-7*01,CASSIRSSYEQYF,clone_300
human_subject0027,M1,1,TRAV8-6*02,TRAJ42*01,CAVDGSQGNLIF,TRBV19*01,TRBJ1-5*01,CASSPRGGMTQHF,clone_301
human_subject0019,pp65,1,TRAV36/DV7*01,TRAJ26*01,CAVEDYGQNFVF,TRBV20-1*01,TRBJ2-5*01,CSARDRNTQGPETQYF,clone_302
human_subject0005,BMLF,1,TRAV22*01,TRAJ12*01,CAVGEDSSYKLIF,TRBV20-1*01,TRBJ2-4*01,CSAEPETSGGLQYF,clone_303
human_subject0005,BMLF,1,TRAV22*01,TRAJ12*01,CAVGEDSSYKLIF,TRBV20-1*01,TRBJ2-4*01,CSAEPGTSGGLQYF,clone_304
human_subject0013,M1,1,TRAV8-3*01,TRAJ42*01,CAVGGDGGSQGNLIF,TRBV19*01,TRBJ2-7*01,CASSVRSSYEQYF,clone_305
human_subject0027,M1,1,TRAV8-6*02,TRAJ42*01,CAVGGSQGNLIF,TRBV19*01,TRBJ2-7*01,CASSIRSSYEQYF,clone_306
human_subject0028,M1,1,TRAV21*01,TRAJ24*02,CAVGGTTDSWGKLQF,TRBV27*01,TRBJ1-5*01,CASRGSLNQPQHF,clone_307
human_subject0013,M1,1,TRAV8-6*01,TRAJ42*01,CAVGGYGGSQGNLIF,TRBV19*02,TRBJ2-7*01,CASSIRSSYEQYF,clone_308
human_subject0028,M1,1,TRAV12-2*01,TRAJ28*01,CAVHLSAYSGAGSYQLTF,TRBV4-1*01,TRBJ2-7*01,CASSQDKGRAYEQYF,clone_309
human_subject0029,M1,1,TRAV8-1*01,TRAJ52*01,CAVIGEGGKLTF,TRBV28*01,TRBJ2-3*01,CASSLLVSGVSSTDTQYF,clone_310
human_subject0026,M1,1,TRAV20*01,TRAJ15*01,CAVINQAGTALIF,TRBV28*01,TRBJ2-7*01,CASSLERNTYEQYF,clone_311
human_subject0027,M1,1,TRAV22*01,TRAJ44*01,CAVKPGTASKLTF,TRBV4-3*01,TRBJ1-1*01,CASSQDLTSEAFF,clone_312
human_subject0002,BMLF,1,TRAV29/DV5*01,TRAJ45*01,CAVLRGGADGLTF,TRBV27*01,TRBJ2-1*01,CASSSGAGLDEQFF,clone_313
human_subject0019,pp65,1,TRAV8-1*01,TRAJ20*01,CAVNAAGNDYKLSF,TRBV7-9*01,TRBJ2-5*01,CASSTRTGQETQYF,clone_314
human_subject0025,M1,1,TRAV8-1*01,TRAJ42*01,CAVNAGGGSQGNLIF,TRBV19*01,TRBJ2-7*01,CASSIRASYEQYF,clone_315
human_subject0025,M1,1,TRAV12-2*01,TRAJ42*01,CAVNGGGGSQGNLIF,TRBV19*01,TRBJ2-7*01,CASSTRAAYEQYF,clone_316
human_subject0006,BMLF,1,TRAV12-2*01,TRAJ33*01,CAVNIDNMDSNYQLIW,TRBV9*01,TRBJ2-7*01,CASSVGGEAYEQYF,clone_317
human_subject0006,BMLF,1,TRAV12-2*01,TRAJ33*01,CAVNIDTMDSNYQLIW,TRBV9*01,TRBJ2-7*01,CASSVGGEAYEQYF,clone_318
human_subject0026,M1,1,TRAV3*01,TRAJ48*01,CAVNLNEKLTF,TRBV20-1*01,TRBJ2-1*01,CSARDGTRAHYEQFF,clone_319
human_subject0030,M1,1,TRAV12-2*01,TRAJ26*01,CAVNNYGQNFVF,TRBV9*01,TRBJ1-2*01,CASSVEDYGSVSYGYTF,clone_320
human_subject0008,M1,1,TRAV12-2*01,TRAJ47*01,CAVNPAEYGNKLVF,TRBV18*01,TRBJ2-7*01,CASSRVGTTYEQYF,clone_321
human_subject0015,M1,1,TRAV12-2*01,TRAJ37*01,CAVNPSNTGKLIF,TRBV19*02,TRBJ2-7*01,CASSSRSSYEQYF,clone_322
human_subject0004,BMLF,1,TRAV5*01,TRAJ4*01,CAVPAEGGYNKLIF,TRBV20-1*01,TRBJ1-2*01,CSARDSTGNGYTF,clone_323
human_subject0015,M1,1,TRAV8-3*01,TRAJ42*01,CAVPKGSQGNLIF,TRBV19*02,TRBJ2-7*01,CASSIRSSYEQYF,clone_324
human_subject0015,M1,1,TRAV8-3*01,TRAJ42*01,CAVPKGSQGNLIF,TRBV19*02,TRBJ2-7*01,CASSIRSSYEQYF,clone_325
human_subject0012,M1,1,TRAV21*01,TRAJ27*01,CAVPNTNAGKSTF,TRBV19*02,TRBJ1-4*01,CASSSRSGNEKLFF,clone_326
human_subject0029,M1,1,TRAV3*01,TRAJ24*02,CAVPPDSWGKLQF,TRBV3-1*01,TRBJ2-3*01,CASSQDLAGEGTDTQYF,clone_327
human_subject0004,BMLF,1,TRAV5*01,TRAJ4*01,CAVPPEGGYNKLIF,TRBV20-1*01,TRBJ1-2*01,CSARDSTGNGYTF,clone_328
human_subject0004,BMLF,1,TRAV5*01,TRAJ4*01,CAVPVEGGYNKLIF,TRBV20-1*01,TRBJ1-2*01,CSARDSTGNGYTF,clone_329
human_subject0028,M1,1,TRAV13-1*01,TRAJ47*01,CAVPYGNKLVF,TRBV6-6*01,TRBJ1-1*01,CASTTGTVNTEAFF,clone_330
human_subject0029,M1,1,TRAV12-2*01,TRAJ45*01,CAVPYSGGGADGLTF,TRBV24-1*01,TRBJ2-5*01,CATSDFPPGVRGAPQETQYF,clone_331
human_subject0029,M1,1,TRAV41*01,TRAJ48*01,CAVRANFGNEKLTF,TRBV6-3*01,TRBJ2-2*01,CASSYPLLYSGANTGELFF,clone_332
human_subject0019,pp65,1,TRAV1-2*01,TRAJ12*01,CAVRATDSSYKLIF,TRBV7-9*01,TRBJ2-7*01,CASSFPKDGSTYEQYF,clone_333
human_subject0004,BMLF,1,TRAV1-1*01,TRAJ48*01,CAVRCFGNEKLTF,TRBV29-1*01,TRBJ2-5*01,CSVPIAVQETQYF,clone_334
human_subject0004,BMLF,1,TRAV1-1*01,TRAJ48*01,CAVRCFGNEKLTF,TRBV29-1*01,TRBJ2-5*01,CSVPITVQETQYF,clone_335
human_subject0004,BMLF,1,TRAV1-1*01,TRAJ48*01,CAVRCFGNEKLTF,TRBV29-1*01,TRBJ2-5*01,CSVPSTVQETQYF,clone_336
human_subject0012,M1,1,TRAV3*01,TRAJ36*01,CAVRDGTGANNLFF,TRBV19*02,TRBJ2-2*01,CASSISSTGELFF,clone_337
human_subject0012,M1,1,TRAV3*01,TRAJ36*01,CAVRDGTGANNLFF,TRBV19*01,TRBJ2-5*01,CASSPPPGAVETQYF,clone_338
human_subject0025,M1,1,TRAV3*01,TRAJ47*01,CAVRDIGEYGNKLVF,TRBV19*01,TRBJ2-1*01,CASGGLVHEQFF,clone_339
human_subject0018,pp65,1,TRAV1-1*01,TRAJ9*01,CAVRDNFITGGFKTIF,TRBV2*01,TRBJ1-4*01,CASSYFDEKLFF,clone_340
human_subject0019,pp65,1,TRAV3*01,TRAJ15*01,CAVRDNQAGTALIF,TRBV9*01,TRBJ2-1*01,CASSAGSGSGYNEQFF,clone_341
human_subject0018,pp65,1,TRAV1-1*01,TRAJ9*01,CAVRDNSITGGFKTIF,TRBV2*01,TRBJ1-4*01,CASSYFDEKLFF,clone_342
human_subject0019,pp65,1,TRAV1-2*01,TRAJ33*01,CAVRDSNYQLIW,TRBV6-1*01,TRBJ1-1*01,CASSDAENTEAFF,clone_343
human_subject0019,pp65,1,TRAV1-2*01,TRAJ33*01,CAVRDSNYQLIW,TRBV6-5*01,TRBJ1-1*01,CASSKGEVTEAFF,clone_344
human_subject0019,pp65,1,TRAV1-2*01,TRAJ39*01,CAVREDNAGNMLTF,TRBV12-4*01,TRBJ2-1*01,CASGPLLLMTNEQFF,clone_345
human_subject0019,pp65,1,TRAV1-2*01,,CAVREGGQKLLF,TRBV24-1*01,TRBJ1-1*01,CATSDRTSATEAFF,clone_346
human_subject0015,M1,1,TRAV3*01,TRAJ47*01,CAVREVEYGNKLVF,TRBV19*02,TRBJ1-2*01,CASSIGYYGYTF,clone_347
human_subject0013,M1,1,TRAV41*01,TRAJ48*01,CAVRKFGNEKLTF,TRBV19*02,TRBJ1-2*01,CASSIGLYGYTF,clone_348
human_subject0017,pp65,1,TRAV3*01,TRAJ31*01,CAVRNNNARLMF,TRBV12-4*01,TRBJ1-1*01,CASSIVNEAFF,clone_349
human_subject0017,pp65,1,TRAV3*01,TRAJ31*01,CAVRNNNARLMF,TRBV12-4*01,TRBJ1-1*01,CASSIVNEAFF,clone_350
human_subject0017,pp65,1,TRAV3*01,TRAJ31*01,CAVRNNNARLMF,TRBV12-4*01,TRBJ1-1*01,CASSVVNEAFF,clone_351
human_subject0019,pp65,1,TRAV3*01,TRAJ3*01,CAVRPGYSSASKIIF,TRBV6-1*01,TRBJ2-7*01,CASSETSGRSPYEQYF,clone_352
human_subject0019,pp65,1,TRAV3*01,TRAJ33*01,CAVRQDYQLIW,TRBV6-5*01,TRBJ2-3*01,CASGPGTSATDTQYF,clone_353
human_subject0019,pp65,1,TRAV3*01,TRAJ33*01,CAVRQGYQLIW,TRBV6-5*01,TRBJ2-3*01,CASGPGTSATDTQYF,clone_354
human_subject0019,pp65,1,TRAV41*01,TRAJ34*01,CAVRSWSTDKLIF,TRBV9*01,TRBJ2-1*01,CASSVEGTSGRSYNEQFF,clone_355
human_subject0019,pp65,1,TRAV41*01,TRAJ47*01,CAVRVLMEYGNKLVF,TRBV6-3*01,TRBJ2-1*01,CASSPGLASPYSYNEQFF,clone_356
human_subject0028,M1,1,TRAV1-2*01,TRAJ36*01,CAVRVPDQTGANNLFF,TRBV12-4*01,TRBJ2-1*01,CASSLRVSYNEQFF,clone_357
human_subject0029,M1,1,TRAV8-4*01,TRAJ43*01,CAVSDDNDMRF,TRBV12-4*01,TRBJ2-7*01,CASSQTYEQYF,clone_358
human_subject0007,M1,1,TRAV8-6*02,TRAJ49*01,CAVSDSGTGNQFYF,TRBV28*01,TRBJ1-1*01,CASSQMTGLNTEAFF,clone_359
human_subject0014,M1,1,TRAV8-6*01,TRAJ42*01,CAVSGSQGNLIF,TRBV19*02,TRBJ2-7*01,CASSMRSSYEQYF,clone_360
human_subject0027,M1,1,TRAV8-6*02,TRAJ42*01,CAVSGSQGNLIF,TRBV19*01,TRBJ2-7*01,CASSSRSSYEQYF,clone_361
human_subject0027,M1,1,TRAV8-6*02,TRAJ42*01,CAVSGSQGNLIF,TRBV19*01,TRBJ2-7*01,CASSVRSSYEQYF,clone_362
human_subject0021,pp65,1,TRAV8-4*01,TRAJ34*01,CAVSGSYNTDKLIF,TRBV20-1*01,TRBJ2-7*01,CSARDGLAGHYEQYF,clone_363
human_subject0021,pp65,1,TRAV8-4*01,TRAJ34*01,CAVSGSYNTDKLIF,TRBV20-1*01,TRBJ2-7*01,CSARDGLTGHYEQYF,clone_364
human_subject0029,M1,1,TRAV8-6*02,TRAJ48*01,CAVSPVSNFGNEKLTF,TRBV5-6*01,TRBJ2-1*01,CASSPLSLGSPYNEQFF,clone_365
human_subject0026,M1,1,TRAV8-6*02,TRAJ12*01,CAVSVRMDSSYKLIF,TRBV4-1*01,TRBJ2-7*01,CASSQDPGYEQYF,clone_366
human_subject0025,M1,1,TRAV3*01,TRAJ42*01,CAVSYGGSQGNLIF,TRBV19*01,TRBJ2-7*01,CASSIRSSYEQYF,clone_367
human_subject0025,M1,1,TRAV3*01,TRAJ42*01,CAVTGGGSQGNLIF,TRBV19*01,TRBJ2-7*01,CASSFRSSYEQYF,clone_368
human_subject0013,M1,1,TRAV3*01,TRAJ42*01,CAVTPGGGSQGNLIF,TRBV19*02,TRBJ2-7*01,CASSPRASLEQYF,clone_369
human_subject0016,pp65,1,TRAV22*01,TRAJ50*01,CAVTPPPSYDKVIF,TRBV12-4*01,TRBJ1-2*01,CASSSVSGYTF,clone_370
human_subject0015,M1,1,TRAV12-2*01,TRAJ37*01,CAVTPSNTGKLIF,TRBV19*02,TRBJ2-7*01,CASSIRSAYEQYF,clone_371
human_subject0025,M1,1,TRAV3*01,TRAJ37*01,CAVTSNTGKLIF,TRBV19*01,TRBJ2-7*01,CASSIRSSYEQYF,clone_372
human_subject0030,M1,1,TRAV1-1*01,TRAJ37*01,CAVVASNTGKLIF,TRBV4-1*01,TRBJ2-5*01,CASSPRDGQETQYF,clone_373
human_subject0019,pp65,1,TRAV20*01,TRAJ15*01,CAVVDQAGTALIF,TRBV4-1*01,TRBJ2-1*01,CASSAGGGSYNEQFF,clone_374
human_subject0006,BMLF,1,TRAV21*01,TRAJ41*01,CAVYSNSGYALNF,TRBV3-1*01,TRBJ2-1*01,CASSPDREGGDRGYNEQFF,clone_375
human_subject0006,BMLF,1,TRAV21*01,TRAJ41*01,CAVYSNSGYALNF,TRBV29-1*01,TRBJ1-4*01,CSVGTGGTNEKLFF,clone_376
human_subject0015,M1,1,TRAV38-2/DV8*01,TRAJ52*01,CAWGHNAGGTSYGKLTF,TRBV19*02,TRBJ1-2*01,CASSIGLYGYTF,clone_377
human_subject0026,M1,1,TRAV38-2/DV8*01,TRAJ30*01,CAYEVRDDKIIF,TRBV6-5*01,TRBJ1-1*01,CASSYSGHVNTEAFF,clone_378
human_subject0015,M1,1,TRAV27*01,TRAJ42*01,CAYGGSQGNLIF,TRBV19*02,TRBJ2-7*01,CASSIRSSYEQYF,clone_379
human_subject0028,M1,1,TRAV27*01,TRAJ42*01,CAYGGSQGNLIF,TRBV19*01,TRBJ2-7*01,CASSIRSSYEQYF,clone_380
human_subject0013,M1,1,TRAV38-2/DV8*01,TRAJ52*01,CAYSPGAGGTSYGKLTF,TRBV19*02,TRBJ1-2*01,CASSIGLYGYTF,clone_381
human_subject0014,M1,1,TRAV38-2/DV8*01,TRAJ52*01,CAYSTNAGGTSYGKLTF,TRBV19*02,TRBJ1-2*01,CASSLGIYGYTF,clone_382
human_subject0015,M1,1,TRAV38-2/DV8*01,TRAJ52*01,CAYSVNAGGTSYGKLTF,TRBV19*02,TRBJ1-2*01,CASSIGTYGYTF,clone_383
human_subject0028,M1,1,TRAV38-2/DV8*01,TRAJ42*01,CAYSYGGSQGNLIF,TRBV6-1*01,TRBJ2-7*01,CASSDGTGGILYEQYF,clone_384
human_subject0025,M1,1,TRAV25*01,TRAJ42*01,CDGVGGGSQGNLIF,TRBV19*01,TRBJ1-5*01,CASSDRATQPQHF,clone_385
human_subject0013,M1,1,TRAV30*01,TRAJ42*01,CGISLGGGSQGNLIF,TRBV19*02,TRBJ2-3*01,CASSTRSTDTQYF,clone_386
human_subject0030,M1,1,TRAV26-1*01,TRAJ4*01,CIAGASFSGGYNKLIF,TRBV20-1*01,TRBJ2-1*01,CSANSDRVSYNEQFF,clone_387
human_subject0031,M1,1,TRAV26-2*01,TRAJ45*01,CIAHGGGGADGLTF,TRBV24-1*01,TRBJ2-6*01,CATSDGLAGGWANVLTF,clone_388
human_subject0004,BMLF,1,TRAV26-2*01,TRAJ12*01,CILGMDSSYKLIF,TRBV29-1*01,TRBJ2-2*01,CSVPGLAVPGELFF,clone_389
human_subject0024,pp65,1,TRAV26-2*01,TRAJ43*01,CILSNNNDMCF,TRBV30*01,TRBJ2-4*01,CAWSISDLAKNIQYF,clone_390
human_subject0024,pp65,1,TRAV26-2*01,TRAJ43*01,CILSNNNDMRF,TRBV6-5*01,TRBJ1-2*01,CASSPSTGVTFYGYTF,clone_391
human_subject0024,pp65,1,TRAV26-2*01,TRAJ43*01,CILSNNNDMRF,TRBV30*01,TRBJ2-4*01,CAWSISDLAKNIQYF,clone_392
human_subject0018,pp65,1,TRAV26-2*01,TRAJ43*01,CILSNNNDMRF,TRBV30*01,TRBJ1-1*01,CAWSVSDVANTEAFF,clone_393
human_subject0024,pp65,1,TRAV26-2*01,TRAJ43*01,CILSNNNDMRF,TRBV20-1*01,TRBJ1-5*01,CSAPPAGEYSNQPQHF,clone_394
human_subject0024,pp65,1,TRAV26-2*01,TRAJ43*01,CILSNNNDMRF,TRBV20-1*01,TRBJ2-5*01,CSARDPSGLAGGLAETQYF,clone_395
human_subject0024,pp65,1,TRAV26-2*01,TRAJ43*01,CILSNNNDMRF,TRBV30*01,TRBJ2-4*01,CAWSISDLAKNIQYF,clone_396
human_subject0024,pp65,1,TRAV4*01,,CLVGGIGFGNVLHC,TRBV30*01,TRBJ2-4*01,CAWSISDLAKNIQYF,clone_397
human_subject0007,M1,1,TRAV4*01,TRAJ33*01,CLVGSMDSNYQLIW,TRBV25-1*01,TRBJ1-5*01,CASSSQSNQPQHF,clone_398
human_subject0011,M1,1,TRAV27*01,TRAJ42*01,CPGADGGIQRNLIF,TRBV19*02,TRBJ1-3*01,CASSIMGSGNTIYF,clone_399
human_subject0012,M1,1,TRAV29/DV5*01,TRAJ42*01,CPGGSQGNLIF,TRBV19*02,TRBJ1-2*01,CASSIGVYGYTF,clone_400
human_subject0011,M1,1,TRAV27*01,TRAJ42*01,CSAGGSQGNLIF,TRBV19*01,TRBJ2-7*01,CASSIRSSYEQYF,clone_401
human_subject0028,M1,1,TRAV10*01,TRAJ33*01,CSAGSNYQLIW,TRBV6-5*01,TRBJ2-7*01,CASTPQGAYEQYF,clone_402
human_subject0006,BMLF,1,TRAV5*01,TRAJ31*01,CSHDNNARLMF,TRBV20-1*01,TRBJ1-2*01,CSARDRTGNGYTF,clone_403
human_subject0006,BMLF,1,TRAV12-2*01,TRAJ33*01,CSVNIDTMDSNYQLIW,TRBV9*01,TRBJ2-7*01,CASSVGGEAYEQYF,clone_404
human_subject0002,BMLF,1,TRAV10*01,TRAJ17*01,CVVFKAAGNKLTF,TRBV10-2*01,TRBJ2-5*01,CASGGSSYQETQYF,clone_405
human_subject0002,BMLF,1,TRAV12-1*01,TRAJ12*01,CVVNGMDSSYKLIF,TRBV2*01,TRBJ2-3*01,CASTPGTVLPDTQYF,clone_406
human_subject0028,M1,1,TRAV12-1*01,TRAJ37*01,CVVPESGNTGKLIF,TRBV20-1*01,TRBJ2-7*01,CSAAGLAGGSYEQYF,clone_407
human_subject0007,M1,1,TRAV12-1*01,TRAJ43*01,CVVRDNNDMRF,TRBV24-1*01,TRBJ2-1*01,CATSDFEVAGSSYNEQFF,clone_408
human_subject0005,BMLF,1,TRAV10*01,TRAJ47*01,CVVSDEYGNKLVF,TRBV6-4*02,TRBJ2-1*01,CASSVWTGHDEQFF,clone_409
human_subject0017,pp65,1,TRAV10*01,TRAJ42*01,CVVSENYGGSQGNLIF,TRBV12-4*01,TRBJ1-1*01,CASSLPPGRGYTEAFF,clone_410
human_subject0028,M1,1,TRAV8-2*01,TRAJ49*01,CVVSGDDTGNQFYF,TRBV7-9*01,TRBJ1-1*01,CASSLTLVFEAFF,clone_411
human_subject0019,pp65,1,TRAV10*01,TRAJ36*01,CVVSRRTTGANNLFF,TRBV6-6*01,TRBJ2-7*01,CASSYTLASYEQYF,clone_412
human_subject0030,M1,1,TRAV10*01,TRAJ47*01,CVVTPGREYGNKLVF,TRBV19*01,TRBJ2-1*01,CASSISSGSYNEQFF,clone_413
human_subject0002,BMLF,1,TRAV10*01,TRAJ47*01,CVVYMEYGNKLVF,TRBV10-2*01,TRBJ2-1*01,CASGGLSSYNEQFF,clone_414
