clone_id,subject,clone_size,v_a_gene,j_a_gene,v_b_gene,j_b_gene,cdr3_a_aa,cdr3_a_nucseq,cdr3_b_aa,cdr3_b_nucseq,alpha_umi,alpha2_umi,beta_umi,num_alphas,num_betas
clonotype1,UNK_S,323,TRAV20*01,TRAJ40*01,TRBV9*01,TRBJ2-7*01,CAVQDRNYKYIF,tgtgctgtgcaagaccgaaactacaaatacatcttt,CASSTTYEQYF,tgtgccagcagcacgacttacgagcagtacttc,323,0,323,1,1
clonotype10,UNK_S,118,TRAV6*01,TRAJ36*01,TRBV12-2*01,TRBJ1-5*01,CALTGVNNLFF,tgtgctctaactggggtaaacaacctcttcttt,CASSKLAGKGNQPQYF,tgtgccagcagcaaactcgcggggaagggcaatcagccccagtatttt,118,0,118,1,1
clonotype1013,UNK_S,1,TRAV29*01,TRAJ42*01,TRBV7-4*01,TRBJ2-5*01,CAASAHYGGSQGNLIF,tgtgcagcaagcgcgcattatggaggaagccaaggaaatctcatcttt,CASANPTGLGGAGVRETQYF,tgtgccagcgcaaatcccactggactggggggagctggagttagagagacccagtacttc,1,0,1,1,1
clonotype1017,UNK_S,1,TRAV4*01,TRAJ9*01,TRBV13*01,TRBJ2-1*01,CLVGDISGGFKTVF,tgcctcgtgggtgacatttctggaggcttcaaaactgtcttt,CASSSGGNEQFF,tgtgccagcagctcgggcgggaatgagcagttcttt,1,0,1,1,1
clonotype105,UNK_S,2,TRAV4*01,TRAJ31*01,TRBV6-1*01,TRBJ1-6*01,CLVGDNGDRVIF,tgcctcgtgggtgataacggtgacagagtcatcttt,CASSEGAGRHNSPLYF,tgtgccagcagtgaaggggccggcagacataattcgcccctctacttt,2,0,2,1,1
clonotype106,UNK_S,2,TRAV8-3*01,TRAJ30*01,TRBV23-1*01,TRBJ2-3*01,CAVEGLRGDKIIF,tgtgctgtggagggtttgcggggtgacaaaatcatcttt,CASSHQDRVEDPQYF,tgtgccagcagccatcaggacagggtagaagatccgcagtatttt,2,0,2,1,1
clonotype107,UNK_S,2,TRAV13-2*01,TRAJ41*01,TRBV12-2*01,TRBJ2-1*01,CAENIDSGYALNF,tgtgcagagaatatagactccgggtatgcactgaacttc,CASRGKGQIYNEQFF,tgtgccagcaggggaaagggacagatctacaatgagcagttcttt,2,0,2,1,1
clonotype111,UNK_S,2,TRAV29*01,TRAJ47*01,TRBV7-4*01,TRBJ2-7*01,CAARREDYGNKLIF,tgtgcagcaaggcgagaggactatggaaacaagctgatcttc,CASSPRTGRWNEQYF,tgtgccagcagcccaaggactgggcgctggaacgagcagtacttc,2,0,2,1,1
clonotype112,UNK_S,2,TRAV38-1*01,TRAJ50*01,TRBV6-3*01,TRBJ2-4*01,CAFTTTSYNKLMF,tgtgctttcacgacaacctcctacaacaagctgatgttt,CASSYSRSGLGQNTQYF,tgtgccagcagttactcgagatctgggttaggccaaaacactcagtacttc,2,0,2,1,1
clonotype113,UNK_S,2,TRAV21*01,TRAJ21*01,TRBV2-3*01,TRBJ2-3*01,CAVDNFNKFYF,tgtgctgtggacaacttcaacaaattttacttt,CASSHGLATSTDPQYF,tgtgccagcagccacggactggccacaagcacagatccgcagtatttt,2,0,2,1,1
clonotype114,UNK_S,2,TRAV4*01,TRAJ34*01,TRBV7-9*01,TRBJ2-7*01,CLPFDANKLIF,tgcctcccctttgacgccaacaagctcatcttt,CASSLEGDRTSYEQYF,tgtgccagcagcttggagggggacagaacctcctacgagcagtacttc,2,0,2,1,1
clonotype115,UNK_S,2,TRAV8-3*01,TRAJ4*01,TRBV7-4*01,TRBJ1-3*01,CAVSWLSGGYDKLIF,tgtgctgtgagttggctttctggtggctacgataagctgattttt,CASSLRGAPRGNTVYF,tgtgccagtagcttaaggggggcgccgcgtggaaacaccgtgtatttt,2,0,2,1,1
clonotype12,UNK_S,70,TRAV4*01,TRAJ38*01,TRBV5-1*01,TRBJ2-6*01,CLVGDFNAGNNRKLIW,tgcctcgtgggggactttaatgctggcaacaaccgtaagctgatttgg,CASSLAGRSSGASVLTF,tgtgccagcagcttggcgggcagaagctctggggccagcgtcctgactttc,70,0,70,1,1
clonotype126,UNK_S,2,TRAV25*01,TRAJ39*01,TRBV27*01,TRBJ1-2*01,CADNAGNVLTF,tgcgcagataatgcaggcaacgtgctcacattt,CASSWDRDANFDYTF,tgtgccagcagttgggacagggatgctaattttgactacaccttc,2,0,2,1,1
clonotype13,UNK_S,69,TRAV13-1*01,TRAJ47*01,TRBV7-10*01,TRBJ1-2*01,CAASGDYGNKLIF,tgcgcagcgagtggggactatggaaacaagctgatcttc,CASSLGAFHYTF,tgtgccagcagcttaggggccttccactacaccttc,69,0,69,1,1
clonotype132,UNK_S,1,TRAV22-1*01,TRAJ58*01,TRBV29-1*01,TRBJ2-1*01,CAVPSGGSRLTF,tgtgctgtgccttctggtggctctaggttgaccttt,CSVIFNEQFF,tgcagcgttattttcaatgagcagttcttt,1,0,1,1,1
clonotype133,UNK_S,1,TRAV19*01,TRAJ9*01,TRBV19*01,TRBJ1-6*01,CALNEAPGGFKTVF,tgtgctctgaatgaagcccccggaggcttcaaaactgtcttt,CASRLGRF,tgtgccagtagactgggccgattt,1,0,1,1,1
clonotype140,UNK_S,1,TRAV16*01,TRAJ40*01,TRBV5-1*01,TRBJ2-5*01,CALYRYKYIF,tgtgctctctaccggtacaaatacatcttt,CASSLDPTAQYF,tgtgccagcagcctggaccccacggcccagtacttc,1,0,1,1,1
clonotype141,UNK_S,1,TRAV4*01,TRAJ36*01,TRBV5-1*01,TRBJ2-7*01,CLVGDRGGVNNLFF,tgcctcgtgggtgaccgaggtggggtaaacaacctcttcttt,CASSEGRREQYF,tgtgccagcagcgaggggcgtcgcgagcagtacttc,1,0,1,1,1
clonotype142,UNK_S,1,TRAV9-1*01,TRAJ22*01,TRBV20-1*01,TRBJ1-2*01,CALSPSDSGWQLTF,tgtgctctgagcccttctgattctggctggcaactgaccttt,CSAKASYDYTF,tgcagtgccaaagcttcgtatgactacaccttc,1,0,1,1,1
clonotype143,UNK_S,1,TRAV8-5*01,TRAJ45*01,TRBV5-1*01,TRBJ1-2*01,CAVSDLEGGSANRLTF,tgtgctgtgagtgatttggagggaggaagtgctaacagactcaccttt,CASSLDRVDYTF,tgtgccagcagcttggacagggttgactacaccttc,1,0,1,1,1
clonotype16,UNK_S,33,TRAV13-1*01,TRAJ47*01,TRBV7-10*01,TRBJ1-2*01,CAATPDYGNKLIF,tgcgcagcgaccccggactatggaaacaagctgatcttc,CASSYGAYYDYTF,tgtgccagcagctacggggcctactatgactacaccttc,34,33,66,2,1
clonotype161,UNK_S,1,TRAV21*01,TRAJ10*01,TRBV6-3*01,TRBJ2-2*01,CAVNPGGGNKLTF,tgtgctgtgaatccgggaggaggaaacaaactcaccttt,CAAGYAQLFF,tgtgccgcaggctacgcgcagctgttcttt,1,0,1,1,1
clonotype17,UNK_S,28,TRAV13-1*01,TRAJ36*01,TRBV5-7*01,TRBJ2-7*01,CAASQTGVNNLFF,tgcgcagcgagtcaaactggggtaaacaacctcttcttt,CASSQEQGDEQYF,tgtgccagcagccaagaacagggagacgagcagtacttc,28,0,28,1,1
clonotype180,UNK_S,1,TRAV8-5*01,TRAJ32*01,TRBV10-2*01,TRBJ2-7*01,CAPRGSGNKLIF,tgtgctcctcgcggtagtggaaacaagctcatcttt,CASSDLDEQYF,tgtgccagcagtgatttggacgagcagtacttc,2,1,2,2,1
clonotype181,UNK_S,1,TRAV35*01,TRAJ37*01,TRBV29-1*01,TRBJ2-5*01,CAGISSNTGKLIF,tgtgccgggatctctagcaacacaggcaaactgatcttt,CSVEDFVGQTQYF,tgcagcgttgaagattttgtcgggcagacccagtacttc,1,0,1,1,1
clonotype182,UNK_S,1,TRAV4*01,TRAJ39*01,TRBV20-1*01,TRBJ1-2*01,CLVGDGNNAGNVLTF,tgcctcgtgggtgacggaaacaatgcaggcaacgtgctcacattt,CSATGRRDHDYTF,tgcagtgctactggtcgcagggaccatgactacaccttc,1,0,1,1,1
clonotype183,UNK_S,1,TRAV18*01,TRAJ58*01,TRBV6-3*01,TRBJ2-2*01,CVLILRQTGGSRLTF,tgtgttctgatattaagacaaaccggtggctctaggttgaccttt,CASSNTAQLFF,tgtgccagcagtaacaccgcgcagctgttcttt,1,0,1,1,1
clonotype185,UNK_S,1,TRAV38-1*01,TRAJ47*01,TRBV29-1*01,TRBJ2-7*01,CAFWDYGNKLIF,tgtgctttctgggactatggaaacaagctgatcttc,CSVEGQGAYEQYF,tgcagcgtggaaggacagggggcctacgagcagtacttc,1,0,1,1,1
clonotype186,UNK_S,1,TRAV8-4*01,TRAJ45*01,TRBV20-1*01,TRBJ2-5*01,CAAGAGGSADRLTF,tgtgctgcgggtgcgggaggaagtgctgacagactcaccttt,CSARLEPKTTQYF,tgcagtgcccgtttggagcctaaaactacccagtacttc,1,0,1,1,1
clonotype188,UNK_S,1,TRAV36*01,TRAJ32*01,TRBV5-1*01,TRBJ2-1*01,CAVEVDGGSGNKLIF,tgtgctgtggaggtggatggcggtagtggaaacaagctcatcttt,CASSLGHEYNEQFF,tgtgccagcagcttgggtcacgaatacaatgagcagttcttt,1,0,1,1,1
clonotype189,UNK_S,1,TRAV8-3*01,TRAJ45*01,TRBV7-5*01,TRBJ1-5*01,CAVSAHSGGSANRLTF,tgtgctgtgagtgctcattcaggaggaagtgctaacagactcaccttt,CASSHQPQYF,tgtgccagcagtcatcagccccagtatttt,1,0,1,1,1
clonotype19,UNK_S,26,TRAV22-3*01,TRAJ28*01,TRBV6-3*01,TRBJ1-2*01,CAATYSGAGSYQLTF,tgtgctgcgacatactctggggctgggagttaccaactcactttc,CASSQGYNYDYTF,tgtgccagcagtcagggatataactatgactacaccttc,27,26,52,2,1
clonotype190,UNK_S,1,TRAV8-5*01,TRAJ28*01,TRBV5-1*01,TRBJ1-2*01,CAVRPAYSGAGSYQLTF,tgtgctgtgaggcccgcatactctggggctgggagttaccaactcactttc,CASSLNRQAYDYTF,tgtgccagcagcttaaatagacaggcctatgactacaccttc,1,0,1,1,1
clonotype2,UNK_S,315,TRAV8-2*01,TRAJ40*01,TRBV4-2*01,TRBJ2-6*01,CAVSPGNYKYIF,tgtgctgtgagtccaggaaactacaaatacatcttt,CASSPREGGPGASVLTF,tgcgccagcagccctcgggagggggggcctggggccagcgtcctgactttc,315,0,315,1,1
clonotype20,UNK_S,18,TRAV25-1*01,TRAJ38*01,TRBV7-10*01,TRBJ2-7*01,CSNAGNNRKLIW,tgctctaatgctggcaacaaccgtaagctgatttgg,CASSLRDIDEQYF,tgtgccagcagcttaagggacattgacgagcagtacttc,18,0,18,1,1
clonotype22,UNK_S,17,TRAV38-1*01,TRAJ54*01,TRBV2-2*01,TRBJ2-5*01,CAFMKEGGAQKLVF,tgtgctttcatgaaggaggggggagcccagaagctggtattt,CASSEGMTRTLETQYF,tgtgccagcagtgaagggatgacacggacacttgagacccagtacttc,17,0,17,1,1
clonotype228,UNK_S,1,TRAV4*01,TRAJ45*01,TRBV5-1*01,TRBJ1-4*01,CLVSGGSADRLTF,tgcctcgtttcaggaggaagtgctgacagactcaccttt,CASSLYRDTNEKLFF,tgtgccagcagcttatacagggacactaatgaaaaactgtttttt,1,0,1,1,1
clonotype230,UNK_S,1,TRAV22-1*01,TRAJ2*01,TRBV29-1*01,TRBJ2-2*01,CAAGGTFDKLTF,tgtgctgctggaggaacatttgataaactcacattt,CSVAGLANTAQLFF,tgcagcgttgcagggctagctaacaccgcgcagctgttcttt,1,0,1,1,1
clonotype233,UNK_S,1,TRAV23-1*01,TRAJ34*01,TRBV6-1*01,TRBJ1-1*01,CAAPGVDANKLIF,tgtgcagcccccggggtggacgccaacaagctcatcttt,CASSRGNTEAFF,tgtgccagttcgcgagggaacactgaagctttcttt,2,1,2,2,1
clonotype234,UNK_S,1,TRAV35*01,TRAJ37*01,TRBV5-1*01,TRBJ1-3*01,CAGQSGNTGKLIF,tgtgccgggcaatcgggcaacacaggcaaactgatcttt,CASSVRAISGNTVYF,tgtgccagcagcgttcgtgctatttctggaaacaccgtgtatttt,1,0,1,1,1
clonotype235,UNK_S,1,TRAV16*01,TRAJ58*01,TRBV29-1*01,TRBJ1-3*01,CALSKQTGGSRLTF,tgtgctctaagcaaacaaaccggtggctctaggttgaccttt,CSVRAPQAGNTVYF,tgcagcgtgagggccccacaggctggaaacaccgtgtatttt,1,0,1,1,1
clonotype238,UNK_S,1,TRAV12-3*01,TRAJ34*01,TRBV6-3*01,TRBJ2-6*01,CADNANKLIF,tgtgcagataacgccaacaagctcatcttt,CASAPGHNVLTF,tgtgccagcgccccgggacacaacgtcctgactttc,1,0,1,1,1
clonotype239,UNK_S,1,TRAV12-2*01,TRAJ47*01,TRBV24-1*01,TRBJ1-2*01,CAVKGGNKLIF,tgtgccgtgaaaggtggaaacaagctgatcttc,CATSHIYYDYTF,tgtgccaccagtcacatctattatgactacaccttc,1,0,1,1,1
clonotype24,UNK_S,16,TRAV8-3*01,TRAJ36*01,TRBV29-1*01,TRBJ1-2*01,CAVSDQTGVNNLFF,tgtgctgtgagtgatcaaactggggtaaacaacctcttcttt,CSVEDLRQGPYDYTF,tgcagcgttgaagatcttcggcaggggccctatgactacaccttc,16,0,16,1,1
clonotype240,UNK_S,1,TRAV18*01,TRAJ41*01,TRBV10-2*01,TRBJ2-7*01,CVLRANSGYALNF,tgtgttctgagagcaaactccgggtatgcactgaacttc,CASFDGTWEQYF,tgtgccagctttgacgggacgtgggagcagtacttc,1,0,1,1,1
clonotype241,UNK_S,1,TRAV12-1*01,TRAJ23*01,TRBV5-7*01,TRBJ2-4*01,CAVRIRGKLIF,tgtgcagtgcgtataaggggaaagcttatcttc,CASSLGADAQYF,tgtgccagcagcttgggggccgacgctcagtacttc,1,0,1,1,1
clonotype242,UNK_S,1,TRAV22-2*01,TRAJ2*01,TRBV27*01,TRBJ1-2*01,CAVARAGGTIDKLTF,tgtgctgtggctcgggctggaggaacaattgataaactcacattt,CASSPRGEDYTF,tgtgccagcagcccccggggggaggactacaccttc,1,0,1,1,1
clonotype243,UNK_S,1,TRAV6*01,TRAJ32*01,TRBV6-3*01,TRBJ2-7*01,CALDGGSGNKLIF,tgtgctctcgatggcggtagtggaaacaagctcatcttt,CASSWRGDEQYF,tgtgccagcagttggcgcggtgacgagcagtacttc,1,0,1,1,1
clonotype244,UNK_S,1,TRAV19*01,TRAJ43*01,TRBV7-6*01,TRBJ2-5*01,CALNEAGDIRF,tgtgctctgaatgaagcgggggacatacgcttt,CASRDPGHQYF,tgtgccagcagggatccgggacaccaatacttc,1,0,1,1,1
clonotype245,UNK_S,1,TRAV12-1*01,TRAJ22*01,TRBV6-2*01,TRBJ2-7*01,CAVLRDDSGWQLTF,tgtgcagtgctcagggatgattctggctggcaactgaccttt,CATRRHTYEQYF,tgtgccacccggaggcatacctacgagcagtacttc,1,0,1,1,1
clonotype247,UNK_S,1,TRAV8-3*01,TRAJ23*01,TRBV6-3*01,TRBJ2-2*01,CAVIPYNQAGKLIF,tgtgctgtgatcccttataaccaggcaggaaagcttatcttc,CASSYSTAQLFF,tgtgccagcagttacagcaccgcgcagctgttcttt,1,0,1,1,1
clonotype25,UNK_S,16,TRAV19*01,TRAJ32*01,TRBV2-2*01,TRBJ2-3*01,CALNEAWDGGSGNKLIF,tgtgctctgaatgaagcatgggatggcggtagtggaaacaagctcatcttt,CASSDVGSADPQYF,tgtgccagcagtgatgtagggtcggcagatccgcagtatttt,16,0,16,1,1
clonotype250,UNK_S,1,TRAV38-1*01,TRAJ43*01,TRBV10-3*01,TRBJ2-7*01,CAFMRGNNDIRF,tgtgctttcatgaggggcaacaatgacatacgcttt,CASSAGEYEQYF,tgtgccagcagtgctggggaatacgagcagtacttc,1,0,1,1,1
clonotype251,UNK_S,1,TRAV13-1*01,TRAJ32*01,TRBV10-3*01,TRBJ1-2*01,CAASKGYGGSGNKLIF,tgcgcagcgagtaaaggatatggcggtagtggaaacaagctcatcttt,CASWTGDYDYTF,tgtgccagctggacaggggactatgactacaccttc,1,0,1,1,1
clonotype252,UNK_S,1,TRAV12-2*01,TRAJ41*01,TRBV29-1*01,TRBJ2-2*01,CAVNGGSNSGYALNF,tgtgccgtgaacgggggatcaaactccgggtatgcactgaacttc,CSVAGLANTAQLFF,tgcagcgttgcagggctagctaacaccgcgcagctgttcttt,1,0,1,1,1
clonotype254,UNK_S,1,TRAV24*01,TRAJ45*01,TRBV2-3*01,TRBJ2-5*01,CASPSGGSANRLTF,tgtgcctccccttcaggaggaagtgctaacagactcaccttt,CASSVLETQYF,tgtgccagcagtgttctggagacccagtacttc,1,0,1,1,1
clonotype256,UNK_S,1,TRAV29*01,TRAJ30*01,TRBV5-1*01,TRBJ2-4*01,CAASFNRDDKIIF,tgtgcagcaagctttaacagagatgacaaaatcatcttt,CASSLGGQYQNTQYF,tgtgccagcagcttggggggacagtaccaaaacactcagtacttc,2,1,2,2,1
clonotype257,UNK_S,1,TRAV19*01,TRAJ16*01,TRBV5-1*01,TRBJ2-7*01,CALNDLFSDGQKLLF,tgtgctctgaatgaccttttttcagatggccagaagctgctcttt,CASRGTGGPPYEQYF,tgtgccagcagggggacaggggggcccccctacgagcagtacttc,1,0,1,1,1
clonotype27,UNK_S,14,TRAV8-3*01,TRAJ33*01,TRBV6-1*01,TRBJ2-4*01,CAVSADMDSNYQLIW,tgtgctgtgagtgctgacatggatagcaactatcagttaatctgg,CASRFGKNTQYF,tgtgccagcaggttcgggaaaaacactcagtacttc,14,0,14,1,1
clonotype28,UNK_S,14,TRAV8-7*01,TRAJ36*01,TRBV27*01,TRBJ1-2*01,CAVSDLHTGVNNLFF,tgtgctgtgagtgatctccacactggggtaaacaacctcttcttt,CASSLSKGVNDYTF,tgtgccagcagtttatcaaagggagtgaatgactacaccttc,14,0,14,1,1
clonotype29,UNK_S,13,TRAV22-2*01,TRAJ22*01,TRBV23-1*01,TRBJ2-2*01,CAVSRDSGWQLTF,tgtgctgtgagcagggattctggctggcaactgaccttt,CASSQSGTGAQLFF,tgtgccagcagccaatcggggacaggcgcgcagctgttcttt,13,0,13,1,1
clonotype30,UNK_S,13,TRAV19*01,TRAJ52*01,TRBV6-3*01,TRBJ2-7*01,CALNAPNAGGAGYGKLTF,tgtgctctgaatgcgcctaatgctggtggtgctggctatggaaagctgacattt,CASSSSWFYEQYF,tgtgccagcagttcaagctggttctacgagcagtacttc,13,0,13,1,1
clonotype31,UNK_S,13,TRAV24*01,TRAJ52*01,TRBV2-2*01,TRBJ2-3*01,CAFSAGGAGYGKLTF,tgtgccttctcggctggtggtgctggctatggaaagctgacattt,CASSVGGTDPQYF,tgtgccagcagtgtgggggggacagatccgcagtatttt,13,0,13,1,1
clonotype340,UNK_S,1,TRAV16*01,TRAJ35*01,TRBV6-3*01,TRBJ2-7*01,CALGFGNVLHF,tgtgctctaggctttgggaatgtgttgcatttc,CASSYSSGFEQYF,tgtgccagcagttactcatctggattcgagcagtacttc,1,0,1,1,1
clonotype341,UNK_S,1,TRAV25*01,TRAJ31*01,TRBV6-2*01,TRBJ1-3*01,CAGRNNDRVIF,tgcgcagggcgaaacaatgacagagtcatcttt,CASSDYGGNTVYF,tgtgccagcagtgactacggtggaaacaccgtgtatttt,1,0,1,1,1
clonotype342,UNK_S,1,TRAV1-1*01,TRAJ33*01,TRBV2-3*01,TRBJ2-6*01,CAVRLDSNYQLIW,tgtgctgtgaggctagatagcaactatcagttaatctgg,CASSSGASVLTF,tgtgccagcagttctggggccagcgtcctgactttc,1,0,1,1,1
clonotype343,UNK_S,1,TRAV16*01,TRAJ17*01,TRBV6-3*01,TRBJ2-1*01,CALINVASNKLTF,tgtgctctcatcaatgttgcaagcaacaagctaactttt,CASSVILVGEQFF,tgtgccagcagtgtgattctagtcggtgagcagttcttt,1,0,1,1,1
clonotype344,UNK_S,1,TRAV22-2*01,TRAJ21*01,TRBV15*01,TRBJ1-4*01,CAVEYNFNKFYF,tgtgctgtggagtataacttcaacaaattttacttt,CASSPKGDEKLFF,tgtgccagcagtcctaagggggatgaaaaactgtttttt,1,0,1,1,1
clonotype345,UNK_S,1,TRAV16*01,TRAJ29*01,TRBV27*01,TRBJ1-1*01,CALNDSGNRALVF,tgtgctcttaatgattcaggaaacagagctcttgtcttt,CASSRVMNTEAFF,tgtgccagctcgagagtcatgaacactgaagctttcttt,1,0,1,1,1
clonotype346,UNK_S,1,TRAV20*01,TRAJ21*01,TRBV19*01,TRBJ1-4*01,CAGYNFNKFYF,tgtgctggatacaacttcaacaaattttacttt,CASRTSGVEKLFF,tgtgccagtcggacctcgggtgttgaaaaactgtttttt,1,0,1,1,1
clonotype347,UNK_S,1,TRAV17*01,TRAJ47*01,TRBV6-2*01,TRBJ2-2*01,CATVIGNKLIF,tgtgctacggtcatcggaaacaagctgatcttc,CASIIHNTAQLFF,tgtgccagcatcatccacaacaccgcgcagctgttcttt,1,0,1,1,1
clonotype348,UNK_S,1,TRAV22-1*01,TRAJ26*01,TRBV24-1*01,TRBJ2-1*01,CAVDGNYGQNFIF,tgtgctgtggacggaaactatggtcagaattttatcttc,CATEIYRENEQFF,tgtgccaccgaaatatacagggaaaatgagcagttcttt,1,0,1,1,1
clonotype349,UNK_S,1,TRAV4*01,TRAJ37*01,TRBV10-2*01,TRBJ2-4*01,CLVVRASSNTGKLIF,tgcctcgtggtccgagcctctagcaacacaggcaaactgatcttt,CASSGTHGDPQYF,tgtgccagcagtgggactcacggagaccctcagtacttc,1,0,1,1,1
clonotype35,UNK_S,10,TRAV29*01,TRAJ26*01,TRBV6-8*01,TRBJ2-2*01,CAASEENYGQNFIF,tgtgcagcaagcgaggaaaactatggtcagaattttatcttc,CASSGGYTAQLFF,tgtgccagcagtggagggtacaccgcgcagctgttcttt,10,0,10,1,1
clonotype350,UNK_S,1,TRAV4*01,TRAJ4*01,TRBV14*01,TRBJ2-5*01,CLVGGLSGGYDKLIF,tgcctcgtgggtggcctttctggtggctacgataagctgattttt,CASSQESETQYF,tgtgccagcagccaagaaagcgagacccagtacttc,1,0,1,1,1
clonotype351,UNK_S,1,TRAV20*01,TRAJ9*01,TRBV6-3*01,TRBJ2-1*01,CAVPTGGFKTVF,tgtgctgtgcccactggaggcttcaaaactgtcttt,CASSFGDYNEQFF,tgtgccagcagttttggggattacaatgagcagttcttt,1,0,1,1,1
clonotype353,UNK_S,1,TRAV1-2*01,TRAJ4*01,TRBV28*01,TRBJ2-7*01,CAVTPGDSGGYDKLIF,tgtgctgtgacccctggagattctggtggctacgataagctgattttt,CASSLTGVGEQYF,tgtgccagcagcctgacaggggtcggcgagcagtacttc,1,0,1,1,1
clonotype354,UNK_S,1,TRAV22-2*01,TRAJ34*01,TRBV23-1*01,TRBJ2-1*01,CAVEYSYNANKLIF,tgtgctgtggagtactcttataacgccaacaagctcatcttt,CAGVSSYNEQFF,tgtgccggagtgtcctcctacaatgagcagttcttt,1,0,1,1,1
clonotype355,UNK_S,1,TRAV34*01,TRAJ27*01,TRBV10-1*01,TRBJ2-7*01,CGGDAGADKLTF,tgtggaggagacgcaggggcagacaaattaaccttt,CASSERVVYEQYF,tgcgccagcagtgagagggtagtctacgagcagtacttc,1,0,1,1,1
clonotype357,UNK_S,1,TRAV12-1*01,TRAJ50*01,TRBV20-1*01,TRBJ2-7*01,CAVRASYNKLMF,tgtgcagtgcgggcctcctacaacaagctgatgttt,CSARGGGGPLYEQYF,tgcagtgcccggggtggggggggccccctctacgagcagtacttc,1,0,1,1,1
clonotype358,UNK_S,1,TRAV12-1*01,TRAJ50*01,TRBV20-1*01,TRBJ2-7*01,CAVRASYNKLMF,tgtgcagtgcgggcgtcctacaacaagctgatgttt,CSARAGLGPNYEQYF,tgcagtgctagagcagggctggggcccaattacgagcagtacttc,1,0,1,1,1
clonotype359,UNK_S,1,TRAV16*01,TRAJ45*01,TRBV2-1*01,TRBJ1-3*01,CALIEGSGGSADRLTF,tgtgctctaatcgagggttcaggaggaagtgctgacagactcaccttt,CAVGGLGNTVYF,tgtgccgtgggggggcttggaaacaccgtgtatttt,1,0,1,1,1
clonotype360,UNK_S,1,TRAV8-3*01,TRAJ27*01,TRBV5-10*01,TRBJ2-4*01,CAVITNADKLTF,tgtgctgtgattaccaatgcagacaaattaaccttt,CASSLISQNTQYF,tgtgccagcagcttgatttcccaaaacactcagtacttc,1,0,1,1,1
clonotype361,UNK_S,1,TRAV13-1*01,TRAJ39*01,TRBV5-6*01,TRBJ1-6*01,CAASYNAGNVLTF,tgcgcagcgagttataatgcaggcaacgtgctcacattt,CASSLVGGSPLYF,tgtgccagcagcttggtaggtggatcgcccctctacttt,1,0,1,1,1
clonotype362,UNK_S,1,TRAV6*01,TRAJ9*01,TRBV12-3*01,TRBJ2-5*01,CALDTGGFKTVF,tgtgctctagatactggaggcttcaaaactgtcttt,CASSDSRETQYF,tgtgccagcagtgattcccgcgagacccagtacttc,1,0,1,1,1
clonotype363,UNK_S,1,TRAV8-3*01,TRAJ31*01,TRBV4-3*01,TRBJ1-6*01,CAVRVSNDRVIF,tgtgctgtgagggtctccaatgacagagtcatcttt,CASSQVGDRPLYF,tgcgccagcagccaagtaggggataggcccctctacttt,1,0,1,1,1
clonotype364,UNK_S,1,TRAV21*01,TRAJ54*01,TRBV14*01,TRBJ2-7*01,CAVRTQGAQKLVF,tgtgctgtgagaactcagggagcccagaagctggtattt,CASSQARVEQYF,tgtgccagcagccaagccagggtcgagcagtacttc,1,0,1,1,1
clonotype366,UNK_S,1,TRAV16*01,TRAJ31*01,TRBV6-3*01,TRBJ2-7*01,CALASVRLGNNNDRVIF,tgtgctctcgcaagcgtgagattgggaaataacaatgacagagtcatcttt,CASSGDSAYEQYF,tgtgccagcagtggagacagtgcctacgagcagtacttc,1,0,1,1,1
clonotype367,UNK_S,1,TRAV19*01,TRAJ26*01,TRBV2-3*01,TRBJ2-1*01,CALNEDIGGDNYGQNLIF,tgtgctctgaatgaagatatcggtggggataactatggtcagaatttgatcttc,CASSGYYNEQFF,tgtgccagcagtggatactacaatgagcagttcttt,1,0,1,1,1
clonotype368,UNK_S,1,TRAV13-1*01,TRAJ11*01,TRBV12-4*01,TRBJ2-7*01,CAASWGSGYSTLTF,tgcgcagcgagttggggttcaggatacagcacactcaccttt,CASGSGIYEQYF,tgtgccagtggttccgggatctacgagcagtacttc,1,0,1,1,1
clonotype369,UNK_S,1,TRAV13-1*01,TRAJ6*01,TRBV12-3*01,TRBJ2-1*01,CAASNRGGGYVLTF,tgcgcagcgagtaaccgaggaggaggctacgtacttacattt,CASSLSGGEQFF,tgtgccagcagtttgtcgggaggtgagcagttcttt,1,0,1,1,1
clonotype37,UNK_S,10,TRAV29*01,TRAJ23*01,TRBV29-1*01,TRBJ1-2*01,CAARQAGKLIF,tgtgcagcaagacaggcaggaaagcttatcttc,CSVELDTFYDYTF,tgcagcgttgaactggacaccttctatgactacaccttc,10,0,10,1,1
clonotype370,UNK_S,1,TRAV12-2*01,TRAJ3*01,TRBV3-3*01,TRBJ2-7*01,CAVRYSSASKIIF,tgtgccgtacggtacagcagtgcttccaagatcatcttt,CASSQTGTGEQYF,tgtgccagcagccagaccgggacgggagagcagtacttc,1,0,1,1,1
clonotype371,UNK_S,1,TRAV12-2*01,TRAJ39*01,TRBV4-2*01,TRBJ2-1*01,CAVLNNAGNVLTF,tgtgccgtacttaataatgcaggcaacgtgctcacattt,CASSPGQDGEQFF,tgcgccagcagcccaggacaggacggtgagcagttcttt,1,0,1,1,1
clonotype372,UNK_S,1,TRAV21*01,TRAJ39*01,TRBV6-2*01,TRBJ1-2*01,CAVRWMDNAGNVLTF,tgtgctgtgagatggatggataatgcaggcaacgtgctcacattt,CASSTQGVYDYTF,tgtgccagcagcacacagggggtctatgactacaccttc,1,0,1,1,1
clonotype373,UNK_S,1,TRAV8-7*01,TRAJ27*01,TRBV6-3*01,TRBJ2-7*01,CADLTNTNADKLTF,tgtgctgacctaacgaacaccaatgcagacaaattaaccttt,CASSYSSGFEQYF,tgtgccagcagttactcatctggattcgagcagtacttc,1,0,1,1,1
clonotype376,UNK_S,1,TRAV8-3*01,TRAJ4*01,TRBV12-2*01,TRBJ1-1*01,CAVSEGGGYDKLIF,tgtgctgtgagtgaaggaggtggctacgataagctgattttt,CASSPDGFEAFF,tgtgccagcagccccgatggatttgaagctttcttt,1,0,1,1,1
clonotype377,UNK_S,1,TRAV38-2*01,TRAJ30*01,TRBV6-3*01,TRBJ1-4*01,CAYRRGRDDKIIF,tgtgcttataggagaggcagagatgacaaaatcatcttt,CASSLGQVEKLFF,tgtgccagcagtctcggacaagtggaaaaactgtttttt,1,0,1,1,1
clonotype379,UNK_S,1,TRAV8-2*01,TRAJ33*01,TRBV3-4*01,TRBJ2-5*01,CAVNDQGSSNYQLIW,tgtgctgtgaatgatcagggaagtagcaactatcagttaatctgg,CASSYRVQETQYF,tgtgccagcagctacagggtccaagagacccagtacttc,1,0,1,1,1
clonotype380,UNK_S,1,TRAV12-1*01,TRAJ3*01,TRBV21-1*01,TRBJ1-4*01,CAVRASYSSASKIIF,tgtgcagtgcgggcctcgtacagcagtgcttccaagatcatcttt,CASSQRGEKLFF,tgtgccagcagccaaaggggtgaaaaactgtttttt,1,0,1,1,1
clonotype382,UNK_S,1,TRAV21*01,TRAJ50*01,TRBV5-1*01,TRBJ2-5*01,CAVRDSLMTTSYNKLMF,tgtgctgtgagagactccctaatgacaacctcctacaacaagctgatgttt,CASSVGLGEKRETQYF,tgtgccagcagcgtgggactgggggaaaagagggagacccagtacttc,2,1,2,2,1
clonotype384,UNK_S,1,TRAV29*01,TRAJ34*01,TRBV30*01,TRBJ1-5*01,CAAKNANKLIF,tgtgcagcaaaaaacgccaacaagctcatcttt,CAWSWQGGTYQPQYF,tgtgcctggagctggcaggggggtacctaccagccccagtatttt,1,0,1,1,1
clonotype385,UNK_S,1,TRAV38-2*01,TRAJ58*01,TRBV28*01,TRBJ1-5*01,CAYRSIKTGGSRLTF,tgtgcttataggagcataaaaaccggtggctctaggttgaccttt,CASSLRGNQPQYF,tgtgccagcagtttaaggggtaatcagccccagtatttt,1,0,1,1,1
clonotype386,UNK_S,1,TRAV3*01,TRAJ32*01,TRBV5-8*01,TRBJ1-6*01,CAVRPMNYGGSGNKLIF,tgtgctgtgagacccatgaattatggcggtagtggaaacaagctcatcttt,CTRGTGRNSPLYF,tgcaccagggggacaggcaggaattcgcccctctacttt,1,0,1,1,1
clonotype387,UNK_S,1,TRAV12-1*01,TRAJ42*01,TRBV4-3*01,TRBJ2-7*01,CAVRIAPRGGSQGNLIF,tgtgcagtgcgtatagctccccgaggaggaagccaaggaaatctcatcttt,CASSQRRSYEQYF,tgcgccagcagccaacgacgatcctacgagcagtacttc,1,0,1,1,1
clonotype388,UNK_S,1,TRAV23-1*01,TRAJ43*01,TRBV29-1*01,TRBJ2-4*01,CAASRLDMRF,tgtgcagcaagccgtcttgacatgcgcttt,CSARLGGDSQNTQYF,tgcagcgcgagactggggggggatagccaaaacactcagtacttc,1,0,1,1,1
clonotype389,UNK_S,1,TRAV23-1*01,TRAJ43*01,TRBV28*01,TRBJ2-7*01,CAASRLDMRF,tgtgcagcaagccgtcttgacatgcgcttt,CASRLDSSYEQYF,tgtgccagcaggctggacagctcctacgagcagtacttc,1,0,1,1,1
clonotype390,UNK_S,1,TRAV19*01,TRAJ52*01,TRBV10-2*01,TRBJ1-5*01,CALKAAGGAGYGKLTF,tgtgctctgaaagccgctggtggtgctggctatggaaagctgacattt,CAGGRQNNQPQYF,tgtgccggggggagacaaaacaatcagccccagtatttt,1,0,1,1,1
clonotype392,UNK_S,1,TRAV23-4*01,TRAJ22*01,TRBV24-1*01,TRBJ2-7*01,CAASPDSGWQLTF,tgcgcagcaagtcccgattctggctggcaactgaccttt,CATETTDSYEQYF,tgtgccaccgagactacagactcctacgagcagtacttc,1,0,1,1,1
clonotype393,UNK_S,1,TRAV19*01,TRAJ23*01,TRBV4-1*01,TRBJ2-3*01,CALNEALSRDYNQAGKLIF,tgtgctctgaatgaagcgctgtctcgggattataaccaggcaggaaagcttatcttc,CASSQDVTDPQYF,tgcgccagcagccaagatgtgacagatccgcagtatttt,1,0,1,1,1
clonotype4,UNK_S,231,TRAV19*01,TRAJ36*01,TRBV21-1*01,TRBJ1-4*01,CALTPQTGVNNLFF,tgtgctctgacccctcaaactggggtaaacaacctcttcttt,CASSKKNPGTGDNEKLFF,tgtgccagcagcaaaaagaacccggggacaggtgataatgaaaaactgtttttt,231,0,231,1,1
clonotype42,UNK_S,9,TRAV27*01,TRAJ39*01,TRBV7-6*01,TRBJ1-6*01,CAGDGENAGNVLTF,tgtgcaggagatggggagaatgcaggcaacgtgctcacattt,CASSYILRSSYNSPLYF,tgtgccagcagctatatcctcaggagctcctataattcgcccctctacttt,9,0,9,1,1
clonotype471,UNK_S,1,TRAV1-1*01,TRAJ16*01,TRBV3-4*01,TRBJ2-1*01,CAAPDGQKLLF,tgtgctgccccagatggccagaagctgctcttt,CASSANGLQTEQFF,tgtgccagcagcgccaatggactgcaaacggagcagttcttt,1,0,1,1,1
clonotype472,UNK_S,1,TRAV17*01,TRAJ43*01,TRBV6-2*01,TRBJ2-5*01,CATNDIRF,tgtgctacaaatgacatacgcttt,CATISGSGDETQYF,tgtgccaccatcagtgggagcggcgacgagacccagtacttc,1,0,1,1,1
clonotype474,UNK_S,1,TRAV4*01,TRAJ16*01,TRBV19*01,TRBJ1-1*01,CLVGDRGGQKLLF,tgcctcgtgggtgacaggggtggccagaagctgctcttt,CASSIGGGYTEAFF,tgtgccagtagtatagggggggggtacactgaagctttcttt,1,0,1,1,1
clonotype475,UNK_S,1,TRAV18*01,TRAJ39*01,TRBV6-3*01,TRBJ1-5*01,CVLNAGNVLTF,tgtgtccttaatgcaggcaacgtgctcacattt,CASRLRALNQPQYF,tgtgccagcagacttcgggccctcaatcagccccagtatttt,1,0,1,1,1
clonotype476,UNK_S,1,TRAV16*01,TRAJ50*01,TRBV3-1*01,TRBJ1-2*01,CALGATSYNKLMF,tgtgctctaggagcaacctcctacaacaagctgatgttt,CASSQTPGQNDYTF,tgtgccagcagccagacaccgggccagaatgactacaccttc,1,0,1,1,1
clonotype477,UNK_S,1,TRAV4*01,TRAJ28*01,TRBV5-1*01,TRBJ2-2*01,CLVVRGAGSYQLTF,tgcctcgtggtgcggggggctgggagttaccaactcactttc,CASSLLSDWEDTAQLFF,tgtgccagcagcttgctctccgactgggaggacaccgcgcagctgttcttt,1,0,1,1,1
clonotype478,UNK_S,1,TRAV22-1*01,TRAJ56*01,TRBV7-6*01,TRBJ2-7*01,CAVEGANNKLTF,tgtgctgtggagggagccaataataagctgacattt,CASSLGGVYEQYF,tgtgccagcagcttaggtggagtctacgagcagtacttc,1,0,1,1,1
clonotype479,UNK_S,1,TRAV27*01,TRAJ54*01,TRBV4-1*01,TRBJ2-6*01,CAGVWGAQKLVF,tgtgcgggggtatggggagcccagaagctggtattt,CASSRNSGASVLTF,tgcgccagcagccgaaactctggggccagcgtcctgactttc,1,0,1,1,1
clonotype48,UNK_S,5,TRAV19*01,TRAJ44*01,TRBV6-3*01,TRBJ2-4*01,CALNEAGIASKLTF,tgtgctctgaatgaagccggcattgccagtaaactcaccttt,CASSYSRVLGTQYF,tgtgccagcagttactctcgggtcttaggcactcagtacttc,5,0,5,1,1
clonotype480,UNK_S,1,TRAV18*01,TRAJ5*01,TRBV6-3*01,TRBJ1-5*01,CVLTTGRRALTF,tgtgttctgacaacgggcaggagagcacttactttt,CASSTGTGGKPQYF,tgtgccagcagtaccgggacaggggggaagccccagtatttt,2,1,2,2,1
clonotype481,UNK_S,1,TRAV16*01,TRAJ27*01,TRBV2-3*01,TRBJ1-6*01,CALSDNTNADKLTF,tgtgctctaagtgataacaccaatgcagacaaattaaccttt,CASSYLVNSPLYF,tgtgccagcagttacctagttaattcgcccctctacttt,1,0,1,1,1
clonotype482,UNK_S,1,TRAV25*01,TRAJ9*01,TRBV12-4*01,TRBJ1-6*01,CAGPDTGGFKTVF,tgcgcagggccggatactggaggcttcaaaactgtcttt,CASGLDRYSPLYF,tgtgccagtggtttggacagatactcgcccctctacttt,1,0,1,1,1
clonotype483,UNK_S,1,TRAV16*01,TRAJ58*01,TRBV4-2*01,TRBJ1-6*01,CALSGQTGGSRLTF,tgtgctctaagtggacaaaccggtggctctaggttgaccttt,CASSQEFYNSPLYF,tgcgccagcagccaagaattctataattcgcccctctacttt,1,0,1,1,1
clonotype484,UNK_S,1,TRAV27*01,TRAJ33*01,TRBV6-3*01,TRBJ2-5*01,CAVPPMDSNYQLIW,tgtgcagttcctccaatggatagcaactatcagttaatctgg,CASSQTGLGETQYF,tgtgccagcagtcagactgggctgggtgagacccagtacttc,1,0,1,1,1
clonotype485,UNK_S,1,TRAV13-1*01,TRAJ33*01,TRBV6-3*01,TRBJ2-3*01,CAASIEGYQLIW,tgcgcagcgagtatcgaaggctatcagttaatctgg,CASSYNPVSDPQYF,tgtgccagcagttacaacccagtatcagatccgcagtatttt,1,0,1,1,1
clonotype486,UNK_S,1,TRAV25*01,TRAJ27*01,TRBV6-3*01,TRBJ2-7*01,CAGMAAVEGDKLTF,tgcgcagggatggccgccgtggaaggagacaaattaaccttt,CASSYQWGFDEQYF,tgtgccagcagttaccagtgggggtttgacgagcagtacttc,1,0,1,1,1
clonotype488,UNK_S,1,TRAV18*01,TRAJ50*01,TRBV27*01,TRBJ1-6*01,CVLGGTSYNKLMF,tgtgttctggggggcacctcctacaacaagctgatgttt,CASSFGGANSPLYF,tgtgccagcagttttggaggagccaattcgcccctctacttt,1,0,1,1,1
clonotype489,UNK_S,1,TRAV4*01,TRAJ24*01,TRBV3-3*01,TRBJ2-7*01,CLVGDGPTDSWGKLQF,tgcctcgtgggtgacggcccaactgacagctgggggaaattgcagttt,CASSSTGTEYEQYF,tgtgccagcagttccaccgggacagaatacgagcagtacttc,1,0,1,1,1
clonotype49,UNK_S,5,TRAV29*01,TRAJ2*01,TRBV6-3*01,TRBJ2-7*01,CAASSHTGGTIDKLTF,tgtgcagcaagctctcatactggaggaacaattgataaactcacattt,CASSSRDGHVGKQYF,tgtgccagcagttcccgggacggccatgttgggaagcagtacttc,5,0,5,1,1
clonotype490,UNK_S,1,TRAV35*01,TRAJ24*01,TRBV9*01,TRBJ2-3*01,CAGPTTDSWGKLQF,tgtgccggccccacaactgacagctgggggaaattgcagttt,CASSEHWGSDPQYF,tgtgccagcagcgaacattggggttcagatccgcagtatttt,1,0,1,1,1
clonotype491,UNK_S,1,TRAV21*01,TRAJ54*01,TRBV6-2*01,TRBJ1-5*01,CAVRTQGAQKLVF,tgtgctgtgagaactcagggagcccagaagctggtattt,CASSGFFSNQPQYF,tgtgccagcagcgggttttttagcaatcagccccagtatttt,1,0,1,1,1
clonotype492,UNK_S,1,TRAV13-1*01,TRAJ41*01,TRBV6-2*01,TRBJ2-2*01,CAASMDSGYALNF,tgcgcagcgagtatggactccgggtatgcactgaacttc,CASSEEGGDAQLFF,tgtgccagcagtgaagaagggggtgacgcgcagctgttcttt,1,0,1,1,1
clonotype494,UNK_S,1,TRAV13-1*01,TRAJ43*01,TRBV6-1*01,TRBJ2-7*01,CAATTYNNNDMRF,tgcgcagcgaccacatacaataacaatgacatgcgcttt,CASSMGTRNYEQYF,tgtgcctcctcaatggggacgagaaactacgagcagtacttc,1,0,1,1,1
clonotype495,UNK_S,1,TRAV8-2*01,TRAJ43*01,TRBV6-3*01,TRBJ2-7*01,CAVNEDNNDMRF,tgtgctgtgaatgaggataacaatgacatgcgcttt,CASSYWTKIFGQYF,tgtgccagcagttactggacaaaaattttcgggcagtacttc,1,0,1,1,1
clonotype496,UNK_S,1,TRAV12-1*01,TRAJ50*01,TRBV3-3*01,TRBJ2-1*01,CAVRASYNKLMF,tgtgcagtgcgggcgtcctacaacaagctgatgttt,CASSHDWGTNEQFF,tgtgccagcagccacgactgggggacgaatgagcagttcttt,1,0,1,1,1
clonotype499,UNK_S,1,TRAV9-2*01,TRAJ27*01,TRBV27*01,TRBJ2-5*01,CALSNTNADKLTF,tgtgctctgagtaacaccaatgcagacaaattaaccttt,CASSLRLLQETQYF,tgtgccagcagtttaagactgctccaagagacccagtacttc,1,0,1,1,1
clonotype5,UNK_S,217,TRAV12-3*01,TRAJ26*01,TRBV9*01,TRBJ2-2*01,CAMSHNYGQNLIF,tgtgcaatgagccataactatggtcagaatttgatcttc,CASSPQGDWGPNTAQLFF,tgtgccagcagcccccagggggactggggacctaacaccgcgcagctgttcttt,217,0,217,1,1
clonotype500,UNK_S,1,TRAV8-2*01,TRAJ6*01,TRBV19*01,TRBJ1-1*01,CAVNQGGGYVLTF,tgtgctgtgaatcaaggaggaggctacgtacttacattt,CASSISDRDTEAFF,tgtgccagtagtatttctgacagggacactgaagctttcttt,1,0,1,1,1
clonotype502,UNK_S,1,TRAV12-1*01,TRAJ29*01,TRBV7-4*01,TRBJ2-7*01,CAVRNSGNRALVF,tgtgcagtgcggaattcaggaaacagagctcttgtcttt,CASSLTEPYEQYF,tgtgccagcagcttaacagaaccttacgagcagtacttc,1,0,1,1,1
clonotype504,UNK_S,1,TRAV8-3*01,TRAJ12*01,TRBV19*01,TRBJ2-1*01,CAVSVEDSDYKLIF,tgtgctgtgagtgtagaggatagcgactataaattgatcttt,CASSIDTGSNEQFF,tgtgccagtagtatagatacagggagcaatgagcagttcttt,1,0,1,1,1
clonotype506,UNK_S,1,TRAV3*01,TRAJ26*01,TRBV6-1*01,TRBJ2-5*01,CAVRDTTYGQNFIF,tgtgctgtgagagatactacctatggtcagaattttatcttc,CASSEDFYAETQYF,tgtgccagcagtgaagatttctacgcagagacccagtacttc,1,0,1,1,1
clonotype509,UNK_S,1,TRAV13-1*01,TRAJ9*01,TRBV6-8*01,TRBJ2-1*01,CAASGPNTGGFKTVF,tgcgcagcgagtgggcccaatactggaggcttcaaaactgtcttt,CASIDRVAYNEQFF,tgtgccagcatcgacagggtagcctacaatgagcagttcttt,1,0,1,1,1
clonotype51,UNK_S,4,TRAV18*01,TRAJ12*01,TRBV10-2*01,TRBJ2-7*01,CVLRDKDSDYKLIF,tgtgttctgagagataaggatagcgactataaattgatcttt,CASSVFGWSYEQYF,tgtgccagcagtgtatttgggtggtcctacgagcagtacttc,4,0,4,1,1
clonotype510,UNK_S,1,TRAV14-2*01,TRAJ31*01,TRBV20-1*01,TRBJ2-3*01,CASRNNNDRVIF,tgtgcgtcgcgaaataacaatgacagagtcatcttt,CSARGDWGETTDPQYF,tgcagtgctagaggggactggggggaaaccacagatccgcagtatttt,1,0,1,1,1
clonotype513,UNK_S,1,TRAV8-5*01,TRAJ45*01,TRBV6-3*01,TRBJ2-1*01,CAVGSGGSANRLTF,tgtgctgtggggtcaggaggaagtgctaacagactcaccttt,CASTDWGDTGEQFF,tgtgccagcacggactggggggataccggtgagcagttcttt,1,0,1,1,1
clonotype514,UNK_S,1,TRAV10*01,TRAJ9*01,TRBV6-3*01,TRBJ1-4*01,CVVRGNTGGFKTVF,tgtgtggtgagggggaatactggaggcttcaaaactgtcttt,CASRKGVQNEKLFF,tgtgccagcagaaagggagtgcaaaatgaaaaactgtttttt,1,0,1,1,1
clonotype515,UNK_S,1,TRAV8-5*01,TRAJ21*01,TRBV6-3*01,TRBJ1-5*01,CAVSDHRNFNKFYF,tgtgctgtgagtgatcatcgcaacttcaacaaattttacttt,CASRPGQGSQPQYF,tgtgccagcagaccaggacaggggagtcagccccagtatttt,1,0,1,1,1
clonotype516,UNK_S,1,TRAV12-1*01,TRAJ10*01,TRBV6-8*01,TRBJ2-3*01,CAVMGIMGGGNKLTF,tgtgcagtgatggggatcatgggaggaggaaacaaactcaccttt,CASSEARGLDPQYF,tgtgccagcagtgaagcgaggggattagatccgcagtatttt,1,0,1,1,1
clonotype519,UNK_S,1,TRAV8-5*01,TRAJ43*01,TRBV11-2*01,TRBJ1-5*01,CAVSLTNNNNDIRF,tgtgctgtgagcctaaccaacaacaacaatgacatacgcttt,CASSLFSNQPQYF,tgtgccagcagcttattcagcaatcagccccagtatttt,1,0,1,1,1
clonotype520,UNK_S,1,TRAV19*01,TRAJ48*01,TRBV9*01,TRBJ2-1*01,CALNNFGNEKLTF,tgtgctctgaataactttggaaatgagaaattaaccttt,CASSEAGLGGEQFF,tgtgccagcagcgaagctgggttggggggtgagcagttcttt,1,0,1,1,1
clonotype522,UNK_S,1,TRAV38-1*01,TRAJ27*01,TRBV6-3*01,TRBJ2-7*01,CAFMKLANADKLTF,tgtgctttcatgaagctggccaatgcagacaaattaaccttt,CASSLGGDSREQYF,tgtgccagcagtttagggggggactcccgcgagcagtacttc,1,0,1,1,1
clonotype523,UNK_S,1,TRAV10*01,TRAJ27*01,TRBV11-2*01,TRBJ2-1*01,CVVSAFNTNADKLTF,tgtgtggtgagcgcctttaacaccaatgcagacaaattaaccttt,CASSFPRGGEQFF,tgtgccagcagctttccgagaggcggtgagcagttcttt,1,0,1,1,1
clonotype524,UNK_S,1,TRAV12-2*01,TRAJ35*01,TRBV12-2*01,TRBJ2-7*01,CAVNIPEGGFGNVLHF,tgtgccgtgaacatacctgaaggtggctttgggaatgtgttgcatttc,CASSLATNYEQYF,tgtgccagcagtttagccaccaactacgagcagtacttc,1,0,1,1,1
clonotype525,UNK_S,1,TRAV19*01,TRAJ36*01,TRBV21-1*01,TRBJ2-3*01,CALSPQTGVNNLFF,tgtgctctgagccctcaaactggggtaaacaacctcttcttt,CASRGRYTDPQYF,tgtgccagcaggggacggtacacagatccgcagtatttt,1,0,1,1,1
clonotype526,UNK_S,1,TRAV29*01,TRAJ34*01,TRBV6-3*01,TRBJ2-4*01,CAPYNANKLIF,tgtgcaccttataacgccaacaagctcatcttt,CASSYTFGQNTQYF,tgtgccagcagttacacctttggtcaaaacactcagtacttc,1,0,1,1,1
clonotype527,UNK_S,1,TRAV19*01,TRAJ29*01,TRBV7-10*01,TRBJ1-2*01,CALNEGHSGNRALVF,tgtgctctgaatgaaggccattcaggaaacagagctcttgtcttt,CASTQQTGDDYTF,tgtgccagcacccaacagacaggggatgactacaccttc,1,0,1,1,1
clonotype528,UNK_S,1,TRAV38-2*01,TRAJ33*01,TRBV10-1*01,TRBJ2-7*01,CAYRNLMDSNYQLIW,tgtgcttataggaacctaatggatagcaactatcagttaatctgg,CASKRASTTDEQYF,tgcgccagcaaaagggcaagcacgacggacgagcagtacttc,1,0,1,1,1
clonotype529,UNK_S,1,TRAV14-2*01,TRAJ5*01,TRBV27*01,TRBJ1-5*01,CAMRPMDTGRRALTF,tgtgcaatgagaccgatggacacgggcaggagagcacttactttt,CASSKQGDNQPQYF,tgtgccagcagtaaacagggggacaatcagccccagtatttt,1,0,1,1,1
clonotype53,UNK_S,4,TRAV30*01,TRAJ42*01,TRBV4-3*01,TRBJ2-1*01,CGAEMGYGGSQGNLIF,tgtggtgcagagatgggatatggaggaagccaaggaaatctcatcttt,CASSQRNLGGEQFF,tgcgccagcagccagcgaaacctagggggtgagcagttcttt,4,0,4,1,1
clonotype533,UNK_S,1,TRAV29*01,TRAJ31*01,TRBV7-5*01,TRBJ2-1*01,CAARDNNDRVIF,tgtgcagcaagggataacaatgacagagtcatcttt,CASSHRDWSEQFF,tgtgccagcagccaccgggactggagtgagcagttcttt,1,0,1,1,1
clonotype534,UNK_S,1,TRAV29*01,TRAJ34*01,TRBV27*01,TRBJ2-7*01,CAASAGANKLIF,tgtgcagcaagcgcgggcgccaacaagctcatcttt,CASCGPGVAYEQYF,tgtgccagctgcggaccaggggtcgcgtacgagcagtacttc,1,0,1,1,1
clonotype536,UNK_S,1,TRAV23-3*01,TRAJ49*01,TRBV2-2*01,TRBJ1-2*01,CAASIRTGNQLYF,tgtgcagcaagcatacggaccggtaaccagttgtatttt,CASSSGTGYDYTF,tgtgccagcagttccgggacagggtatgactacaccttc,1,0,1,1,1
clonotype54,UNK_S,4,TRAV19*01,TRAJ50*01,TRBV12-2*01,TRBJ2-7*01,CALNDATTSYNKLMF,tgtgctctgaatgacgcgacaacctcctacaacaagctgatgttt,CASSQDWGRYEQYF,tgtgccagcagtcaggactgggggcgctacgagcagtacttc,4,0,4,1,1
clonotype56,UNK_S,3,TRAV22-2*01,TRAJ48*01,TRBV6-1*01,TRBJ1-5*01,CAVNFGNEKLTF,tgtgctgtgaactttggaaatgagaaattaaccttt,CASSEKTGYSNQPQYF,tgtgccagcagtgaaaagacaggttacagcaatcagccccagtatttt,3,0,3,1,1
clonotype57,UNK_S,3,TRAV22-1*01,TRAJ11*01,TRBV2-3*01,TRBJ2-5*01,CAVGSGYSTLTF,tgtgctgtgggttcaggatacagcacactcaccttt,CASSRNWGEIGETQYF,tgtgccagcagtagaaactggggggagatcggggagacccagtacttc,3,0,3,1,1
clonotype58,UNK_S,3,TRAV8-4*01,TRAJ43*01,TRBV14*01,TRBJ2-1*01,CAAGTDDIRF,tgtgctgcggggacagatgacatacgcttt,CASSPSGEQFF,tgtgccagcagcccgagcggtgagcagttcttt,3,0,3,1,1
clonotype6,UNK_S,173,TRAV16*01,TRAJ4*01,TRBV5-6*01,TRBJ2-1*01,CALRAEFSGGYDKLIF,tgtgctctaagggcggaattttctggtggctacgataagctgattttt,CASSFTGTVHNEQFF,tgtgccagcagcttcaccgggacagtccacaatgagcagttcttt,173,0,173,1,1
clonotype61,UNK_S,3,TRAV16*01,TRAJ6*01,TRBV6-3*01,TRBJ2-5*01,CALSGGGYVLTF,tgtgctctatcaggaggaggctacgtacttacattt,CASSRPLGHETQYF,tgtgccagcagtcgaccattgggccatgagacccagtacttc,3,0,3,1,1
clonotype63,UNK_S,3,TRAV12-1*01,TRAJ3*01,TRBV2-3*01,TRBJ2-7*01,CAVRVSYSSASKIIF,tgtgcagtgcgtgtctcgtacagcagtgcttccaagatcatcttt,CASSDPAAYEQYF,tgtgccagcagtgaccccgcagcttacgagcagtacttc,3,0,3,1,1
clonotype634,UNK_S,1,TRAV12-2*01,TRAJ47*01,TRBV3-1*01,TRBJ1-5*01,CAVYKLIF,tgtgccgtctacaagctgatcttc,CASSQDVGRVQPQYF,tgtgccagcagccaagacgtggggcgcgttcagccccagtatttt,1,0,1,1,1
clonotype635,UNK_S,1,TRAV1-1*01,TRAJ6*01,TRBV3-4*01,TRBJ2-3*01,CAVASGGGYVLTF,tgtgctgtggcgtcaggaggaggctacgtacttacattt,CASSRNWGDTDPQYF,tgtgccagcagtcgtaactggggggacacagatccgcagtatttt,1,0,1,1,1
clonotype637,UNK_S,1,TRAV4*01,TRAJ37*01,TRBV6-1*01,TRBJ1-6*01,CLVGDLSNTGKLIF,tgcctcgtgggtgacttgagcaacacaggcaaactgatcttt,CASSEYNRGNSPLYF,tgtgccagcagtgaatacaacaggggcaattcgcccctctacttt,1,0,1,1,1
clonotype638,UNK_S,1,TRAV30*01,TRAJ23*01,TRBV7-3*01,TRBJ2-3*01,CGAEGGKLIF,tgtggtgcagagggcggaaagcttatcttc,CASSIGQGTDPQYF,tgtgccagcagcattggacaggggacagatccgcagtatttt,1,0,1,1,1
clonotype639,UNK_S,1,TRAV22-2*01,TRAJ36*01,TRBV12-2*01,TRBJ2-3*01,CAVQTGVNNLFF,tgtgctgttcaaactggggtaaacaacctcttcttt,CASSPRSGADPQYF,tgtgccagcagtccccggagcggcgcagatccgcagtatttt,1,0,1,1,1
clonotype64,UNK_S,3,TRAV22-1*01,TRAJ42*01,TRBV3-2*01,TRBJ2-3*01,CAVESGGSQGNLIF,tgtgctgtggagtcgggaggaagccaaggaaatctcatcttt,CASSQEGLGGDPQYF,tgtgccagcagccaagagggactggggggagatccgcagtatttt,3,0,3,1,1
clonotype641,UNK_S,1,TRAV39*01,TRAJ26*01,TRBV7-6*01,TRBJ2-5*01,CAVDIRYGQNFIF,tgcgccgtggacatacgctatggtcagaattttatcttc,CASSLRGVWETQYF,tgtgccagcagtcttaggggggtctgggagacccagtacttc,1,0,1,1,1
clonotype642,UNK_S,1,TRAV8-3*01,TRAJ16*01,TRBV27*01,TRBJ1-4*01,CAVNGQKLLF,tgtgctgtgaacggccagaagctgctcttt,CASSLGQDINEKLFF,tgtgccagcagtttaggacaggacattaatgaaaaactgtttttt,1,0,1,1,1
clonotype644,UNK_S,1,TRAV16*01,TRAJ58*01,TRBV9*01,TRBJ2-3*01,CALSGQTGGSRLTF,tgtgctctaagtggacaaaccggtggctctaggttgaccttt,CASSDDWGLADPQYF,tgtgccagcagcgatgactgggggctggcggatccgcagtatttt,1,0,1,1,1
clonotype645,UNK_S,1,TRAV16*01,TRAJ58*01,TRBV9*01,TRBJ2-3*01,CALSGQTGVSRFTF,tgtgctctaagtggacaaaccggtgtatctaggtttaccttt,CASSDDWGLADPQYF,tgtgccagcagcgatgactgggggctggcggatccgcagtatttt,1,0,1,1,1
clonotype647,UNK_S,1,TRAV17*01,TRAJ29*01,TRBV15*01,TRBJ1-4*01,CATDAGNRALVF,tgtgctacggatgcaggaaacagagctcttgtcttt,CASSKETDWSEKLFF,tgtgccagcagcaaagagacagattggtcagaaaaactgtttttt,1,0,1,1,1
clonotype648,UNK_S,1,TRAV8-3*01,TRAJ47*01,TRBV11-1*01,TRBJ1-6*01,CAVSYGNKLIF,tgtgctgtgagttatggaaacaagctgatcttc,CASSLRTGNSPLYF,tgtgccagcagcttaaggacaggaaattcgcccctctacttt,1,0,1,1,1
clonotype649,UNK_S,1,TRAV18*01,TRAJ34*01,TRBV6-1*01,TRBJ2-5*01,CVLRDDHNANKLIF,tgtgttctgagagatgatcataacgccaacaagctcatcttt,CASSEGRGILETQYF,tgtgccagcagtgaaggcagggggattttggagacccagtacttc,1,0,1,1,1
clonotype65,UNK_S,3,TRAV5*01,TRAJ4*01,TRBV5-8*01,TRBJ2-7*01,CAEIPSGGYDKLIF,tgtgcagagattccttctggtggctacgataagctgattttt,CTSSPGLRPVYEQYF,tgcaccagcagccccggcctccggccggtctacgagcagtacttc,4,3,6,2,1
clonotype650,UNK_S,1,TRAV21*01,TRAJ54*01,TRBV6-3*01,TRBJ2-5*01,CAVRYRGAQKLVF,tgtgctgtgagataccggggagcccagaagctggtattt,CASSTTGGGQETQYF,tgtgccagcagtacgactggggggggacaagagacccagtacttc,1,0,1,1,1
clonotype653,UNK_S,1,TRAV19*01,TRAJ40*01,TRBV5-6*01,TRBJ2-7*01,CALRNYKYIF,tgtgctctccgaaactacaaatacatcttt,CASSLGTGYSYEQYF,tgtgccagcagcttgggaactggatactcctacgagcagtacttc,1,0,1,1,1
clonotype654,UNK_S,1,TRAV12-1*01,TRAJ16*01,TRBV4-3*01,TRBJ1-4*01,CAVRRKGQKLLF,tgtgcagtgcgtaggaagggccagaagctgctcttt,CASSQPGTADEKLFF,tgcgccagcagccaacccgggacagcggatgaaaaactgtttttt,1,0,1,1,1
clonotype655,UNK_S,1,TRAV8-5*01,TRAJ39*01,TRBV14*01,TRBJ2-5*01,CAVTRRGNVLTF,tgtgctgtgacacggcggggcaacgtgctcacattt,CASSQKNWVETQYF,tgtgccagcagccaaaaaaactgggttgagacccagtacttc,1,0,1,1,1
clonotype656,UNK_S,1,TRAV8-5*01,TRAJ16*01,TRBV14*01,TRBJ2-3*01,CAGLRGGQKLLF,tgtgctggcctcaggggaggccagaagctgctcttt,CASSQVAGTDPQYF,tgtgccagcagccaagtggccggcacagatccgcagtatttt,1,0,1,1,1
clonotype657,UNK_S,1,TRAV13-2*01,TRAJ17*01,TRBV19*01,TRBJ2-7*01,CAGLNVASNKLTF,tgtgcagggctcaatgttgcaagcaacaagctaactttt,CASSSRQVWPYEQYF,tgtgccagtagttccagacaggtctggccctacgagcagtacttc,1,0,1,1,1
clonotype659,UNK_S,1,TRAV20*01,TRAJ13*01,TRBV6-1*01,TRBJ2-7*01,CAVQDSGSYQKVTF,tgtgctgtgcaggattctggaagctaccagaaagttaccttt,CASSEGGGGSYEQYF,tgtgccagcagtgaagggggtggggggagctacgagcagtacttc,1,0,1,1,1
clonotype66,UNK_S,3,TRAV22-1*01,TRAJ12*01,TRBV7-6*01,TRBJ1-4*01,CAVEMDSDYKLIF,tgtgctgtggagatggatagcgactataaattgatcttt,CASSFQEHGNEKLFF,tgtgccagcagcttccaggaacatgggaatgaaaaactgtttttt,3,0,3,1,1
clonotype661,UNK_S,1,TRAV13-1*01,TRAJ24*01,TRBV13*01,TRBJ2-3*01,CAPLTTDSWGKLQF,tgcgcacccctgacaactgacagctgggggaaattgcagttt,CASRETDPQYF,tgtgccagcagagagacagatccgcagtatttt,1,0,1,1,1
clonotype663,UNK_S,1,TRAV8-2*01,TRAJ43*01,TRBV6-2*01,TRBJ2-4*01,CAVNDPLNNNDMRF,tgtgctgtgaatgatcccctcaataacaatgacatgcgcttt,CASSERSEGQNTQYF,tgtgccagcagtgagcggtccgagggccaaaacactcagtacttc,1,0,1,1,1
clonotype664,UNK_S,1,TRAV38-1*01,TRAJ47*01,TRBV6-3*01,TRBJ1-2*01,CAFIRYGNKLIF,tgtgctttcattcgatatggaaacaagctgatcttc,CASSGGTDSNYDYTF,tgtgccagcagtggagggacagactctaactatgactacaccttc,1,0,1,1,1
clonotype666,UNK_S,1,TRAV20*01,TRAJ53*01,TRBV2-3*01,TRBJ2-2*01,CAVQDSGSSNYKLTF,tgtgctgtgcaggatagtggaagtagcaactataaactgacattt,CASSEALGPAQLFF,tgtgccagcagtgaagcgttgggacccgcgcagctgttcttt,1,0,1,1,1
clonotype667,UNK_S,1,TRAV6*01,TRAJ4*01,TRBV7-3*01,TRBJ2-7*01,CALVEPGGYDKLIF,tgtgctctagtagagcctggtggctacgataagctgattttt,CANWCKQSSYEQYF,tgtgcaaactggtgtaaacagagctcctacgagcagtacttc,1,0,1,1,1
clonotype669,UNK_S,1,TRAV20*01,TRAJ41*01,TRBV10-2*01,TRBJ2-4*01,CAVHLNSNSGYALNF,tgtgctgtgcatttgaactcaaactccgggtatgcactgaacttc,CASSELGDSQNTQYF,tgtgccagcagtgaactgggggacagccaaaacactcagtacttc,1,0,1,1,1
clonotype67,UNK_S,3,TRAV13-1*01,TRAJ6*01,TRBV12-3*01,TRBJ1-4*01,CAASNRGGGYVLTF,tgcgcagcgagtaaccgaggaggaggctacgtacttacattt,CASSQLGTENEKLFF,tgtgccagcagtcagttggggacagagaatgaaaaactgtttttt,3,0,3,1,1
clonotype670,UNK_S,1,TRAV36*01,TRAJ39*01,TRBV10-2*01,TRBJ2-7*01,CAVENNNAGNVLTF,tgtgctgtggaaaataataatgcaggcaacgtgctcacattt,CASSESDWGVYEQYF,tgtgccagcagtgagtccgactggggggtatacgagcagtacttc,1,0,1,1,1
clonotype671,UNK_S,1,TRAV13-1*01,TRAJ22*01,TRBV10-2*01,TRBJ1-2*01,CAAVPSSDSGWQLTF,tgcgcagcggttccttcttctgattctggctggcaactgaccttt,CASSESWDANYDYTF,tgtgccagcagtgagtcgtgggacgctaactatgactacaccttc,1,0,1,1,1
clonotype672,UNK_S,1,TRAV24*01,TRAJ34*01,TRBV6-3*01,TRBJ2-5*01,CALHLDNANKLIF,tgtgccctacacctcgataacgccaacaagctcatcttt,CASSYGSGFAETQYF,tgtgccagcagttacggctctgggttcgcagagacccagtacttc,1,0,1,1,1
clonotype674,UNK_S,1,TRAV8-3*01,TRAJ49*01,TRBV2-3*01,TRBJ2-1*01,CAVIHDWGTGNQLYF,tgtgctgtgattcacgactggggcaccggtaaccagttgtatttt,CASSELGGESEQFF,tgtgccagcagtgaactggggggagagagtgagcagttcttt,1,0,1,1,1
clonotype675,UNK_S,1,TRAV13-1*01,TRAJ2*01,TRBV24-1*01,TRBJ1-4*01,CAASAATGGTIDKLTF,tgcgcagcgagtgccgctactggaggaacaattgataaactcacattt,CATSDRDGYNEKLFF,tgtgccaccagtgaccgggacggatataatgaaaaactgtttttt,1,0,1,1,1
clonotype677,UNK_S,1,TRAV8-3*01,TRAJ49*01,TRBV7-9*01,TRBJ1-6*01,CAVSAPGRTGNQLYF,tgtgctgtgagtgcccccggacgtaccggtaaccagttgtatttt,CASSLGRGNSPLYF,tgtgccagcagcttaggtaggggaaattcgcccctctacttt,1,0,1,1,1
clonotype678,UNK_S,1,TRAV30*01,TRAJ28*01,TRBV27*01,TRBJ2-1*01,CGAEGGRSGAGSYQLTF,tgtggtgcagagggtggaaggtctggggctgggagttaccaactcactttc,CASSLTGSSYNEQFF,tgtgccagcagtctgacggggagctcctacaatgagcagttcttt,1,0,1,1,1
clonotype679,UNK_S,1,TRAV19*01,TRAJ42*01,TRBV24-1*01,TRBJ2-3*01,CALSFYGGSQGNLIF,tgtgctctgagtttttatggaggaagccaaggaaatctcatcttt,CATSDLAGAGDPQYF,tgtgccaccagtgatttggcgggagctggggatccgcagtatttt,1,0,1,1,1
clonotype68,UNK_S,3,TRAV19*01,TRAJ36*01,TRBV21-1*01,TRBJ2-1*01,CALNEQTGVNNLFF,tgtgctctgaatgaacaaactggggtaaacaacctcttcttt,CASRLKYGEQFF,tgtgccagcagattaaaatacggtgagcagttcttt,3,0,3,1,1
clonotype682,UNK_S,1,TRAV19*01,TRAJ40*01,TRBV5-8*01,TRBJ1-6*01,CALNEATTGNYKYIF,tgtgctctgaatgaagctaccacaggaaactacaaatacatcttt,CASSTETGVNSPLYF,tgcgccagcagcaccgaaacaggggttaattcgcccctctacttt,1,0,1,1,1
clonotype686,UNK_S,1,TRAV19*01,TRAJ16*01,TRBV4-3*01,TRBJ2-3*01,CALNARFSDGQKLLF,tgtgctctgaatgcccggttttcagatggccagaagctgctcttt,CASSQDGDRVDPQYF,tgcgccagcagccaagatggcgacagggtggatccgcagtatttt,1,0,1,1,1
clonotype687,UNK_S,1,TRAV14-2*01,TRAJ43*01,TRBV9*01,TRBJ1-6*01,CAMRDYPAGNNDMRF,tgtgcaatgagggactacccggcgggaaacaatgacatgcgcttt,CASSPGVDYNSPLYF,tgtgccagcagccccggggtggactataattcgcccctctacttt,1,0,1,1,1
clonotype688,UNK_S,1,TRAV29*01,TRAJ43*01,TRBV6-3*01,TRBJ2-2*01,CAVSNNNNDIRF,tgtgcagtctcgaacaacaacaatgacatacgcttt,CASSTGPDYTAQLFF,tgtgccagctccacggggccggattacaccgcgcagctgttcttt,1,0,1,1,1
clonotype689,UNK_S,1,TRAV19*01,TRAJ2*01,TRBV2-1*01,TRBJ2-7*01,CALNDHTGGTIDKLTF,tgtgctctgaatgaccatactggaggaacaattgataaactcacattt,CASSPGPSSYEQYF,tgtgccagcagtccgggcccaagctcctacgagcagtacttc,1,0,1,1,1
clonotype69,UNK_S,3,TRAV23-4*01,TRAJ49*01,TRBV23-1*01,TRBJ1-2*01,CAATSNTGNQLYF,tgtgcagctacttcgaacaccggtaaccagttgtatttt,CASSQSILTWTYYDYTF,tgtgccagcagccaatcgatattgacgtggacttactatgactacaccttc,3,0,3,1,1
clonotype690,UNK_S,1,TRAV38-2*01,TRAJ57*01,TRBV3-2*01,TRBJ2-2*01,CAYRSWVWGGSEKLVF,tgtgcttataggagttgggtttggggcggatctgaaaagctcgtcttt,CASSPPTVLPAQLFF,tgtgccagcagcccgccgactgtcctccccgcgcagctgttcttt,1,0,1,1,1
clonotype696,UNK_S,1,TRAV23-1*01,TRAJ43*01,TRBV2-1*01,TRBJ2-4*01,CAAGRNNDIRF,tgtgcagcagggcgcaacaatgacatacgcttt,CASSERLSQNTQYF,tgtgccagcagtgaaaggttgagccaaaacactcagtacttc,1,0,1,1,1
clonotype697,UNK_S,1,TRAV29*01,TRAJ30*01,TRBV12-4*01,TRBJ1-1*01,CAATQNRDDKIIF,tgtgcagcaacccagaacagagatgacaaaatcatcttt,CASGLSGRGTEAFF,tgtgccagtggtttgtcgggcagggggactgaagctttcttt,1,0,1,1,1
clonotype7,UNK_S,130,TRAV12-2*01,TRAJ58*01,TRBV19*01,TRBJ2-6*01,CAVKSSQTGGSRLTF,tgtgccgtgaaatcatcgcaaaccggtggctctaggttgaccttt,CASSRGELLSGASVLTF,tgtgccagtagtcggggggaactgttatctggggccagcgtcctgactttc,130,0,130,1,1
clonotype700,UNK_S,1,TRAV29*01,TRAJ44*01,TRBV7-6*01,TRBJ2-4*01,CAAIRDTGIASKLTF,tgtgcagcaattcgagacaccggcattgccagtaaactcaccttt,CASSLSGVRNTQYF,tgtgccagcagcttatcaggggttcgaaacactcagtacttc,1,0,1,1,1
clonotype701,UNK_S,1,TRAV19*01,TRAJ52*01,TRBV27*01,TRBJ1-1*01,CALNLLPNAGGAGYGKLTF,tgtgctctgaatcttctccctaatgctggtggtgctggctatggaaagctgacattt,CASSLSPDRGSEAFF,tgtgccagcagtttatctcccgacaggggaagtgaagctttcttt,1,0,1,1,1
clonotype71,UNK_S,2,TRAV22-1*01,TRAJ2*01,TRBV29-1*01,TRBJ2-2*01,CAAGGTIDKLTF,tgtgctgctggaggaacaattgataaactcacattt,CSVAGLANTAQLFF,tgcagcgttgcagggctagctaacaccgcgcagctgttcttt,2,0,2,1,1
clonotype72,UNK_S,2,TRAV22-3*01,TRAJ36*01,TRBV9*01,TRBJ2-7*01,CAVETGVNNLFF,tgtgctgtggaaactggggtaaacaacctcttcttt,CASSLALGEQYF,tgtgccagcagcttagctttgggtgagcagtacttc,2,0,2,1,1
clonotype73,UNK_S,2,TRAV20*01,TRAJ13*01,TRBV6-1*01,TRBJ2-7*01,CAVLLSGSYQKVTF,tgtgctgtgcttttatctggaagctaccagaaagttaccttt,CASRGEGYEQYF,tgtgccagcaggggggaagggtacgagcagtacttc,2,0,2,1,1
clonotype74,UNK_S,2,TRAV12-1*01,TRAJ43*01,TRBV2-3*01,TRBJ2-7*01,CAVRILSSDMRF,tgtgcagtgcgtatactgagtagtgacatgcgcttt,CASSEEAGRIYEQYF,tgtgccagcagtgaagaggcggggcgaatctacgagcagtacttc,2,0,2,1,1
clonotype75,UNK_S,2,TRAV23-4*01,TRAJ52*01,TRBV2-1*01,TRBJ2-7*01,CAASIAGGAGYGKLTF,tgcgcagcaagtatcgctggtggtgctggctatggaaagctgacattt,CASRGGGYEQYF,tgtgccagcagaggggggggctacgagcagtacttc,2,0,2,1,1
clonotype76,UNK_S,2,TRAV6*01,TRAJ16*01,TRBV27*01,TRBJ2-7*01,CALDTPGGQKLLF,tgtgctctagacactccgggtggccagaagctgctcttt,CASSFDRSYEQYF,tgtgccagcagtttcgacagatcctacgagcagtacttc,2,0,2,1,1
clonotype78,UNK_S,2,TRAV19*01,TRAJ6*01,TRBV25-1*01,TRBJ2-3*01,CALNEAGPGGGYVLTF,tgtgctctgaatgaagcgggaccaggaggaggctacgtacttacattt,CASSDRVRADPQYF,tgtgccagcagtgacagggtacgggcagatccgcagtatttt,2,0,2,1,1
clonotype783,UNK_S,1,TRAV1-2*01,TRAJ12*01,TRBV19*01,TRBJ2-6*01,CAVKDSDYKLIF,tgtgctgtgaaggatagcgactataaattgatcttt,CASSINEHSGASVLTF,tgtgccagtagtataaatgaacactctggggccagcgtcctgactttc,1,0,1,1,1
clonotype784,UNK_S,1,TRAV1-2*01,TRAJ33*01,TRBV6-1*01,TRBJ2-6*01,CAVRESNYQLIW,tgtgctgtgagagagagcaactatcagttaatctgg,CASSEAVGSGASVLTF,tgtgccagcagtgaagctgtgggctctggggccagcgtcctgactttc,1,0,1,1,1
clonotype785,UNK_S,1,TRAV1-2*01,TRAJ12*01,TRBV18*01,TRBJ2-6*01,CAVMDSDYKLIF,tgtgctgtgatggatagcgactataaattgatcttt,CASSSSGHSGASVLTF,tgtgccagtagctcatcgggacactctggggccagcgtcctgactttc,1,0,1,1,1
clonotype786,UNK_S,1,TRAV4*01,TRAJ43*01,TRBV7-4*01,TRBJ2-4*01,CLVGDRGNDIRF,tgcctcgtgggtgaccgaggcaatgacatacgcttt,CASSLNLGSGNTQYF,tgtgccagtagcttaaatcttgggtcgggaaacactcagtacttc,2,1,2,2,1
clonotype787,UNK_S,1,TRAV1-2*01,TRAJ12*01,TRBV4-3*01,TRBJ2-7*01,CAVMDSDYKLIF,tgtgctgttatggatagcgactataaattgatcttt,CASSQDQGTGGSEQYF,tgcgccagcagccaagatcaggggactggggggagcgagcagtacttc,1,0,1,1,1
clonotype788,UNK_S,1,TRAV4*01,TRAJ31*01,TRBV4-3*01,TRBJ1-6*01,CLVGDPVDRVIF,tgcctcgtgggtgatccggtggacagagtcatcttt,CASSQDGQGGNSPLYF,tgcgccagcagccaagatgggcagggcggtaattcgcccctctacttt,1,0,1,1,1
clonotype789,UNK_S,1,TRAV16*01,TRAJ43*01,TRBV12-2*01,TRBJ2-7*01,CALSVTNDIRF,tgtgctctaagtgtcaccaatgacatacgcttt,CASRRSSADLYEQYF,tgtgccagcagacggagtagcgcagacctctacgagcagtacttc,1,0,1,1,1
clonotype79,UNK_S,2,TRAV8-7*01,TRAJ40*01,TRBV6-1*01,TRBJ1-1*01,CAVSDTTGNYKYIF,tgtgctgtgagtgataccacaggaaactacaaatacatcttt,CASSEEGGDTEAFF,tgtgccagcagtgaggagggaggggacactgaagctttcttt,2,0,2,1,1
clonotype790,UNK_S,1,TRAV4*01,TRAJ35*01,TRBV7-4*01,TRBJ2-7*01,CLVGDISFGNVLHF,tgcctcgtgggtgacataagctttgggaatgtgttgcatttc,CASSPRTGRWNEQYF,tgtgccagcagcccaaggactgggcgctggaacgagcagtacttc,1,0,1,1,1
clonotype792,UNK_S,1,TRAV21*01,TRAJ31*01,TRBV27*01,TRBJ2-3*01,CAVNNNDRVIF,tgtgctgtaaataacaatgacagagtcatcttt,CASRISPPGRTDPQYF,tgtgccagcagaatttcacccccagggaggacagatccgcagtatttt,1,0,1,1,1
clonotype793,UNK_S,1,TRAV22-2*01,TRAJ44*01,TRBV19*01,TRBJ2-6*01,CAVEYTGIASKLTF,tgtgctgtggagtacaccggcattgccagtaaactcaccttt,CASSSSGHSGASVLTF,tgtgccagtagctcatcgggacactctggggccagcgtcctgactttc,1,0,1,1,1
clonotype794,UNK_S,1,TRAV41*01,TRAJ39*01,TRBV2-2*01,TRBJ2-5*01,CASYNAGNVLTF,tgcgcttcctataatgcaggcaacgtgctcacattt,CASSESRGSEETQYF,tgtgccagcagtgaatcgagggggtccgaagagacccagtacttc,1,0,1,1,1
clonotype795,UNK_S,1,TRAV12-3*01,TRAJ31*01,TRBV11-1*01,TRBJ2-3*01,CAMSDGRVIF,tgtgcaatgagcgacggcagagtcatcttt,CASSLRTGGTDPQYF,tgtgccagcagcttaagaacaggaggaacagatccgcagtatttt,1,0,1,1,1
clonotype796,UNK_S,1,TRAV9-1*01,TRAJ31*01,TRBV4-3*01,TRBJ1-3*01,CGLTYNNDRVIF,tgtggtctgacttataacaatgacagagtcatcttt,CASSQGGGGRLNTVYF,tgcgccagcagccaggggggcggggggcgcttaaacaccgtgtatttt,1,0,1,1,1
clonotype797,UNK_S,1,TRAV13-1*01,TRAJ22*01,TRBV4-1*01,TRBJ1-3*01,CAAIDSGWQLTF,tgcgcagcgatcgattctggctggcaactgaccttt,CASSQERTGDGNTVYF,tgcgccagcagccaagaaaggacaggggatggaaacaccgtgtatttt,1,0,1,1,1
clonotype799,UNK_S,1,TRAV9-1*01,TRAJ38*01,TRBV6-3*01,TRBJ1-4*01,CALTRSNNRKLIW,tgtgctctgacccgaagcaacaaccgtaagctgatttgg,CASSYSIRRGDEKLFF,tgtgccagcagttactctataaggaggggggatgaaaaactgtttttt,1,0,1,1,1
clonotype8,UNK_S,129,TRAV19*01,TRAJ24*01,TRBV2-2*01,TRBJ2-7*01,CALNLPADSWGKLQF,tgtgctctgaatctgccggctgacagctgggggaaattgcagttt,CASRERTYEQYF,tgtgccagcagggaaaggacatacgagcagtacttc,129,0,129,1,1
clonotype80,UNK_S,2,TRAV8-2*01,TRAJ7*01,TRBV7-6*01,TRBJ2-6*01,CAVNDRGNNRLAF,tgtgctgtgaatgatcgggggaacaacagactcgctttt,CASSLIEDSGASVLTF,tgtgccagcagcttaattgaggactctggggccagcgtcctgactttc,2,0,2,1,1
clonotype800,UNK_S,1,TRAV18*01,TRAJ50*01,TRBV2-3*01,TRBJ1-5*01,CVTRGSTSYNKLMF,tgtgttaccagggggtcaacctcctacaacaagctgatgttt,CASSDLRGGNQPQYF,tgtgccagcagtgatctgaggggcgggaatcagccccagtatttt,1,0,1,1,1
clonotype801,UNK_S,1,TRAV12-1*01,TRAJ37*01,TRBV24-1*01,TRBJ2-7*01,CAVQDNTGKLIF,tgtgcagtgcaggacaacacaggcaaactgatcttt,CATSDFDQGLGGAHYF,tgtgccaccagtgatttcgaccagggactggggggagctcactacttc,2,1,2,2,1
clonotype803,UNK_S,1,TRAV18*01,TRAJ24*01,TRBV7-4*01,TRBJ2-2*01,CVLTPTDSWGKLQF,tgtgttctgacgccaactgacagctgggggaaattgcagttt,CASSIQWVYTAQLFF,tgtgccagcagcatacagtgggtttacaccgcgcagctgttcttt,1,0,1,1,1
clonotype804,UNK_S,1,TRAV16*01,TRAJ42*01,TRBV5-10*01,TRBJ2-1*01,CARTMNYGGSQGNLIF,tgtgctcgtaccatgaattatggaggaagccaaggaaatctcatcttt,CASSLVPGVPSNEQFF,tgtgccagcagcttggttccgggggtaccctccaatgagcagttcttt,1,0,1,1,1
clonotype805,UNK_S,1,TRAV8-2*01,TRAJ39*01,TRBV15*01,TRBJ1-4*01,CAVPYNAGNVLTF,tgtgctgtcccttataatgcaggcaacgtgctcacattt,CASRPTGGRSNEKLFF,tgtgccagcagacccacgggggggcgatcgaatgaaaaactgtttttt,1,0,1,1,1
clonotype807,UNK_S,1,TRAV38-1*01,TRAJ43*01,TRBV24-1*01,TRBJ2-7*01,CAFMTLNDIRF,tgtgctttcatgacactcaatgacatacgcttt,CATSDQKDWGELEQYF,tgtgccaccagtgatcaaaaggactggggggagctggagcagtacttc,1,0,1,1,1
clonotype808,UNK_S,1,TRAV20*01,TRAJ22*01,TRBV23-1*01,TRBJ1-1*01,CAALRFYSGWQLTF,tgtgctgcccttcgtttttattctggctggcaactgaccttt,CASSQGRVMNTEAFF,tgtgccagcagccaagggcgggttatgaacactgaagctttcttt,1,0,1,1,1
clonotype809,UNK_S,1,TRAV9-2*01,TRAJ34*01,TRBV11-1*01,TRBJ1-3*01,CALSDRDNANKLIF,tgtgctctgagtgatcgggataacgccaacaagctcatcttt,CASSFPGQGRNTVYF,tgtgccagcagttttccgggacagggacgaaacaccgtgtatttt,1,0,1,1,1
clonotype811,UNK_S,1,TRAV8-3*01,TRAJ11*01,TRBV7-9*01,TRBJ2-7*01,CAVSDSGYSTLTF,tgtgctgtgagtgattcaggatacagcacactcaccttt,CASSSTGGSSSEQYF,tgtgccagcagctcgactggggggagctcttccgagcagtacttc,1,0,1,1,1
clonotype812,UNK_S,1,TRAV8-5*01,TRAJ27*01,TRBV14*01,TRBJ2-4*01,CAVHNTNADKLTF,tgtgctgtccataacaccaatgcagacaaattaaccttt,CASSQGGPSQNTQYF,tgtgccagcagccaagggggacctagccaaaacactcagtacttc,1,0,1,1,1
clonotype814,UNK_S,1,TRAV8-3*01,TRAJ44*01,TRBV6-3*01,TRBJ2-4*01,CAVSDSGIASKLTF,tgtgctgtgagtgatagcggcattgccagtaaactcaccttt,CASSYGAGTSQNTQYF,tgtgccagcagttacggggctgggactagccaaaacactcagtacttc,1,0,1,1,1
clonotype816,UNK_S,1,TRAV38-1*01,TRAJ47*01,TRBV3-1*01,TRBJ2-5*01,CAFSLDYGNKLIF,tgtgctttcagcttggactatggaaacaagctgatcttc,CASSPQTGLSRETQYF,tgtgccagcagcccccaaacaggactgtcccgggagacccagtacttc,1,0,1,1,1
clonotype817,UNK_S,1,TRAV8-2*01,TRAJ12*01,TRBV7-5*01,TRBJ2-1*01,CAVNFRGDSDYKLIF,tgtgctgtgaatttccggggggatagcgactataaattgatcttt,CASSLAGGEYNEQFF,tgtgccagcagcttagcgggtggggaatacaatgagcagttcttt,1,0,1,1,1
clonotype820,UNK_S,1,TRAV13-2*01,TRAJ32*01,TRBV12-3*01,TRBJ1-4*01,CAGLNYGGSGNKLIF,tgtgcagggcttaattatggcggtagtggaaacaagctcatcttt,CASSQLGTENEKLFF,tgtgccagcagtcagttggggacagagaatgaaaaactgtttttt,1,0,1,1,1
clonotype821,UNK_S,1,TRAV19*01,TRAJ30*01,TRBV24-1*01,TRBJ1-3*01,CALNEADRDDKIIF,tgtgctctgaatgaagcggacagagatgacaaaatcatcttt,CATSDLWRGSGNTVYF,tgtgccaccagtgatttgtggcgagggtctggaaacaccgtgtatttt,1,0,1,1,1
clonotype823,UNK_S,1,TRAV8-5*01,TRAJ57*01,TRBV21-1*01,TRBJ1-4*01,CAVSGLGGGSEKLVF,tgtgctgtgagtggactcgggggcggatctgaaaagctcgtcttt,CASSKIQGGEEKLFF,tgtgccagcagcaagattcagggaggagaagaaaaactgtttttt,1,0,1,1,1
clonotype826,UNK_S,1,TRAV38-2*01,TRAJ48*01,TRBV3-2*01,TRBJ1-5*01,CAYRSAYFGNEKLTF,tgtgcttataggagcgcgtactttggaaatgagaaattaaccttt,CASSQGLGYSNQPQYF,tgtgccagcagccaaggtcttggttatagcaatcagccccagtatttt,1,0,1,1,1
clonotype827,UNK_S,1,TRAV14-2*01,TRAJ47*01,TRBV3-2*01,TRBJ1-4*01,CAMTLPGDYGNKLIF,tgtgcaatgaccctacccggggactatggaaacaagctgatcttc,CASSQRTGTGEEKLFF,tgtgccagcagccaacgtaccgggacaggggaggaaaaactgtttttt,1,0,1,1,1
clonotype829,UNK_S,1,TRAV19*01,TRAJ57*01,TRBV27*01,TRBJ1-4*01,CALNEVAQGGSEKLVF,tgtgctctgaatgaagtcgctcagggcggatctgaaaagctcgtcttt,CASSFRTGRVDEKLFF,tgtgccagcagtttccggacaggtcgagtagatgaaaaactgtttttt,1,0,1,1,1
clonotype83,UNK_S,2,TRAV19*01,TRAJ48*01,TRBV2-3*01,TRBJ1-2*01,CALNNFGNEKLTF,tgtgctctgaataactttggaaatgagaaattaaccttt,CASKTSGFYDYTF,tgtgccagcaagacatcgggattctatgactacaccttc,2,0,2,1,1
clonotype830,UNK_S,1,TRAV29*01,TRAJ34*01,TRBV6-3*01,TRBJ1-2*01,CAASPYNANKLIF,tgtgcagcaagcccctataacgccaacaagctcatcttt,CASSYLPGNQGYDYTF,tgtgccagcagttacctaccgggtaatcaaggctatgactacaccttc,1,0,1,1,1
clonotype831,UNK_S,1,TRAV29*01,TRAJ40*01,TRBV7-5*01,TRBJ2-5*01,CAASAIGNYKYIF,tgtgcagcaagcgcgataggaaactacaaatacatcttt,CASSEDWGEGETQYF,tgtgccagcagcgaagactggggggagggggagacccagtacttc,1,0,1,1,1
clonotype832,UNK_S,1,TRAV29*01,TRAJ32*01,TRBV7-5*01,TRBJ1-2*01,CAGRGSSGNKLIF,tgtgccgggcgtggcagtagtggaaacaagctcatcttt,CASSSRRGVSYDYTF,tgtgccagcagctcgaggaggggggtgagctatgactacaccttc,1,0,1,1,1
clonotype833,UNK_S,1,TRAV19*01,TRAJ42*01,TRBV10-2*01,TRBJ2-5*01,CALSSPHYGGSQGNLIF,tgtgctctgagctccccccattatggaggaagccaaggaaatctcatcttt,CASTPLWGELRETQYF,tgtgccagcacgcctttgtggggggagcttcgggagacccagtacttc,1,0,1,1,1
clonotype835,UNK_S,1,TRAV29*01,TRAJ54*01,TRBV12-2*01,TRBJ1-1*01,CAASAAQGAQKLVF,tgtgcagcaagcgcggctcagggagcccagaagctggtattt,CASSKQLGVNTEAFF,tgtgccagcagtaaacaattaggagtgaacactgaagctttcttt,1,0,1,1,1
clonotype838,UNK_S,1,TRAV29*01,TRAJ52*01,TRBV12-3*01,TRBJ2-5*01,CAARENAGGAGYGKLTF,tgtgcagcaagggagaatgctggtggtgctggctatggaaagctgacattt,CASSLSLTSAETQYF,tgtgccagcagtttaagtctgacatcagcagagacccagtacttc,1,0,1,1,1
clonotype85,UNK_S,2,TRAV9-2*01,TRAJ22*01,TRBV7-4*01,TRBJ2-4*01,CAPESDSGWQLTF,tgtgccccagagtctgattctggctggcaactgaccttt,CASSKSSQNTQYF,tgtgccagcagcaaatctagccaaaacactcagtacttc,2,0,2,1,1
clonotype87,UNK_S,2,TRAV4*01,TRAJ10*01,TRBV4-3*01,TRBJ1-1*01,CLVGDMGGGNKLTF,tgcctcgtgggtgacatgggaggaggaaacaaactcaccttt,CASSQADENTEAFF,tgcgccagcagccaagctgacgagaacactgaagctttcttt,2,0,2,1,1
clonotype88,UNK_S,2,TRAV8-3*01,TRAJ34*01,TRBV19*01,TRBJ1-1*01,CAVPYNKLIF,tgtgctgtgccctacaacaagctcatcttt,CASSYGGPNTEAFF,tgtgccagtagttatgggggtcctaacactgaagctttcttt,2,0,2,1,1
clonotype89,UNK_S,2,TRAV12-2*01,TRAJ6*01,TRBV12-2*01,TRBJ2-2*01,CAVIGGGYVLTF,tgtgccgtgataggaggaggctacgtacttacattt,CASSLEVREQLFF,tgtgccagcagtttagaagttcgggagcagctgttcttt,3,0,3,1,1
clonotype892,UNK_S,1,TRAV27*01,TRAJ50*01,TRBV19*01,TRBJ2-3*01,CAGGTSYNKLMF,tgtgcaggaggaacctcctacaacaagctgatgttt,CASSINRRRGPTDPQYF,tgtgccagtagtataaacaggcgtcggggaccaacagatccgcagtatttt,1,0,1,1,1
clonotype894,UNK_S,1,TRAV22-3*01,TRAJ41*01,TRBV15*01,TRBJ1-1*01,CAVDDSGYALNF,tgtgctgtggatgactccgggtatgcactgaacttc,CASSAGMARVVQTEAFF,tgtgccagcagcgcgggcatggcgagggttgtgcagactgaagctttcttt,1,0,1,1,1
clonotype895,UNK_S,1,TRAV22-3*01,TRAJ37*01,TRBV15*01,TRBJ1-5*01,CAVERSNTGKLIF,tgtgctgtggagagaagcaacacaggcaaactgatcttt,CASSKDHSRVSNQPQYF,tgtgccagcagcaaagatcattcgcgggtgagcaatcagccccagtatttt,1,0,1,1,1
clonotype896,UNK_S,1,TRAV12-1*01,TRAJ43*01,TRBV2-1*01,TRBJ2-3*01,CAVRNTGDIRF,tgtgcagtgcgtaataccggtgacatacgcttt,CASNLGTPRSTDPQYF,tgtgccagtaacctagggaccccaagaagtacagatccgcagtatttt,1,0,1,1,1
clonotype897,UNK_S,1,TRAV22-1*01,TRAJ50*01,TRBV24-1*01,TRBJ2-3*01,CAVDRPTSYNKLMF,tgtgctgtggatcggccaacctcctacaacaagctgatgttt,CATSELEVRGGADPQYF,tgtgccaccagtgagctagaggttagagggggcgccgatccgcagtatttt,1,0,1,1,1
clonotype898,UNK_S,1,TRAV12-1*01,TRAJ49*01,TRBV24-1*01,TRBJ2-3*01,CAVRISGNQLYF,tgtgcagtgcgtatttccggtaaccagttgtatttt,CATSDLGSGMSTDPQYF,tgtgccaccagtgatttggggtcggggatgagcacagatccgcagtatttt,2,1,2,2,1
clonotype899,UNK_S,1,TRAV12-2*01,TRAJ30*01,TRBV14*01,TRBJ1-3*01,CAVNRDDKIIF,tgtgccgtgaacagagatgacaaaatcatcttt,CASSPWLGELGNTVYF,tgtgccagcagcccctggttgggggagcttggaaacaccgtgtatttt,2,1,2,2,1
clonotype9,UNK_S,126,TRAV29*01,TRAJ34*01,TRBV5-1*01,TRBJ1-2*01,CAASEDNANKLIF,tgtgcagcaagcgaagataacgccaacaagctcatcttt,CASSIWTRNYDYTF,tgtgccagcagcatatggacaaggaactatgactacaccttc,126,0,126,1,1
clonotype90,UNK_S,2,TRAV16*01,TRAJ42*01,TRBV21-1*01,TRBJ2-7*01,CARTMNYGGSQGNLIF,tgtgctcgtaccatgaattatggaggaagccaaggaaatctcatcttt,CASSIPGLDEQYF,tgtgccagcagcattccagggttggacgagcagtacttc,2,0,2,1,1
clonotype900,UNK_S,1,TRAV8-4*01,TRAJ43*01,TRBV7-5*01,TRBJ2-1*01,CAAGAGNNDIRF,tgtgctgcgggtgcgggcaacaatgacatacgcttt,CASSPGGAPSYGEQFF,tgtgccagcagccctgggggggccccttcctacggtgagcagttcttt,1,0,1,1,1
clonotype901,UNK_S,1,TRAV30*01,TRAJ32*01,TRBV10-2*01,TRBJ2-7*01,CGAERSSGNKLIF,tgtggtgcagagcgcagtagtggaaacaagctcatcttt,CASGVGYMGGAALEQYF,tgtgccagcggcgtggggtacatggggggagcagcgctggagcagtacttc,1,0,1,1,1
clonotype902,UNK_S,1,TRAV17*01,TRAJ6*01,TRBV4-3*01,TRBJ1-4*01,CATISGGGYVLTF,tgtgctacgatatcaggaggaggctacgtacttacattt,CASSQESLRRTNEKLFF,tgcgccagcagccaagagagtttgcggaggactaatgaaaaactgtttttt,1,0,1,1,1
clonotype904,UNK_S,1,TRAV12-2*01,TRAJ40*01,TRBV2-3*01,TRBJ2-4*01,CAVRTTGNYKYIF,tgtgccgtgcgtaccacaggaaactacaaatacatcttt,CASSDDEGGGQNTQYF,tgtgccagcagtgatgatgaggggggcggccaaaacactcagtacttc,1,0,1,1,1
clonotype905,UNK_S,1,TRAV18*01,TRAJ45*01,TRBV23-1*01,TRBJ2-1*01,CVLRDSGGSANRLTF,tgtgttctgagagattcaggaggaagtgctaacagactcaccttt,CASSQSRTGRDNEQFF,tgtgccagcagccaatcccggacagggagggacaatgagcagttcttt,1,0,1,1,1
clonotype906,UNK_S,1,TRAV9-2*01,TRAJ48*01,TRBV23-1*01,TRBJ1-3*01,CALSDNFGNEKLTF,tgtgctctgagcgataactttggaaatgagaaattaaccttt,CASSPRDSHSGNTVYF,tgtgccagcagccctcgggacagtcattctggaaacaccgtgtatttt,1,0,1,1,1
clonotype907,UNK_S,1,TRAV30*01,TRAJ50*01,TRBV3-2*01,TRBJ2-5*01,CGAEVETSYNKLMF,tgtggtgcagaggtagagacctcctacaacaagctgatgttt,CASSPVLGETRLPTQYF,tgtgccagcagccccgtactgggggagacccgattgccgacccagtacttc,1,0,1,1,1
clonotype908,UNK_S,1,TRAV8-7*01,TRAJ27*01,TRBV3-4*01,TRBJ1-3*01,CAVSDTNADKLTF,tgtgctgtgagtgacaccaatgcagacaaattaaccttt,CASSQEAGGASGNTVYF,tgtgccagcagccaagaggcagggggggcttctggaaacaccgtgtatttt,1,0,1,1,1
clonotype909,UNK_S,1,TRAV21*01,TRAJ6*01,TRBV21-1*01,TRBJ2-4*01,CAAEFTGGGYVLTF,tgtgccgcagagtttacaggaggaggctacgtacttacattt,CASSKGLRTSNGTQYF,tgtgccagcagcaaaggtctccggacttccaatggaactcagtacttc,1,0,1,1,1
clonotype91,UNK_S,2,TRAV12-1*01,TRAJ3*01,TRBV3-3*01,TRBJ1-4*01,CAVRPYSSASKIIF,tgtgcagtgcgcccttacagcagtgcttccaagatcatcttt,CASSRETDNEKLFF,tgtgccagcagccgagagacagacaatgaaaaactgtttttt,2,0,2,1,1
clonotype910,UNK_S,1,TRAV13-1*01,TRAJ8*01,TRBV6-3*01,TRBJ2-1*01,CAALRWNTGFQKLVF,tgcgcagccctaaggtggaacacaggctttcagaaactcgtattc,CASSYYSGGTVGNEQFF,tgtgccagcagttactattccggggggaccgtggggaatgagcagttcttt,1,0,1,1,1
clonotype911,UNK_S,1,TRAV8-3*01,TRAJ34*01,TRBV2-2*01,TRBJ2-4*01,CAVSEIGNANKLIF,tgtgctgtgagtgaaattggtaacgccaacaagctcatcttt,CASSEPDRYSQNTQYF,tgtgccagcagtgaaccggaccgctatagccaaaacactcagtacttc,1,0,1,1,1
clonotype912,UNK_S,1,TRAV24*01,TRAJ13*01,TRBV2-2*01,TRBJ2-1*01,CAFSGSYQKVTF,tgtgccttctctggaagctaccagaaagttaccttt,CASSEDGLIDYGEQFF,tgtgccagcagtgaagacggactcatagactacggtgagcagttcttt,1,0,1,1,1
clonotype915,UNK_S,1,TRAV8-5*01,TRAJ42*01,TRBV7-4*01,TRBJ2-3*01,CAVSWYGGSQGNLIF,tgtgctgtgagttggtatggaggaagccaaggaaatctcatcttt,CASSCDWGAITDPQYF,tgtgccagcagctgtgactggggcgccattacagatccgcagtatttt,1,0,1,1,1
clonotype916,UNK_S,1,TRAV10*01,TRAJ35*01,TRBV7-4*01,TRBJ1-1*01,CVVGQIGFGNVLHF,tgtgtggtgggtcagataggctttgggaatgtgttgcatttc,CASSLAEGISGTEAFF,tgtgccagcagcttagcggaggggatcagcgggactgaagctttcttt,1,0,1,1,1
clonotype918,UNK_S,1,TRAV24*01,TRAJ50*01,TRBV2-1*01,TRBJ1-2*01,CAFRLTTSYNKLMF,tgtgccttccgcctgacaacctcctacaacaagctgatgttt,CASSETDRDLNYDYTF,tgtgccagcagtgaaacagacagagatctaaactatgactacaccttc,1,0,1,1,1
clonotype92,UNK_S,2,TRAV9-2*01,TRAJ32*01,TRBV5-6*01,TRBJ1-6*01,CALSEGGSSGNKLIF,tgtgctctgagtgaaggaggcagtagtggaaacaagctcatcttt,CASSLVGGSPLYF,tgtgccagcagcttggtaggtggatcgcccctctacttt,2,0,2,1,1
clonotype921,UNK_S,1,TRAV19*01,TRAJ4*01,TRBV6-2*01,TRBJ2-7*01,CALNDPFSGGYDKLIF,tgtgctctgaatgaccccttttctggtggctacgataagctgattttt,CASSIPMGTGGPGEQYF,tgtgccagcagtattcccatggggacaggggggccgggggagcagtacttc,1,0,1,1,1
clonotype922,UNK_S,1,TRAV19*01,TRAJ37*01,TRBV6-3*01,TRBJ2-4*01,CALKRKASSNTGKLIF,tgtgctctgaagaggaaggcctctagcaacacaggcaaactgatcttt,CASSYRRHPLSQNTQYF,tgtgccagcagttaccgtagacatccgcttagccaaaacactcagtacttc,1,0,1,1,1
clonotype923,UNK_S,1,TRAV29*01,TRAJ50*01,TRBV7-4*01,TRBJ2-5*01,CAATATSYNKLMF,tgtgcagcaacggcgacctcctacaacaagctgatgttt,CASSTQHNRDQETQYF,tgtgccagcagcacgcaacacaacagggaccaagagacccagtacttc,1,0,1,1,1
clonotype924,UNK_S,1,TRAV29*01,TRAJ34*01,TRBV14*01,TRBJ2-7*01,CAASEDNANKLIF,tgtgcagcaagcgaggataacgccaacaagctcatcttt,CASSQDRDISSYEQYF,tgtgccagcagccaagatcgagacatcagctcctacgagcagtacttc,1,0,1,1,1
clonotype925,UNK_S,1,TRAV23-3*01,TRAJ34*01,TRBV23-1*01,TRBJ2-7*01,CAASMDNANKLIF,tgtgcagcaagcatggacaacgccaacaagctcatcttt,CASSQTIREGSYEQYF,tgtgccagcagccaaactatcagggaggggtcctacgagcagtacttc,1,0,1,1,1
clonotype93,UNK_S,2,TRAV13-1*01,TRAJ11*01,TRBV14*01,TRBJ2-4*01,CAASRGRSGYSTLTF,tgcgcagcgagtagagggagatcaggatacagcacactcaccttt,CASSLWDRGAQNTQYF,tgtgccagcagcctgtgggacaggggggcgcaaaacactcagtacttc,2,0,2,1,1
clonotype95,UNK_S,2,TRAV8-2*01,TRAJ24*01,TRBV24-1*01,TRBJ2-2*01,CAVRTDSWGKLQF,tgtgctgtgaggactgacagctgggggaaattgcagttt,CATYGGSGNIAQLFF,tgtgccacctacggggggagcggaaacatcgcgcagctgttcttt,2,0,2,1,1
clonotype956,UNK_S,1,TRAV4*01,TRAJ39*01,TRBV7-4*01,TRBJ2-4*01,CLARGAGNVLTF,tgcctcgccagaggggcaggcaacgtgctcacattt,CASSHETGGISQNTQYF,tgtgccagcagtcatgaaactgggggaattagccaaaacactcagtacttc,1,0,1,1,1
clonotype958,UNK_S,1,TRAV4*01,TRAJ13*01,TRBV7-4*01,TRBJ2-5*01,CLVVPSGSYQKVTF,tgcctcgtggtaccttctggaagctaccagaaagttaccttt,CASSPKDWGGAQETQYF,tgtgccagtagccctaaggactgggggggagctcaggagacccagtacttc,1,0,1,1,1
clonotype959,UNK_S,1,TRAV4*01,TRAJ32*01,TRBV4-3*01,TRBJ2-6*01,CLVGVYGGSGNKLIF,tgcctcgtgggtgtctatggcggtagtggaaacaagctcatcttt,CASSQETGGSSGASVLTF,tgcgccagcagccaagagacaggggggagctctggggccagcgtcctgactttc,1,0,1,1,1
clonotype96,UNK_S,2,TRAV14-2*01,TRAJ27*01,TRBV23-1*01,TRBJ1-5*01,CAMRAFNADKLTF,tgtgcaatgagagccttcaatgcagacaaattaaccttt,CASSQSKANQPQYF,tgtgccagcagccaatcgaaagccaatcagccccagtatttt,2,0,2,1,1
clonotype960,UNK_S,1,TRAV25*01,TRAJ5*01,TRBV14*01,TRBJ2-6*01,CAGLDTGRRALTF,tgcgcagggctggacacgggcaggagagcacttactttt,CASSQEGPNSGASVLTF,tgtgccagcagccaagaaggcccaaactctggggccagcgtcctgactttc,1,0,1,1,1
clonotype961,UNK_S,1,TRAV9-1*01,TRAJ22*01,TRBV27*01,TRBJ1-6*01,CGLADSGWQLTF,tgtggtctggccgattctggctggcaactgaccttt,CASSSGTGGPHYNSPLYF,tgtgccagcagctccgggacagggggccctcactataattcgcccctctacttt,1,0,1,1,1
clonotype962,UNK_S,1,TRAV21*01,TRAJ23*01,TRBV4-3*01,TRBJ2-4*01,CAVNNQAGKLIF,tgtgctgtgaataaccaggcaggaaagcttatcttc,CASSQDGWYRGSQNTQYF,tgcgccagcagccaagatggatggtacagggggagccaaaacactcagtacttc,1,0,1,1,1
clonotype963,UNK_S,1,TRAV12-1*01,TRAJ16*01,TRBV4-3*01,TRBJ2-1*01,CAVRLDGQKLLF,tgtgcagtgcgcttagatggccagaagctgctcttt,CASSQDRGPDRTYNEQFF,tgcgccagcagccaagatcgagggccggacaggacctacaatgagcagttcttt,1,0,1,1,1
clonotype964,UNK_S,1,TRAV20*01,TRAJ45*01,TRBV6-1*01,TRBJ2-5*01,CAVPTGGGSANRLTF,tgtgctgtgcctacggggggaggaagtgctaacagactcaccttt,CASSEWSGGRMYQETQYF,tgtgccagcagtgaatggtcaggggggaggatgtaccaagagacccagtacttc,1,0,1,1,1
clonotype965,UNK_S,1,TRAV12-2*01,TRAJ47*01,TRBV2-1*01,TRBJ1-4*01,CAVNQPDYGNKLIF,tgtgccgtgaaccagccggactatggaaacaagctgatcttc,CASSEDLIGTGDEKLFF,tgtgccagcagtgaagacctaatcgggacaggcgatgaaaaactgtttttt,1,0,1,1,1
clonotype966,UNK_S,1,TRAV17*01,TRAJ17*01,TRBV2-3*01,TRBJ1-4*01,CATVRGGVASNKLTF,tgtgctacggtccgcggcggggttgcaagcaacaagctaactttt,CASSEAPWTSRREKLFF,tgtgccagcagtgaagctccttggacctcacggcgtgaaaaactgtttttt,1,0,1,1,1
clonotype967,UNK_S,1,TRAV8-3*01,TRAJ22*01,TRBV2-2*01,TRBJ2-4*01,CAVCLSDSGWQLTF,tgtgctgtgtgcctctctgattctggctggcaactgaccttt,CARQNWGEPSSQNTQYF,tgtgcccgccaaaactggggggaaccgtctagccaaaacactcagtacttc,1,0,1,1,1
clonotype97,UNK_S,2,TRAV18*01,TRAJ9*01,TRBV7-9*01,TRBJ2-7*01,CVLRGNTGGFKTVF,tgtgttctgaggggaaatactggaggcttcaaaactgtcttt,CASSLVEGFNEQYF,tgtgccagcagcttagtcgagggattcaacgagcagtacttc,2,0,2,1,1
clonotype970,UNK_S,1,TRAV38-1*01,TRAJ53*01,TRBV6-1*01,TRBJ2-2*01,CAFMIESSNYKLTF,tgtgctttcatgattgagagtagcaactataaactgacattt,CASSEALGLDRNTAQLFF,tgtgccagcagtgaagcgcttgggttggacagaaacaccgcgcagctgttcttt,1,0,1,1,1
clonotype971,UNK_S,1,TRAV5*01,TRAJ28*01,TRBV4-3*01,TRBJ2-2*01,CAESPLWGAGSYQLTF,tgtgcagagagtcctctttggggggctgggagttaccaactcactttc,CASSQEGAGGRLSAQLFF,tgcgccagcagccaagaaggagcaggggggcgattgagcgcgcagctgttcttt,1,0,1,1,1
clonotype985,UNK_S,1,TRAV4*01,TRAJ17*01,TRBV2-2*01,TRBJ1-5*01,CLVVPNVASNKLTF,tgcctcgtggttcccaatgttgcaagcaacaagctaactttt,CASSEKNRLLISNQPQYF,tgtgccagcagtgaaaagaacaggcttttgataagcaatcagccccagtatttt,1,0,1,1,1
clonotype986,UNK_S,1,TRAV25*01,TRAJ40*01,TRBV11-3*01,TRBJ2-3*01,CAGATTGNYKYIF,tgcgcaggggctaccacaggaaactacaaatacatcttt,CASSKTLGLGERTDPQYF,tgtgccagcagcaagaccttgggactgggggagcgcacagatccgcagtatttt,1,0,1,1,1
clonotype988,UNK_S,1,TRAV8-3*01,TRAJ36*01,TRBV24-1*01,TRBJ2-1*01,CAVSDLNNLFF,tgtgctgtgagtgatctaaacaacctcttcttt,CATSDSGTGGRISYNEQFF,tgtgccaccagcgactccgggacaggggggcgcatcagctacaatgagcagttcttt,1,0,1,1,1
clonotype989,UNK_S,1,TRAV19*01,TRAJ54*01,TRBV6-3*01,TRBJ2-2*01,CARLQGAQKLVF,tgtgctcgcctacagggagcccagaagctggtattt,CASSYSFPWGSLWTAQLFF,tgtgccagcagttactcgtttccgtgggggagtctttggaccgcgcagctgttcttt,1,0,1,1,1
clonotype990,UNK_S,1,TRAV12-3*01,TRAJ41*01,TRBV23-1*01,TRBJ2-5*01,CAMSADSGYALNF,tgtgcaatgagcgcggactccgggtatgcactgaacttc,CASSQLGSDTYLQETQYF,tgtgccagcagccagttggggtccgacacctacctccaagagacccagtacttc,1,0,1,1,1
clonotype991,UNK_S,1,TRAV6*01,TRAJ40*01,TRBV14*01,TRBJ1-2*01,CALDSSTGNYKYIF,tgtgctctagatagttccacaggaaactacaaatacatcttt,CASSREEMVVGALYDYTF,tgtgccagcagccgggaagagatggttgtaggggccctctatgactacaccttc,1,0,1,1,1
clonotype993,UNK_S,1,TRAV29*01,TRAJ50*01,TRBV2-3*01,TRBJ1-4*01,CAARILLDKLMF,tgtgcagcaaggatcctcctagacaagctgatgttt,CASSEAGGGVATNEKLFF,tgtgccagcagtgaagcgggcgggggagtggcaactaatgaaaaactgtttttt,1,0,1,1,1
clonotype995,UNK_S,1,TRAV38-2*01,TRAJ45*01,TRBV27*01,TRBJ1-5*01,CAYGAYSGGSADRLTF,tgtgcttatggagcgtattcaggaggaagtgctgacagactcaccttt,CASSGRDSTQENSNQPQYF,tgtgccagcagtggccgggacagcacacaagaaaatagcaatcagccccagtatttt,1,0,1,1,1