clone_id,subject,count,v_g_gene,cdr3_g_aa,v_d_gene,cdr3_d_aa,both_valid,v_g_gene_copy,v_d_gene_copy
L,AD6,2,TRGV3*01,CATWDRPGKKLF,TRDV1*01,CALGDPRALLRWGSLGDYTDKLIF,True,GV3,DV1
M,AD6,2,TRGV3*01,CATWDSLCGDWIKTF,TRDV1*01,CALGELEVVRGYTYTDKLIF,True,GV3,DV1
A,AD6,1,TRGV9*01,CALWEAQELGKKIKVF,TRDV2*01,CACDALLGGRIDKLIF,True,GV9,DV2
B,AD6,1,TRGV9*01,CALWEVQELGKKIKVF,TRDV2*01,CACDLLGDKGDTDKLIF,True,GV9,DV2
C,AD6,1,TRGV3*01,CATWYKKLF,TRDV2*01,CACDPLGADTDKLIF,True,GV3,DV2
D,AD6,1,TRGV9*01,CALWEVRLELGKKIKVF,TRDV2*01,CACDPLLRIPDKLIF,True,GV9,DV2
E,AD6,1,TRGV9*01,CALWEVGELGKKIKVF,TRDV2*01,CACDSILGDTGTDKLIF,True,GV9,DV2
F,AD6,1,TRGV9*01,CALWEVHELGKKIKVF,TRDV2*01,CACDTGGLGDTTTSWDTRQMFF,True,GV9,DV2
G,AD6,1,TRGV9*01,CALWRELGKKIKVF,TRDV2*01,CACDTIKVPGGHLHTDKLIF,True,GV9,DV2
H,AD6,1,TRGV9*01,CALWDHTLKELGKKIKVF,TRDV3*01,CACDTVGASGEDTDKLIF,True,GV9,DV3
I,AD6,1,TRGV9*01,CALWEVRRELGKKIKVF,TRDV2*01,CACDTVKMAGGPFDTDKLIF,True,GV9,DV2
J,AD6,1,TRGV9*01,CALWEVQELGKKIKVF,TRDV2*01,CACDTVLGDVSWDTRQMFF,True,GV9,DV2
K,AD6,1,TRGV9*01,CALWEVQELGKKIKVF,TRDV2*01,CACDTVSTGEFDKLIF,True,GV9,DV2
N,AD6,1,TRGV4*01,CATWEGARWQKLF,TRDV1*01,CALGELGWGFPKRLTDKLIF,True,GV4,DV1
O,AD6,1,TRGV4*01,CATWDGFYYYKKLF,TRDV1*01,CALGELRPTGGHTDKLIF,True,GV4,DV1
P,AD6,1,TRGV4*01,CATWDGQGYKKLF,TRDV1*01,CALGELSYGVLGDTRNDKLIF,True,GV4,DV1
Q,AD6,1,TRGV9*01,CALWEVQNYYKKLF,TRDV1*01,CALGELTPLLRTGGTPTPAQLFF,True,GV9,DV1
R,AD6,1,TRGV4*01,CATRGPYYKKLF,TRDV1*01,CALGRTPREARGLALSTDKLIF,True,GV4,DV1
S,AD6,1,TRGV4*01,CATRSNALNYYKKLF,TRDV2*01,CAVIGGFSPWTDKLIF,True,GV4,DV2
T,AD6,1,TRGV3*01,CATWDRRKVGYYKKLF,TRAV38-2/DV8*01,CAYRSADFLNKNLGDKYTDKLIF,True,GV3,DV8
U,AD6,1,TRGV9*01,CALWEVQLELGKKIKVF,TRDV2*01,CACDPGLLRIPDKLIF,True,GV9,DV2
V,AD6,1,TRGV9*01,CALWEAVDELGKKIKVF,TRDV2*01,CACDPTNSGGLRYTDKLIF,True,GV9,DV2
W,AD6,1,TRGV9*01,CALWEVQELGKKIKVF,TRDV2*01,CACDTGGLGTSWDTRQMFF,True,GV9,DV2
X,AD6,1,TRGV9*01,CALWEVVELGKKIKVF,TRDV2*01,CACDTLGDTEYTDKLIF,True,GV9,DV2
Y,AD6,1,TRGV9*01,CALWEVQNYGKKLF,TRDV2*01,CACDTTGSWDTRQMFF,True,GV9,DV2
Z,AD29,1,TRGV9*01,CALWEVNPELGKKIKVF,TRDV2*01,CACDHLGSMGTDKLIF,True,GV9,DV2
AA,AD29,1,TRGV9*01,CALWEVQELGKKIKVF,TRDV2*01,CACDLLGDKGDTDKLIF,True,GV9,DV2
AD,AD29,1,TRGV9*01,CALWEAVDELGKKIKVF,TRDV2*01,CACDPTGGLRYTDKLIF,True,GV9,DV2
AE,AD29,1,TRGV9*01,CALWEVGQELGKKIKVF,TRDV2*01,CACDTAGGYTYESSWDTRQMFF,True,GV9,DV2
AF,AD29,1,TRGV9*01,CALWEVQELGKKIKVF,TRDV2*01,CACDTAWRGDTAWDTRQMFF,True,GV9,DV2
AG,AD29,1,TRGV9*01,CALWEVHELGKKIKVF,TRDV2*01,CACDTGGLGDTTTSWDTRQMFF,True,GV9,DV2
AH,AD29,1,TRGV9*01,CALWRELGKKIKVF,TRDV2*01,CACDTIKVPGGHLHTDKLIF,True,GV9,DV2
AJ,AD29,1,TRGV2*01,CATWDGRKAGWFKVF,TRDV2*01,CACDTLGVNTDKLIF,True,GV2,DV2
AK,AD29,1,TRGV9*01,CALWEVQELGKKIKVF,TRDV2*01,CACDTLLGSLTDKLIF,True,GV9,DV2
AL,AD29,1,TRGV9*01,CALWEVRELGKKIKVF,TRDV2*01,CACDTTGGRSWDTRQMFF,True,GV9,DV2
AM,AD29,1,TRGV9*01,CALWEVQELGKKIKVF,TRDV2*01,CACDTVDLGDTKLIF,True,GV9,DV2
AN,AD29,1,TRGV9*01,CALWKTELGKKIKVF,TRDV2*01,CACDTVPLGDTDTDKLIF,True,GV9,DV2
AO,AD29,1,TRGV9*01,CALWVPQELGKKIKVF,TRDV2*01,CACDTVSGGYAPYTDKLIF,True,GV9,DV2
AQ,AD29,1,TRGV8*01,CATWDRTTGWFKIF,TRDV1*01,CALGAKGNLPYTWGTLTDKLIF,True,GV8,DV1
AR,AD29,1,TRGV4*01,CATWDSRFPKNYYKKLF,TRDV1*01,CALGEGRGWGTDKLIF,True,GV4,DV1
AS,AD29,1,TRGV9*01,CALWEVQNYYKKLF,TRDV1*01,CALGELTPLLRTGGTPTPAQLFF,True,GV9,DV1
AT,AD29,1,TRGV9*01,CALWEVELGKKIKVF,TRDV2*01,CACDTGGLGDTTTSWDTRQMFF,True,GV9,DV2
AU,AD29,1,TRGV9*01,CALWETRELGKKIKVF,TRDV2*01,CACDTVTEGQVTGGYTDKLIF,True,GV9,DV2
AV,AD29,1,TRGV9*01,CALWEVGQELGKKIKVF,TRDV2*01,CACDPLLGATDKLIF,True,GV9,DV2
AW,AD29,1,TRGV9*01,CALWEVGELGKKIKVF,TRDV2*01,CACDTVLGDWPTDKLIF,True,GV9,DV2
AX,AD29,1,TRGV9*01,CALWEVEQKELGKKIKVF,TRDV2*01,CACDTLLGSLTDKLIF,True,GV9,DV2
AY,AD3,1,TRGV9*01,CALWEVLELGKKIKVF,TRDV2*01,CACDGLDTDKLIF,True,GV9,DV2
BA,AD3,1,TRGV9*01,CALWEPTRKELGKKIKVF,TRDV2*01,CACDLVLGDTQKISWDTRQMFF,True,GV9,DV2
BB,AD3,1,TRGV3*01,CATWDYKKLF,TRDV2*01,CACDPLGADTDKLIF,True,GV3,DV2
BC,AD3,1,TRGV9*01,CALWEVRLELGKKIKVF,TRDV2*01,CACDPLLRIPDKLIF,True,GV9,DV2
BD,AD3,1,TRGV9*01,CALWEVPRELGKKIKVF,TRDV2*01,CACDTAGGRSSWDTRQMFF,True,GV9,DV2
BE,AD3,1,TRGV9*01,CALWEVRELGKKIKVF,TRDV2*01,CACDTIGAGATTDKLIF,True,GV9,DV2
BF,AD3,1,TRGV9*01,CALWETMEELGKKIKVF,TRDV2*01,CACDTLLGDTSWDTRQMFF,True,GV9,DV2
BG,AD3,1,TRGV9*01,CALWEVVELGKKIKVF,TRDV2*01,CACDTLLGSLTDKLIF,True,GV9,DV2
BH,AD3,1,TRGV9*01,CALWEVQELGKKIKVF,TRDV2*01,CACDTLSGGFRGSDKLIF,True,GV9,DV2
BI,AD3,1,TRGV4*01,CATWDRQVYYKKLF,TRDV2*01,CACDTVALQGDWPTDKLIF,True,GV4,DV2
BJ,AD3,1,TRGV9*01,CALWEVEELGKKIKVF,TRDV2*01,CACDTVGRGSHTDKLIF,True,GV9,DV2
BK,AD3,1,TRGV9*01,CALWEVRELGKKIKVF,TRDV2*01,CACDTVTEGGQPVTGGYTDKLIF,True,GV9,DV2
BL,AD3,1,TRGV9*01,CALWEVDELGKKIKVF,TRDV2*01,CACDTVTEGGQVTGGYTDKLIF,True,GV9,DV2
BM,AD3,1,TRGV9*01,CALWEAQKELGKKIKVF,TRDV2*01,CACDVLGDTSDKLIF,True,GV9,DV2
BN,AD3,1,TRGV3*01,CATWGRPGFKIF,TRDV1*01,CALGEPATYVGDMVSKLIF,True,GV3,DV1
BO,AD3,1,TRGV5*01,CATWDRRADYYKKLF,TRDV1*01,CALGEPGSTGGGYWGTDKLIF,True,GV5,DV1
BP,AD3,1,TRGV4*01,CATRSNALNYYKKLF,TRDV2*01,CAVIGGFSPWTDKLIF,True,GV4,DV2
BQ,AD3,1,TRGV9*01,CALWEVRELGKKIKVF,TRDV2*01,CACDTGGLGDTTTSWDTRQMFF,True,GV9,DV2
BR,AD3,1,TRGV9*01,CALWEVRELGKKIKVF,TRDV2*01,CACDPLCSGIPSSWDTRQMFF,True,GV9,DV2
BS,AD3,1,TRGV9*01,CALWEVQELGKKIKVF,TRDV2*01,CACDTIKDSGGHLHTDKLIF,True,GV9,DV2
BT,AD3,1,TRGV9*01,CALWEVEELGKKIKVF,TRDV2*01,CACDTVTEGGTGGYTDKLIF,True,GV9,DV2
BU,AD3,1,TRGV9*01,CALWEVGELGKKIKVF,TRDV2*01,CACDTVTEGGQVTGGYTDKLIF,True,GV9,DV2
BV,AD3,1,TRGV9*01,CALWEEELGKKIKVF,TRDV2*01,CACDTVMEGGPFDTDKLIF,True,GV9,DV2
BW,AD3,1,TRGV9*01,CALWEAELGKKIKVF,TRDV2*01,CACDTVEDDPVTGGYTDKLIF,True,GV9,DV2
DL,CB1,1,TRGV8*01,CATWDVNYYKKLF,TRDV1*01,CALGEPFPSHTTRSWDTRQMFF,True,GV8,DV1
BX,CB1,1,TRGV4*01,CATWDGPAKKLF,TRAV29/DV5*01,CAASEAFPILGNDKLIF,True,GV4,DV5
BY,CB1,1,TRGV9*01,CALWEAQELGKKIKVF,TRDV2*01,CACDALLGGRIDKLIF,True,GV9,DV2
BZ,CB1,1,TRGV4*01,CATWDGHYKKLF,TRDV2*01,CACDPLGDKTWDTRQMFF,True,GV4,DV2
CA,CB1,1,TRGV9*01,CALWEAVDELGKKIKVF,TRDV2*01,CACDPTGGLRYTDKLIF,True,GV9,DV2
CB,CB1,1,TRGV3*01,VPPGLGWFKIF,TRDV2*01,CACDTVAGGTASSWDTRQMFF,True,GV3,DV2
CC,CB1,1,TRGV9*01,CALWEVQDYYKKLF,TRDV2*01,CACDTVGDTDKLIF,True,GV9,DV2
CD,CB1,1,TRGV9*01,CALWEVRRELGKKIKVF,TRDV2*01,CACDTVKMAGGPFDTDKLIF,True,GV9,DV2
CE,CB1,1,TRGV3*01,CATWDRPKKLF,TRDV3*01,CAFRGPAGIRLYTDKLIF,True,GV3,DV3
CF,CB1,1,TRGV2*01,CATWDGQSYYKKLF,TRDV3*01,CAFRSPLYVDKLIF,True,GV2,DV3
CG,CB1,1,TRGV4*01,CATWDGWIKTF,TRDV1*01,CALGADLYWGNNQQLRAQLFF,True,GV4,DV1
CH,CB1,1,TRGV4*01,CATWEIDWIKTF,TRDV1*01,CALGASLSGDSTDKLIF,True,GV4,DV1
CI,CB1,1,TRGV4*01,CATWDGTYYKKLF,TRDV1*01,CALGDDWGIKEGDKLIF,True,GV4,DV1
CJ,CB1,1,TRGV4*01,CATWDASPHYYKKLF,TRDV1*01,CALGDFVLGDTFTDKLIF,True,GV4,DV1
CK,CB1,1,TRGV2*01,CATWDVKQNYYKKLF,TRDV1*01,CALGELNPYWGIRSAQLFF,True,GV2,DV1
CL,CB1,1,TRGV4*01,CATWDGPGDSSDWIKTF,TRDV1*01,CALGERRGGPLRSDKLIF,True,GV4,DV1
CM,CB1,1,TRGV4*01,CATWDEYKKLF,TRDV1*01,CALGVHGKTAQLFF,True,GV4,DV1
CN,CB1,1,TRGV3*01,CATWDAGYYKKLF,TRDV1*01,CALGVNSDTSGIRLYTDKLIF,True,GV3,DV1
CO,CB1,1,TRGV4*01,CATWDQGYKKLF,TRDV1*01,CALGWVPTGAWGIRTDKLIF,True,GV4,DV1
CP,CB1,1,TRGV9*01,CALWEVPYKKLF,TRDV1*01,CALYTSVDCCGDTSDKLIF,True,GV9,DV1
CQ,CB1,1,TRGV4*01,CATWENYYKKLF,TRDV1*01,CALRDGPSFVPWGYRYTDKLIF,True,GV4,DV1
CR,CB1,1,TRGV4*01,CATWDVVYYKKLF,TRAV14/DV4*01,CALRTDSSNGGGWGRTDKLIF,True,GV4,DV4
CS,CB1,1,TRGV4*01,CATWEDYYKKLF,TRAV14/DV4*01,CALGADLYDGNNQQLRAQLFF,True,GV4,DV4
CT,CB1,1,TRGV4*01,CATWDNVYYKKLF,TRDV1*01,CALGEESPPEARYTDKLIF,True,GV4,DV1
CU,CB1,1,TRGV4*01,CATWDGQVYYKKLF,TRDV1*01,CALGDSPREAGYTDKLIF,True,GV4,DV1
CW,CB1,1,TRGV2*01,CATWDGVSYYKKLF,TRDV3*01,CAFRDPLYVDKLIF,True,GV2,DV3
CX,CB2,1,TRGV9*01,CALWEVRVSYYKKLF,TRAV29/DV5*01,CAASVTISWGIGKLIF,True,GV9,DV5
CY,CB2,1,TRGV3*01,CATWDRPPKKLF,TRAV29/DV5*01,CAAYGLARLGDFFTDKLIF,True,GV3,DV5
CZ,CB2,1,TRGV9*01,CALWEELQELGKKIKVF,TRDV2*01,CACDPLCYWGIPSSWDTRQMFF,True,GV9,DV2
DA,CB2,1,TRGV9*01,CALWRELGKKIKVF,TRDV2*01,CACDTIKVPGGHLHTDKLIF,True,GV9,DV2
DB,CB2,1,TRGV9*01,CALWEVQELGKKIKVF,TRDV2*01,CACDTLLGSLTDKLIF,True,GV9,DV2
DC,CB2,1,TRGV3*01,CATWGFKKLF,TRDV2*01,CACDTRGLSSWDTRQMFF,True,GV3,DV2
DE,CB2,1,TRGV5*01,CATWAPNYYKKLF,TRDV3*01,CAFLGSVLGDTDKLIF,True,GV5,DV3
DG,CB2,1,TRGV8*01,CATWDTTGWFKIF,TRDV1*01,CALGDSFLPRWGTMATAQLFF,True,GV8,DV1
DH,CB2,1,TRGV8*01,CATWDTTGWFKIF,TRDV3*01,CALGDTAQLFF,True,GV8,DV3
DI,CB2,1,TRGV8*01,CATWDSYKKLF,TRDV1*01,CALGEESPPEARYTDKLIF,True,GV8,DV1
DJ,CB2,1,TRGV3*01,CATWDRPGSSDWIKTF,TRDV1*01,CALGELGVRPPDPFFLTAQLFF,True,GV3,DV1
DM,CB2,1,TRGV4*01,CATWDGKGWIKTF,TRDV1*01,CALGEPYSGSPVLGDRRGKLIF,True,GV4,DV1
DN,CB2,1,TRGV4*01,CATWDYHYKKLF,TRDV1*01,CALGEQGLPHFNLLGDKTDKLIF,True,GV4,DV1
DO,CB2,1,TRGV8*01,CATWDRLTKLF,TRDV1*01,CALGERAFTGGYVLDKLIF,True,GV8,DV1
DP,CB2,1,TRGV2*01,CATWDGRNYYKKLF,TRDV1*01,CALGERVQGSWGYTDKLIF,True,GV2,DV1
DQ,CB2,1,TRGV4*01,CATWGSYKKLF,TRDV1*01,CALSIEGLRVLGDTGTDKLIF,True,GV4,DV1
DR,CB2,1,TRGV2*01,CATWDGHYYKKLF,TRAV14/DV4*01,CAMREGLNWGIQVRTAQLFF,True,GV2,DV4
DS,CB2,1,TRGV8*01,CATWDRPTYKKLF,TRAV38-2/DV8*01,CAYRSTRATDKLIF,True,GV8,DV8
DT,CB2,1,TRGV8*01,CATWDNNYYKKLF,TRDV1*01,CALGESRGGYVLDKLIF,True,GV8,DV1
DU,CB2,1,TRGV3*01,CATWDYGSSDWIKTF,TRDV1*01,CALGELGSSPFFLTAQLFF,True,GV3,DV1
DV,CB2,1,TRGV3*01,CATWDDYRLRAKLF,TRDV1*01,CALGSDSSWYTDKLIF,True,GV3,DV1
DW,CB2,1,TRGV2*01,CATWDSYRNYYKKLF,TRDV1*01,CALGERSSYWGYTDKLIF,True,GV2,DV1
DX,CB2,1,TRGV4*01,CATWGRSSYKKLF,TRDV1*01,CALGEPYSLGDRRGKLIF,True,GV4,DV1
DY,CB3,1,TRGV2*01,CATWENYKKLF,TRAV29/DV5*01,CAAIGPSRPTPKGTDKLIF,True,GV2,DV5
DZ,CB3,1,TRGV3*01,CATWTRVRGYYKKLF,TRDV2*01,CACDGSWGNSWDTRQMFF,True,GV3,DV2
EA,CB3,1,TRGV9*01,CALWEGNYYKKLF,TRDV2*01,CACDIPTGGRSWDTRQMFF,True,GV9,DV2
EB,CB3,1,TRGV9*01,CALWEVQLGKKIKVF,TRDV2*01,CACDNTGGSWDTRQMFF,True,GV9,DV2
EC,CB3,1,TRGV9*01,CALWEELQELGKKIKVF,TRDV2*01,CACDPLCYWGIPSSWDTRQMFF,True,GV9,DV2
ED,CB3,1,TRGV3*01,CATWDRRDYKKLF,TRDV2*01,CACDTLKYWGINSWDTRQMFF,True,GV3,DV2
EE,CB3,1,TRGV9*01,CALWEVEELGKKIKVF,TRDV2*01,CACDTVGRGSHTDKLIF,True,GV9,DV2
EF,CB3,1,TRGV9*01,CALWEVRELGKKIKVF,TRDV2*01,CACDTVLGDTWDTRQMFF,True,GV9,DV2
EG,CB3,1,TRGV9*01,CALWEVDELGKKIKVF,TRDV2*01,CACDTVTEGGQVTGGYTDKLIF,True,GV9,DV2
EH,CB3,1,TRGV9*01,CPLWEVQVELGKKIKVF,TRDV2*01,CACDTWGPSSWDTRQMFF,True,GV9,DV2
EI,CB3,1,TRGV8*01,CATWDTTGWFKIF,TRDV2*01,CACDWGSSWDTRQMFF,True,GV8,DV2
EJ,CB3,1,TRGV3*01,CATWDRRDYKKLF,TRDV2*01,CACVLLGDTGSWDTRQMFF,True,GV3,DV2
EK,CB3,1,TRGV4*01,CATWDVTGWFKIF,TRDV2*01,CACYWGIDQNSWDTRQMFF,True,GV4,DV2
EL,CB3,1,TRGV8*01,CATWDRPKNYYKKLF,TRDV1*01,CALGELKPTHTGGYAYPPDKLIF,True,GV8,DV1
EM,CB3,1,TRGV4*01,CATWDGQGYKKLF,TRDV1*01,CALGELSYGVLGDTRNDKLIF,True,GV4,DV1
EN,CB3,1,TRGV8*01,CATWDVNYYKKLF,TRDV1*01,CALGEPFPSHTTRSWDTRQMFF,True,GV8,DV1
EO,CB3,1,TRGV8*01,CATWDRQGYKKLF,TRDV1*01,CALGEVGLFLLGRDTDKLIF,True,GV8,DV1
EP,CB3,1,TRGV3*01,CATWDRLRAKLF,TRDV1*01,CALGSDSWYTDKLIF,True,GV3,DV1
EQ,CB3,1,TRGV4*01,CATWDEYKKLF,TRDV1*01,CALGVHGKTAQLFF,True,GV4,DV1
ER,CB3,1,TRGV8*01,CATWRPPSKNYYKKLF,TRDV1*01,CALGELKDYTGGYAYPPDKLIF,True,GV8,DV1
ES,CB3,1,TRGV3*01,CATWDYRDYKKLF,TRDV1*01,CALGSYSRWYTDKLIF,True,GV3,DV1
GJ,ED5,6,TRGV9*01,CALWESQELGKKIKVF,TRDV2*01,CACDLIRSWGTWDTRQMFF,True,GV9,DV2
GN,ED5,5,TRGV9*01,CALWDQEGKIKVF,TRDV2*01,CACDTVNGGYYHDKLIF,True,GV9,DV2
GO,ED5,5,TRGV9*01,CALWEVGQELGKKIKVF,TRDV2*01,CACDTLGFPPYTDKLIF,True,GV9,DV2
GK,ED5,2,TRGV9*01,CALWYSQELGKKIKVF,TRDV2*01,CACDALLVDTDKLIF,True,GV9,DV2
GL,ED5,2,TRGV9*01,CALWEVPELGKKIKVF,TRDV2*01,CACDTPFTGGSRGVDKLIF,True,GV9,DV2
GM,ED5,1,TRGV9*01,CALWEVRELGKKIKVF,TRDV2*01,CACDYTGGYKTDKLIF,True,GV9,DV2
GP,ED5,1,TRGV9*01,CALWYSQELGKKIKVF,TRDV2*01,CACDTVGEEVTDKLIF,True,GV9,DV2
GR,ED5,1,TRGV9*01,CALWEGEDGKKIKVF,TRDV2*01,CACDTLGDRDDKLIF,True,GV9,DV2
GS,ED5,1,TRGV9*01,CALWDPELGKKIKVF,TRDV1*01,CACDAIGLGDKDTDKLIF,True,GV9,DV1
GU,ED5,1,TRGV4*01,CATWDGNYYKKLF,TRDV1*01,CALGELVGFLRINTGGYGLIF,True,GV4,DV1
GV,ED5,1,TRGV9*01,CALWEVHELGKKIKVF,TRDV2*01,CACDTLLGEPTDKLIF,True,GV9,DV2
GW,ED5,1,TRGV9*01,CALWEGQELGKKIKVF,TRDV2*01,CACDTTGGYASSWDTRQMFF,True,GV9,DV2
GX,ED5,1,TRGV2*01,CATWDGTGWFKIF,TRDV1*01,CALGELTYTDKLIF,True,GV2,DV1
GY,ED4,8,TRGV9*01,CALWEAQELGKKIKVF,TRDV2*01,CACDSWSSSSPRESTGGYASSSWDTRQMFF,True,GV9,DV2
GZ,ED4,2,TRGV9*01,CALWEVHGLGKKIKVF,TRDV2*01,CACDTVDLGILMRDTDKLIF,True,GV9,DV2
HF,ED4,2,TRGV9*01,CALWEVELGKKIKVF,TRDV2*01,CACDTATGGRSSWDTRQMFF,True,GV9,DV2
HA,ED4,1,TRGV9*01,CALWEVEELGKKIKVF,TRDV2*01,CACDTLPSYVMGESTDKLIF,True,GV9,DV2
HB,ED4,1,TRGV9*01,CPLWEGEHVELGKKIKVF,TRDV2*01,CACDTAWGGSSWDQMFF,True,GV9,DV2
HC,ED4,1,TRGV9*01,CALWEKKELGKKIKVF,TRDV2*01,CACDPISSRGTFYTDKLIF,True,GV9,DV2
HD,ED4,1,TRGV9*01,CALWEGKARPDYYKKLF,TRDV2*01,CACDTVIAGGRLYTDKLIF,True,GV9,DV2
HE,ED4,1,TRGV9*01,CALWEGVEEQLKKIKVF,TRDV2*01,CACDTVGDTDKLIF,True,GV9,DV2
HG,ED4,1,TRGV9*01,CALWEQSLGKKIKVF,TRDV2*01,CACDRMGVTGGLDIYTDKLIF,True,GV9,DV2
HI,ED4,1,TRGV9*01,CALWEVQELGKKIKVF,TRDV2*01,CACDELGDISGDKLIF,True,GV9,DV2
HJ,ED4,1,TRGV9*01,CALWEVGQLGKKIKVF,TRDV1*01,CACDTVWSSEGHKLIF,True,GV9,DV1
HK,ED4,1,TRGV9*01,CPLWEVHGLGKKIKVF,TRDV2*01,CACTRSGYTDKLIF,True,GV9,DV2
HL,ED4,1,TRGV9*01,CALWEGRKKLF,TRDV2*01,CACDTMRGYREKYTDKLIF,True,GV9,DV2
HM,ED4,1,TRGV9*01,CALWEVQGGQKLGKKIKVF,TRDV2*01,CACDPIRSFHPIMGDKYTDKLIF,True,GV9,DV2
HN,ED4,1,TRGV9*01,CALWEGRKKLF,TRDV2*01,CACDPISSRGTFYTDKLIF,True,GV9,DV2
HO,ED4,1,TRGV9*01,CALWEALTQELGKKIKVF,TRDV2*01,CACDTVGDSDKLIF,True,GV9,DV2
EX,ED1 Hi,27,TRGV2*01,CATWDGRGKLF,,CACDTGSGGYAGSWDTRQMFF,True,GV2,ND
ET,ED1 Hi,1,TRGV9*01,CALWGNQELGKKIKVF,TRDV2*01,CACDAIGILTDKLIF,True,GV9,DV2
EU,ED1 Hi,1,TRGV9*01,CALWEASQELGKKIKVF,TRDV2*01,CACDTGSGGYAGSWDSQKMFF,True,GV9,DV2
EZ,ED1 Low,25,TRGV8*01,CATWDRKSSDWIKTF,,CALGEPKSGLADKLIF,True,GV8,ND
EY,ED1 Low,1,TRGV4*01,CATWDGPNYKKLF,,CALGELGKTDKLIF,True,GV4,ND
FA,ED1 Low,1,TRGV9*01,CALWEVQNFDWIKTF,TRDV1*01,CALGGGFGVDTDKLIF,True,GV9,DV1
FU,ED14 Hi,7,TRGV4*01,CATWEGYKKLF,TRDV1*01,CALGEPPFLTGTGWGIRRYFPTDKLIF,True,GV4,DV1
FP,ED14 Hi,4,TRGV9*01,CALWEVQELGKKIKVF,TRDV2*01,CACDTLQGIVGGYPEYTDKLIF,True,GV9,DV2
FN,ED14 Hi,1,TRGV4*01,CATWEGYKKLF,TRDV2*01,CACDTEFSGGYLTGHTDKLIF,True,GV4,DV2
FO,ED14 Hi,1,TRGV4*01,CALWEVHWELGKKIKVF,TRDV2*01,CACDTLLGGGYEMYTDKLIF,True,GV4,DV2
FQ,ED14 Hi,1,TRGV5*01,CATWDRPMYYYKKLF,TRDV1*01,CALGDNDWGKLIF,True,GV5,DV1
FR,ED14 Hi,1,TRGV9*01,CALWEVPEQELGKKIKVF,TRDV1*01,CALGELPAEYWGIMPDKLIF,True,GV9,DV1
FS,ED14 Hi,1,TRGV4*01,CATWDGEDTGWFKIF,TRDV1*01,CALGEPPFLTGTGWGIRRYFPTDKLIF,True,GV4,DV1
FT,ED14 Hi,1,TRGV4*01,CATWSDETGWFKIF,TRDV1*01,CALGEPPFLTGTGWGIRRYFPTDKLIF,True,GV4,DV1
FV,ED14 Hi,1,TRGV9*01,CALWETQELGKKIKVF,TRDV1*01,CALGESYIHWGMPSLTAQLFF,True,GV9,DV1
FW,ED14 Hi,1,TRGV9*01,CALWEVPEQELGKKIKVF,TRDV1*01,CALGESYIHWGMPSLTAQLFF,True,GV9,DV1
FX,ED14 Hi,1,TRGV9*01,CALWEQEELGKKIKVF,TRDV2*01,CACDTRSGYEMYTDKLIF,True,GV9,DV2
FY,ED14 Hi,1,TRGV9*01,CALWEQRELGKKIKVF,TRDV2*01,CACDTGGYPEYTDKLIF,True,GV9,DV2
FZ,ED14 Hi,1,TRGV9*01,CALWEVEGELGKKIKVF,TRDV2*01,CACDTLLGGGYEMYTDKLIF,True,GV9,DV2
GI,ED14 Low,21,TRGV4*01,CATWEGYKKLF,TRDV1*01,CALGEPPFLTGTGWGIRRYFPTDKLIF,True,GV4,DV1
GB,ED14 Low,1,TRGV9*01,CALWEGNLELGKKIKVF,TRDV2*01,CACDTLGDNSDKLIF,True,GV9,DV2
GC,ED14 Low,1,TRGV9*01,CALWDAQELGKKIKVF,TRDV2*01,CACEFLARTAYTDKLIF,True,GV9,DV2
GD,ED14 Low,1,TRGV9*01,CALWETQELGKKIKVF,TRDV2*01,CACDLVGGGPHTDKLIF,True,GV9,DV2
GE,ED14 Low,1,TRGV9*01,CALWEVPELGKKIKVF,TRDV2*01,CACDTLEGGGSWDTRQMFF,True,GV9,DV2
GF,ED14 Low,1,TRGV9*01,CALWEVPEQELGKKIKVF,TRDV2*01,CACDTTGSSWDTRQMFF,True,GV9,DV2
GG,ED14 Low,1,TRGV9*01,CALWEQDELGKKIKVF,TRDV2*01,CACDTSSLGDRDDKLIF,True,GV9,DV2
GH,ED14 Low,1,TRGV4*01,CATWEGYKKLF,TRDV1*01,CALGEIPVPTQYWGSYKLIF,True,GV4,DV1
B,LN15,1,TRGV4*01,CATWDGPYYKKLF,TRDV1*01,CALGKPGLLGVHPNTDKLIF,True,GV4,DV1
C,LN15,1,TRGV4*01,CATWDGYYKKLF,TRDV1*01,CALGELHDLRGDTGADKLIF,True,GV4,DV1
D,LN15,1,TRGV4*01,CATWDVSNYYKKLF,TRDV1*01,CALGPKDVFPPYYLLTYTDKLIF,True,GV4,DV1
E,LN15,1,TRGV9*01,CALWEAPDYNKKLF,TRDV2*01,CACDNLGDRDKLIF,True,GV9,DV2
F,LN15,1,TRGV9*01,CALWEAPVSGSYYYKKLF,TRDV2*01,CACDTRRGTVDTDKLIF,True,GV9,DV2
G,LN15,1,TRGV9*01,CALWEAELGKKIKVF,TRDV2*01,CACDTVDTGGSSWDTRQMFF,True,GV9,DV2
H,LN15,3,TRGV9*01,CALWEQELGKKIKVF,TRDV2*01,CACDVLGYTDKLIF,True,GV9,DV2
I,LN15,2,TRGV9*01,CALWEQELGKKIKVF,TRDV2*01,CACDTMSGPGDTRSSWDTRQMFF,True,GV9,DV2
J,LN15,2,TRGV9*01,CALWETKELGKKIKVF,TRDV2*01,CACDTVGSGSEGDWGTTDKLIF,True,GV9,DV2
K,LN15,1,TRGV9*01,CALWEVRELGKKIKVF,TRDV2*01,CACDALLGDSLPDKLIF,True,GV9,DV2
L,LN15,1,TRGV9*01,CALWQELGKKIKVF,TRDV2*01,CACDTVRRTGGTWDTRQMFF,True,GV9,DV2
M,LN15,1,TRGV9*01,CPLWEQELGKKIKVF,TRDV2*01,CACDVLGYTDKLIF,True,GV9,DV2
N,LN15,1,TRGV9*01,CPLWEVWELGKKIKVF,TRDV2*01,CACDQPTGRTGDRGSWDTRQMFF,True,GV9,DV2
O,LN15,1,TRGV9*01,CPLWEVQELGKKIKVF,TRDV2*01,CACWPLLGDTDKLIF,True,GV9,DV2
P,LN15,1,TRGV9*01,CPLWEVEEGYYAKKIKVF,TRDV2*01,CACDTVGIPHTDKLIF,True,GV9,DV2
Q,SP25,1,TRGV3*01,CATWDRRKKLF,TRDV1*01,CALGELERWGTIYWGTTDKLIF,True,GV3,DV1
Q,LN25,10,TRGV3*01,CATWDRRKKLF,TRDV1*01,CALGELERWGTIYWGTTDKLIF,True,GV3,DV1
R,LN25,3,TRGV2*01,CATWDGDSYYYKKLF,TRDV1*01,CALGVSFTRLTGGLPTDKLIF,True,GV2,DV1
S,LN25,4,TRGV9*01,CALWLYYKKLF,TRDV1*01,CALGESLFGTGGYPYTDKLIF,True,GV9,DV1
T,LN25,3,TRGV9*01,CALWLYYKKLF,TRDV1*01,CALGTVPWGILGTDKLIF,True,GV9,DV1
W,LG10,1,TRGV2*01,CATWDKRRTTGWFKIF,TRDV3*01,CACRESLASWYTDKLIF,True,GV2,DV3
X,LG10,1,TRGV5*01,CATWSGPYKIKVF,TRDV2*01,CACDTLLVGDEYGLNLIF,True,GV5,DV2
Y,LG10,5,TRGV9*01,CALWEEGAKLF,TRDV2*01,CALSERLPRDGGYTDKLIF,True,GV9,DV2
Z,LG10,2,TRGV9*01,CALWEVKLGKKIKVF,TRDV2*01,CACDSMYWGTRNNTDKLIF,True,GV9,DV2
AA,LG10,1,TRGV9*01,CALWEVPELGKKIKVF,TRDV2*01,CACDTVSGGYAAVGDKLIF,True,GV9,DV2
AB,LG10,1,TRGV9*01,CALWEVQELGKKIKVF,TRDV2*01,CACDTLTVEDKLIF,True,GV9,DV2
AC,LG10,4,TRGV9*01,CALWEVQELGKKIKVF,TRDV2*01,CACDSAGDSSWDTRQMFF,True,GV9,DV2
AD,LG10,2,TRGV9*01,CALWEVQELGKKIKVF,TRDV2*01,CACDTVSGGYAAVGDKLIF,True,GV9,DV2
AE,LG3,1,TRGV9*01,CALWVEEQLKKIKVF,TRDV2*01,CACDTVGERSRPLIF,True,GV9,DV2
AH,LG3,1,TRGV9*01,CALWEDGELGKKIKVF,TRDV2*01,CACDTLGGSRDKLIF,True,GV9,DV2
AI,LG3,1,TRGV9*01,CALWEPGELGKKIKVF,TRDV2*01,CACDAILGDTSSWDTRQMFF,True,GV9,DV2
AJ,LG3,1,TRGV9*01,CALWEQGELGKKIKVF,TRDV2*01,CACDTPAGLGVWDSWDTRQMFF,True,GV9,DV2
AK,LG3,1,TRGV9*01,CALWEVGELGKKIKVF,TRDV2*01,CACDPLLGDKTDKLIF,True,GV9,DV2
AL,LG3,1,TRGV9*01,CALWEVQELGKKIKVF,TRDV2*01,CACDTILPPGGGTDKLIF,True,GV9,DV2
AN,LG3,1,TRGV9*01,CALWEVSDPKGGGKKIKVF,TRDV2*01,CACDTATTGGAPSWDTRQMFF,True,GV9,DV2
AO,LG3,1,TRGV9*01,CALWLQELGKKIKVF,TRDV2*01,CACDTVGLTGGRITDKLIF,True,GV9,DV2
AP,LG3,1,TRGV9*01,CALWLQELGKKIKVF,TRDV2*01,CACDTVAGGYDKALTAQLFF,True,GV9,DV2
AQ,LG3,1,TRGV9*01,CPLWEAGELGKKIKVF,TRDV2*01,CACDTPAGLGVWDSWDTRQMFF,True,GV9,DV2
AR,LG3,1,TRGV9*01,CPLWEREELGKKIKVF,TRDV2*01,CACDTLLGDTRTSNTDKLIF,True,GV9,DV2
AS,LG3,2,TRGV9*01,CPLWEVREELGKKIKVF,TRDV2*01,CACDGLGDSALTAQLFF,True,GV9,DV2
AT,LG3,1,TRGV9*01,CPLWEVSDPKGGGKKIKVF,TRDV2*01,CACDTATTGGAPSWDTRQMFF,True,GV9,DV2
AU,LG3,1,TRGV9*01,CPLWEVQELGKKIKVF,TRDV2*01,CACDGIFKGWGIRDTDKLIF,True,GV9,DV2
AV,LG3,2,TRGV9*01,CPLWEVQELGKKIKVF,TRDV2*01,CACDTSGLGDTRSWDTRQMFF,True,GV9,DV2
AZ,LG5,2,TRGV9*01,CALWEVEGELGKKIKVF,TRDV2*01,CACDALGDSYTDKLIF,True,GV9,DV2
BB,LG5,1,TRGV2*01,CATWDGPKKLF,TRDV1*01,CALGNIPSRTGGYRGDKLIF,True,GV2,DV1
BC,LG5,1,TRGV2*01,CATWDGPKKLF,TRDV2*01,CACDPLRLGDTRATKLIF,True,GV2,DV2
BD,LG5,1,TRGV2*01,CATWDLRFKIF,TRDV3*01,CALQLIPLYTDKLIF,True,GV2,DV3
BH,LG5,1,TRGV9*01,CALWEAELGAKLF,TRDV2*01,CACEQLGAEDKLIF,True,GV9,DV2
BJ,LG5,2,TRGV9*01,CALWEAKELGKKIKVF,TRDV2*01,CACDRLLGDQNTDKLIF,True,GV9,DV2
BK,LG5,1,TRGV9*01,CALWEAKELGKKIKVF,TRDV2*01,CACDTLLGDTELTDKLIF,True,GV9,DV2
BL,LG5,1,TRGV9*01,CALWEPRELGKKIKVF,TRDV2*01,CACDTYGSWDTRQMFF,True,GV9,DV2
BQ,SP10,1,TRGV3*01,CATWRYKKLF,TRDV1*01,CALGVYGGLYWGIRWYTDKLIF,True,GV3,DV1
BS,SP10,1,TRGV4*01,CATWDYRRYYKKLF,TRDV3*01,CAFVPYWGIVTDKLIF,True,GV4,DV3
BT,SP10,1,TRGV4*01,CATWVRLYYKKLF,TRDV1*01,CALGELLEGWGMAAQLFF,True,GV4,DV1
BU,SP10,1,TRGV4*01,CATWDWMDYYKKLF,TRDV1*01,CALGELQGLREWGSITYAYTDKLIF,True,GV4,DV1
BW,SP10,1,TRGV8*01,CATWVVYKKLF,TRDV1*01,CALGEFLRSAGGYAKLDKLIF,True,GV8,DV1
BX,SP15,1,TRGV2*01,CATWDDRGYKKLF,TRDV1*01,CALGELFSPPGRLKRRDKLIF,True,GV2,DV1
BY,SP15,1,TRGV3*01,CATWTRYYKKLF,TRDV1*01,CALGDKRPPGSGGYKADKLIF,True,GV3,DV1
BZ,SP15,1,TRGV3*01,CATWDRLISNLHYYKKLF,TRDV3*01,CASWLGWGIPYTDKLIF,True,GV3,DV3
CA,SP15,4,TRGV3*01,CATWTRYYKKLF,TRDV1*01,CALGDKRPLGSGGYKADKLIF,True,GV3,DV1
CB,SP15,1,TRGV3*01,CATWTRYYKKLF,TRDV1*01,CALGEGPTKGKLIF,True,GV3,DV1
CC,SP15,4,TRGV3*01,CATWGKNYYKKLF,TRDV1*01,CALGEGPTKGKLIF,True,GV3,DV1
CD,SP15,1,TRGV4*01,CATWGERYYKKLF,TRDV1*01,CALGARYGGYKASWDTRQMFF,True,GV4,DV1
CE,SP15,1,TRGV5*01,CATWDRPLYYKKLF,TRDV1*01,CALERCRHNNTDKLIF,True,GV5,DV1
CF,SP15,1,TRGV8*01,CATWNDVYKKLF,TRDV1*01,CALGEGPTKGKLIF,True,GV8,DV1
CG,SP15,1,TRGV9*01,CALWEVVSTIRKKLF,TRDV1*01,CALGELPPLRGDTRRLLWLRVGTDKLIF,True,GV9,DV1
CI,SP15,1,TRGV9*01,CALWEGQGRLGKKIKVF,TRDV2*01,CACDTVGDTGDKLIF,True,GV9,DV2
CJ,SP15,1,TRGV9*01,CALWEVEELGKKIKVF,TRDV2*01,CACDTLILGDTQYTDKLIF,True,GV9,DV2
CK,SP15,1,TRGV9*01,CALWEVGELGKKIKVF,TRDV2*01,CACDTLGDPVYTDKLIF,True,GV9,DV2
CN,SP25,2,TRGV5*01,CATWGQVYYKKLF,TRDV3*01,CAFKVLGEPTDKLIF,True,GV5,DV3
CO,SP25,2,TRGV8*01,CATWDRSYYKKLF,TRDV1*01,CALGDFTGGPYRHTDKLIF,True,GV8,DV1
CP,SP25,3,TRGV8*01,CATWDRSYYKKLF,TRDV1*01,CALGESLGFYTDKLIF,True,GV8,DV1
CQ,SP25,5,TRGV8*01,CATWDSDWIKTF,TRDV1*01,CALGVSFTRLTGGLPTDKLIF,True,GV8,DV1
B,AD6+,1,TRGV9*01,CPLWDAKREELGKKIKVF,TRDV2*01,CACDKVGGVADKLIF,True,GV9,DV2
D,AD6+,1,TRGV4*01,CATWYDKIKVF,TRDV2*01,CACDPLMRDTSDKLIF,True,GV4,DV2
E,AD6+,1,TRGV9*01,CALWEMSELGKKIKVF,TRDV2*01,CACDSLLGGGGTDKLIF,True,GV9,DV2
F,AD6+,1,TRGV9*01,CALWDPREELGKKIKVF,TRDV2*01,CACDSLPVTGTYLYTDKLIF,True,GV9,DV2
G,AD6+,1,TRGV9*01,CALWELQELGKKIKVF,TRDV2*01,CACDTAGGSSWDTRQMFF,True,GV9,DV2
H,AD6+,1,TRGV4*01,CATWDGIPLVGKKVF,TRDV2*01,CACDTAGGSWDTRQMFF,True,GV4,DV2
I,AD6+,1,TRGV9*01,CALWDSPRENWAKKIKVF,TRDV2*01,CACDTIALPTGGQLTAQLFF,True,GV9,DV2
J,AD6+,1,TRGV9*01,CALWEKIKVF,TRDV2*01,CACDTIWGGDWGKTDKLIF,True,GV9,DV2
K,AD6+,2,TRGV9*01,CALWEVQELGKKIKVF,TRDV2*01,CACDTLAGNTDKLIF,True,GV9,DV2
L,AD6+,1,TRGV9*01,CALWEVEELGKKIKVF,TRDV2*01,CACDTLGDTDKLIF,True,GV9,DV2
M,AD6+,1,TRGV9*01,CALWEAQELGKKIKVF,TRDV2*01,CACDTLGSAIREDDKLIF,True,GV9,DV2
N,AD6+,1,TRGV9*01,CALWEYQELGKKIKVF,TRDV2*01,CACDTLVSGSLTAQLFF,True,GV9,DV2
O,AD6+,1,TRGV9*01,CALWEVRKRQELGKKIKVF,TRDV2*01,CACDTVGGSEERNTDKLIF,True,GV9,DV2
Q,AD6+,1,TRGV9*01,CALWEEQLGKKIKVF,TRDV2*01,CACDTVLGDTITWDTRQMFF,True,GV9,DV2
R,AD6+,1,TRGV9*01,CALGWEGVEELKKIKVF,TRDV2*01,CACDTVLGDTRKTDKLIF,True,GV9,DV2
S,AD6+,1,TRGV9*01,CALWDKQELGKKIKVF,TRDV2*01,CACDTVSGDTDKLIF,True,GV9,DV2
T,AD6+,1,TRGV9*01,CALWEDKQELGKKIKVF,TRDV2*01,CACDVLGDTGDKLIF,True,GV9,DV2
U,AD5-,2,TRGV9*01,CALWEVQVLGKKIKVF,TRDV2*01,CACDTLGLRGDKLIF,True,GV9,DV2
U,AD5+,4,TRGV9*01,CALWEVQVLGKKIKVF,TRDV2*01,CACDTLGLRGDKLIF,True,GV9,DV2
V,AD5+,3,TRGV9*01,CALWEVQELGKKIKVF,TRDV2*01,CACDTLGDWVNTDKLIF,True,GV9,DV2
W,AD5+,1,TRGV9*01,CALWEVQELGKKIKVF,TRDV2*01,CACDGMTGGYTGTIDKLIF,True,GV9,DV2
X,AD5+,1,TRGV9*01,CALWERELGKKIKVF,TRDV2*01,CACDKLGDTSRDKLIF,True,GV9,DV2
Y,AD5+,1,TRGV9*01,CALWEQPKLAKKIKVF,TRDV2*01,CACDLIGRYTDKLIF,True,GV9,DV2
Z,AD5+,1,TRGV9*01,CALWEQELGKKIKVF,TRDV2*01,CACDLLGDTGTDKLIF,True,GV9,DV2
AA,AD5+,1,TRGV9*01,CALWEGRRELGKKIKVF,TRDV2*01,CACDPVAGGYAGRADKLIF,True,GV9,DV2
AB,AD5+,1,TRGV9*01,CALWDPRGQLGKKIKVF,TRDV2*01,CACDPVSAGDHLYTDKLIF,True,GV9,DV2
AC,AD5+,1,TRGV3*01,CATWDRPGKKLF,TRDV2*01,CACDTLGSYTDKLIF,True,GV3,DV2
AD,AD5+,1,TRGV9*01,CALWEVQTDSELGKKIKVF,TRDV2*01,CACDTLRAQTSLGAGTDKLIF,True,GV9,DV2
AE,AD5+,1,TRGV9*01,CALWEVQELGKKIKVF,TRDV2*01,CACDTMGTPLIYTDKLIF,True,GV9,DV2
AF,AD5+,1,TRGV9*01,CALWEKGGGKKIKVF,TRDV2*01,CACDTVAGLGDNTDKLIF,True,GV9,DV2
AG,AD5+,1,TRGV9*01,CALWEVVELGKKIKVF,TRDV2*01,CACDTVGDLRDTRQMFF,True,GV9,DV2
AH,AD5+,1,TRGV9*01,CALWEQELGKKIKVF,TRDV2*01,CACDTVGFQTEADKLIF,True,GV9,DV2
AI,AD5+,1,TRGV9*01,CALWEVRELGKKIKVF,TRDV2*01,CACDTVGGNDDKLIF,True,GV9,DV2
AJ,AD5+,1,TRGV9*01,CPLWEVEELGKKIKVF,TRDV2*01,CACDTVTGGRYTDKLIF,True,GV9,DV2
AK,AD5+,1,TRGV9*01,CALWEGALGKKIKVF,TRDV2*01,CACDVLLGAAHTDKLIF,True,GV9,DV2
AL,AD16+,1,TRGV9*01,CPLWEVKQELGKKIKVF,TRDV2*01,CACDPLMRDTSDKLIF,True,GV9,DV2
AL,AD16-,2,TRGV9*01,CPLWEVKQELGKKIKVF,TRDV2*01,CACDPLMRDTSDKLIF,True,GV9,DV2
AM,AD16+,1,TRGV9*01,CALWGGGREWGKKIKVF,TRDV2*01,CACDALGVYTDKLIF,True,GV9,DV2
AN,AD16+,1,TRGV9*01,CALWEVHGTGWFKIF,TRDV2*01,CACDPLLGDTLHRQMFF,True,GV9,DV2
AO,AD16+,1,TRGV9*01,CALWGEELGKKIKVF,TRDV2*01,CACDRLGVSYTDKLIF,True,GV9,DV2
AP,AD16+,1,TRGV9*01,CALWEVWGLGKKIKVF,TRDV2*01,CACDSLGTRDKLIF,True,GV9,DV2
AQ,AD16+,1,TRGV9*01,CALWDPRGQLGKKIKVF,TRDV2*01,CACDSVLGDTDKLIF,True,GV9,DV2
AR,AD16+,1,TRGV9*01,CALWEVRQELGKKIKVF,TRDV2*01,CACDTAEGSPSWDTRQMFF,True,GV9,DV2
AS,AD16+,1,TRGV9*01,CPLGGFQNWGKKIKVF,TRDV2*01,CACDTIETGGYTDKLIF,True,GV9,DV2
AT,AD16+,1,TRGV9*01,CALWEVHQELGKKIKVF,TRDV2*01,CACDTLGDISWDTRQMFF,True,GV9,DV2
AU,AD16+,1,TRGV9*01,CPLGGGQDLGKKIKVF,TRDV2*01,CACDTLGDTLLSWDTRQMFF,True,GV9,DV2
AV,AD16+,1,TRGV9*01,CALWEVRELGKKIKVF,TRDV2*01,CACDTLMDSSWDTRQMFF,True,GV9,DV2
AW,AD16+,1,TRGV9*01,CALWEVQELGKKIKVF,TRDV2*01,CACDTLMGDGELTDKLIF,True,GV9,DV2
AX,AD16+,1,TRGV9*01,CPLWEVREWGKKIKVF,TRDV2*01,CACDTMGTPLIYTDKLIF,True,GV9,DV2
AY,AD16+,1,TRGV9*01,CALWEVQELGKKIKVF,TRDV2*01,CACDTMTGGYTGTIDKLIF,True,GV9,DV2
AZ,AD16+,1,TRGV9*01,CALWEVRQLGKKIKVF,TRDV2*01,CACDTVGPLGDSDKLIF,True,GV9,DV2
BA,AD16+,1,TRGV9*01,CALWEVHRKLAKKIKVF,TRDV2*01,CACDTVGTGGYQPAQLFF,True,GV9,DV2
BB,AD16+,1,TRGV3*01,CATCPDTTGWFKIF,TRDV2*01,CACDTVKISLGSSSWDTRQMFF,True,GV3,DV2
BC,AD16+,1,TRGV9*01,CALWEVGELGKKIKVF,TRDV2*01,CACDTVNSYGGGVLGDTTDKLIF,True,GV9,DV2
BD,AD16+,1,TRGV9*01,CALWEWEGLGKKIKVF,TRDV2*01,CACDTVPSLGDIGYTDKLIF,True,GV9,DV2
BE,AD6-,1,TRGV3*01,CATRHGRGKKLF,TRDV1*01,CALGDPRALLRWGSLGDYTDKLIF,True,GV3,DV1
BF,AD6-,1,TRGV3*01,CATWDRRSKYYKKLF,TRDV1*01,CALGDPRALLRWGSLGDYTDKLIF,True,GV3,DV1
BG,AD6-,1,TRGV9*01,CALWEGGKKLF,TRDV1*01,CALGDPRALLRWGSLGDYTDKLIF,True,GV9,DV1
BI,AD6-,1,TRGV4*01,CATWDGFYYFKKLF,TRDV1*01,CALGELRPTGGHTDKLIF,True,GV4,DV1
BJ,AD6-,1,TRGV4*01,CATWEGARWQKLF,TRDV1*01,CALGERGWGFPKRLTDKLIF,True,GV4,DV1
BL,AD6-,1,TRGV9*01,CALWEGKWAKKIKVF,TRDV2*01,CACDALEGDTKDTDKLIF,True,GV9,DV2
BM,AD6-,1,TRGV9*01,CALWYELLGLGKKIKVF,TRDV2*01,CACDTATGGSWDTRQMFF,True,GV9,DV2
BN,AD6-,1,TRGV9*01,CALWEVKEWGKKIKVF,TRDV2*01,CACDTFGGLSSWDTRQMFF,True,GV9,DV2
BO,AD6-,1,TRGV9*01,CALWEVRELGKKIKVF,TRDV2*01,CACDTITGGPHHKLIF,True,GV9,DV2
BQ,AD6-,1,TRGV9*01,CALWELQELGKKIKVF,TRDV2*01,CACDTLGSYTDKLIF,True,GV9,DV2
BR,AD6-,1,TRGV9*01,CALWELGQELGKKIKVF,TRDV2*01,CACDTVGDTESSWDTRQMFF,True,GV9,DV2
BS,AD6-,1,TRGV9*01,CALWEQELGKKIKVF,TRDV2*01,CACDTVGGIRTDKLIF,True,GV9,DV2
BT,AD6-,1,TRGV9*01,CALWEVRGELGKKIKVF,TRDV2*01,CACDTVGYADTDKLIF,True,GV9,DV2
BU,AD6-,1,TRGV9*01,CALWEVQGELGKKIKVF,TRDV2*01,CACDTVLGDLFATDKLIF,True,GV9,DV2
BV,AD6-,1,TRGV9*01,CALWEGGRGEWGKKIKVF,TRDV2*01,CACDTVTGGLPLYTDKLIF,True,GV9,DV2
BW,AD6-,1,TRGV4*01,CATYHWDTTGWFKIF,TRDV3*01,CASGELISPTPVGGGDPENDKLIF,True,GV4,DV3
BX,AD6-,1,TRGV9*01,CALWEKESYYKKLF,TRDV3*01,CASRFSYWGINLNTDKLIF,True,GV9,DV3
BY,AD5-,3,TRGV4*01,CATAQGDTTGWFKIF,TRDV3*01,CAFTLFSPRTGGYSSYTDKLIF,True,GV4,DV3
BZ,AD5-,2,TRGV3*01,CPPGTGLKVFDYKKLF,TRDV2*01,CACDLLGDTNTDKLIF,True,GV3,DV2
CB,AD5-,1,TRGV9*01,CALWEGELGKKIKVF,TRDV2*01,CACDHLGRDLYTDKLIF,True,GV9,DV2
CC,AD5-,1,TRGV9*01,CPLWEQELGKKIKVF,TRDV2*01,CACDLLGDTGTDKLIF,True,GV9,DV2
CD,AD5-,1,TRGV10*01,CAAWDHPTGWFKIF,TRDV2*01,CACDLLGVSRLIF,True,GV10,DV2
CE,AD5-,1,TRGV9*01,CPLWEVGIELGKKIKVF,TRDV2*01,CACDPVAGGYAGRADKLIF,True,GV9,DV2
CK,AD5-,1,TRGV9*01,CALWEGQELGKKIKVF,TRDV2*01,CACDTLGDWVNTDKLIF,True,GV9,DV2
CL,AD5-,1,TRGV9*01,CALWERQELGKKIKVF,TRDV2*01,CACDTLLGDTQGNTDKLIF,True,GV9,DV2
CM,AD5-,1,TRGV9*01,CPLGEKDWGKKIKVF,TRDV2*01,CACDTLVLGDTLYPDKLIF,True,GV9,DV2
CN,AD5-,1,TRGV9*01,CALWGAPLLGKNLGKKIKVF,TRDV2*01,CACDTVEVLGDPRDKLIF,True,GV9,DV2
CO,AD5-,1,TRGV9*01,CALWEPQRNYYKKLF,TRDV3*01,CAFIPFWGRMIDKLIF,True,GV9,DV3
CP,AD5-,1,TRGV9*01,CALWEKKSYYKKLF,TRDV3*01,CASRFSYWGINLNTDKLIF,True,GV9,DV3
CQ,AD5-,1,TRGV9*01,CALWEKQSYYKKLF,TRDV3*01,CASRFSYWGINLNTDKLIF,True,GV9,DV3
CR,AD16-,1,TRGV9*01,CALWEIRWELGKKIKVF,TRDV2*01,CACDPLLGDTRTDKLIF,True,GV9,DV2
CS,AD16-,1,TRGV3*01,CATWDRPGKKLF,TRDV1*01,CALGYPGSVLPWGGEGDYTDKLIF,True,GV3,DV1
CT,AD16-,1,TRGV3*01,CPPGTGLKVFDYKKLF,TRDV2*01,CACDLLGDTNTDKLIF,True,GV3,DV2
CU,AD16-,1,TRGV9*01,CALWEPNGDWAKKIKVF,TRDV2*01,CACDLLLGDTINTDKLIF,True,GV9,DV2
CV,AD16-,1,TRGV9*01,CALWEVKQELGKKIKVF,TRDV2*01,CACDPLMRDTSDKLIF,True,GV9,DV2
CW,AD16-,1,TRGV9*01,CALWEEGELGKKIKVF,TRDV2*01,CACDPLTGGYAGGTAYTDKLIF,True,GV9,DV2
CX,AD16-,1,TRGV8*01,CATWDTLNKKVF,TRDV2*01,CACDPLVLGDTHTDKLIF,True,GV8,DV2
CY,AD16-,1,TRGV9*01,CALWEVEVGKKIKVF,TRDV2*01,CACDTAGGNWDTRQMFF,True,GV9,DV2
CZ,AD16-,1,TRGV9*01,CPLWEGQELGKKIKVF,TRDV2*01,CACDTLGDTLLSWDTRQMFF,True,GV9,DV2
DA,AD16-,1,TRGV9*01,CPLWEGEVLGKKIKVF,TRDV2*01,CACDTLGDTLLSWDTRQMFF,True,GV9,DV2
DC,AD16-,1,TRGV9*01,CALWEVQKLGKKIKVF,TRDV2*01,CACDTVLGDTSSWDTRQMFF,True,GV9,DV2
DD,AD16-,1,TRGV9*01,CALWEVKELGKKIKVF,TRDV2*01,CACDTVLGGFTYTDKLIF,True,GV9,DV2
