	cdr3_b_aa	v_b_gene	j_b_gene	pgen	max_radi	target_hits	bkgd_hits	bkgd_hits_weighted	bkgd_total	ctrl	ctrl_weighted	target_misses	TR	TR2	BR_weighted	RR_weighted	OR_weighted	chi2dist	target_neighbors	target_seqs	background_neighbors	background_seqs	background_v	background_j	regex	target_re_hits	bkgd_re_hits	bkgd_re_weighted_hits	TR_re	BR_re_weighted	RR_re_weighted	OR_re_weighted	chi2re	chi2joint	nsubject	novel
213	CASGIKTDSYEQYF	TRBV28*01	TRBJ2-7*01	4.529754996919289e-11	34	51	14	1.0235718203193336	198244	7.062004398619881e-05	5.16319192671321e-06	446	0.10420841683366733	0.10420841683366733	1.0207377804946044e-05	10209.127047611828	11396.64965717741	19505.00114745144	[40, 41, 42, 45, 47, 51, 52, 53, 54, 55, 57, 59, 60, 63, 65, 128, 129, 130, 131, 132, 158, 159, 169, 172, 213, 217, 218, 220, 221, 222, 241, 244, 254, 255, 256, 263, 264, 290, 292, 293, 296, 297, 299, 374, 377, 378, 380, 381, 386, 388, 478]	['CASGGRTDAYEQYF', 'CASGHQTDSYEQYF', 'CASNFRTDSYEQYF', 'CASSEKTDTYEQYF', 'CASSFKTDTYEQYF', 'CASSFRTDSYEQYF', 'CASSHRTDSYEQYF', 'CASSLGTDSYEQYF', 'CASSLKSDSYEQYF', 'CASSLKTDQYEQYF', 'CASSLRTDAYEQYF', 'CASSLRTDSYEQYF', 'CASSLSTDSYEQYF', 'CASSRRTDSYEQYF', 'CASSYRTDSYEQYF', 'CASSHRTDSYEQYF', 'CASSLRSDSYEQYF', 'CASSLRTDSYEQYF', 'CASSRKTDSYEQYF', 'CASSRRTDSYEQYF', 'CASSFKSDSYEQYF', 'CASSFKTDSYEQYF', 'CASSLRTNSYEQYF', 'CASSVATDSYEQYF', 'CASGIKTDSYEQYF', 'CASSLKTDAYEQYF', 'CASSLKTDSYEQYF', 'CASSLRSDSYEQYF', 'CASSLRTDNYEQYF', 'CASSLRTDSYEQYF', 'CASSLKTDSYEQYF', 'CASSLRTDSYEQYF', 'CASSLKTNSYEQYF', 'CASSLSTDSYEQYF', 'CASSMRTDSYEQYF', 'CASSFRTDSYEQYF', 'CASSLRTDSYEQYF', 'CASSFRTDSYEQYF', 'CASSHRTDSYEQYF', 'CASSLKTNSYEQYF', 'CASSLRTDSYEQYF', 'CASSRKTDSYEQYF', 'CASSRRTDSYEQYF', 'CASSFRTDSYEQYF', 'CASSLKTDSYEQYF', 'CASSLRSDSYEQYF', 'CASSLRTDSYEQYF', 'CASSLRTNSYEQYF', 'CASSRRTDSYEQYF', 'CASSWRTDSYEQYF', 'CASSLRTDSYEQYF']	[80615, 81698, 81782, 82745, 82758, 86058, 91881, 92993, 94476, 94569, 94573, 95682, 101896, 103701]	['CAEGVRSYEQYF', 'CARGAKSSYEQYF', 'CARGRKSSYEQYF', 'CASGGQTSSYEQYF', 'CASGIGSSYEQYF', 'CASRIGTDAYEQYF', 'CASSIFTESYEQYF', 'CASSLCTDSYEQYF', 'CASSLKGDSYEQYF', 'CASSLKTFSYEQYF', 'CASSLKTGSYEQYF', 'CASSLQTDSYEQYF', 'CASSVRDSYEQYF', 'CASVIKTGSYEQYF']	['TRBV28*01', 'TRBV28*01', 'TRBV28*01', 'TRBV28*01', 'TRBV28*01', 'TRBV28*01', 'TRBV28*01', 'TRBV28*01', 'TRBV28*01', 'TRBV28*01', 'TRBV28*01', 'TRBV28*01', 'TRBV28*01', 'TRBV28*01']	['TRBJ2-7*01', 'TRBJ2-7*01', 'TRBJ2-7*01', 'TRBJ2-7*01', 'TRBJ2-7*01', 'TRBJ2-7*01', 'TRBJ2-7*01', 'TRBJ2-7*01', 'TRBJ2-7*01', 'TRBJ2-7*01', 'TRBJ2-7*01', 'TRBJ2-7*01', 'TRBJ2-7*01', 'TRBJ2-7*01']	([NGS]..[ST][ND][ANQST]YEQ)	99	93	73.29776156992095	0.2004008016032064	0.00037477558977190437	278.05550755611	668.4870747565976	22500.60516928957	42005.60631674101	11	1
256	CASSMRTDSYEQYF	TRBV28*01	TRBJ2-7*01	3.175954256995462e-09	22	52	6	1.3655613643997622	198244	3.0265733136942352e-05	6.888285972840349e-06	445	0.1062124248496994	0.1062124248496994	1.1932454447503416e-05	8901.138095014629	9958.777823794391	19778.0944435729	[42, 49, 51, 52, 53, 54, 57, 58, 59, 60, 63, 65, 128, 129, 130, 131, 132, 159, 168, 169, 172, 217, 218, 220, 221, 222, 223, 241, 243, 244, 254, 255, 256, 263, 264, 288, 290, 292, 293, 296, 297, 299, 334, 374, 375, 377, 378, 380, 381, 386, 388, 478]	['CASNFRTDSYEQYF', 'CASSFRSDSYEQYF', 'CASSFRTDSYEQYF', 'CASSHRTDSYEQYF', 'CASSLGTDSYEQYF', 'CASSLKSDSYEQYF', 'CASSLRTDAYEQYF', 'CASSLRTDDYEQYF', 'CASSLRTDSYEQYF', 'CASSLSTDSYEQYF', 'CASSRRTDSYEQYF', 'CASSYRTDSYEQYF', 'CASSHRTDSYEQYF', 'CASSLRSDSYEQYF', 'CASSLRTDSYEQYF', 'CASSRKTDSYEQYF', 'CASSRRTDSYEQYF', 'CASSFKTDSYEQYF', 'CASSLRTDHYEQYF', 'CASSLRTNSYEQYF', 'CASSVATDSYEQYF', 'CASSLKTDAYEQYF', 'CASSLKTDSYEQYF', 'CASSLRSDSYEQYF', 'CASSLRTDNYEQYF', 'CASSLRTDSYEQYF', 'CASSRRTDNYEQYF', 'CASSLKTDSYEQYF', 'CASSLRTDHYEQYF', 'CASSLRTDSYEQYF', 'CASSLKTNSYEQYF', 'CASSLSTDSYEQYF', 'CASSMRTDSYEQYF', 'CASSFRTDSYEQYF', 'CASSLRTDSYEQYF', 'CASSFRSDSYEQYF', 'CASSFRTDSYEQYF', 'CASSHRTDSYEQYF', 'CASSLKTNSYEQYF', 'CASSLRTDSYEQYF', 'CASSRKTDSYEQYF', 'CASSRRTDSYEQYF', 'CASSFRTDTYEQYF', 'CASSFRTDSYEQYF', 'CASSHRTDTYEQYF', 'CASSLKTDSYEQYF', 'CASSLRSDSYEQYF', 'CASSLRTDSYEQYF', 'CASSLRTNSYEQYF', 'CASSRRTDSYEQYF', 'CASSWRTDSYEQYF', 'CASSLRTDSYEQYF']	[92993, 95682, 95736, 95768, 96083, 101896]	['CASSLCTDSYEQYF', 'CASSLQTDSYEQYF', 'CASSLRDDSYEQYF', 'CASSLRDSYEQYF', 'CASSLRTASYEQYF', 'CASSVRDSYEQYF']	['TRBV28*01', 'TRBV28*01', 'TRBV28*01', 'TRBV28*01', 'TRBV28*01', 'TRBV28*01']	['TRBJ2-7*01', 'TRBJ2-7*01', 'TRBJ2-7*01', 'TRBJ2-7*01', 'TRBJ2-7*01', 'TRBJ2-7*01']	([NS].[ARGKS][ST][ND].YEQ)	81	66	47.465454359607904	0.16432865731462926	0.0002444712849672019	434.4576700038566	804.1623881823358	20178.74846432501	39956.84290789791	12	1
292	CASSHRTDSYEQYF	TRBV28*01	TRBJ2-7*01	2.001257891835701e-08	22	42	3	1.1462245457599047	198244	1.5132866568471176e-05	5.7818877028303745e-06	455	0.08617234468937876	0.08617234468937876	1.0826067339365762e-05	7959.708912583496	8710.201200392905	15893.620379315069	[41, 42, 49, 51, 52, 57, 59, 63, 65, 128, 129, 130, 131, 132, 159, 169, 218, 220, 221, 222, 223, 241, 244, 256, 263, 264, 288, 290, 292, 296, 297, 299, 334, 374, 375, 377, 378, 380, 381, 386, 388, 478]	['CASGHQTDSYEQYF', 'CASNFRTDSYEQYF', 'CASSFRSDSYEQYF', 'CASSFRTDSYEQYF', 'CASSHRTDSYEQYF', 'CASSLRTDAYEQYF', 'CASSLRTDSYEQYF', 'CASSRRTDSYEQYF', 'CASSYRTDSYEQYF', 'CASSHRTDSYEQYF', 'CASSLRSDSYEQYF', 'CASSLRTDSYEQYF', 'CASSRKTDSYEQYF', 'CASSRRTDSYEQYF', 'CASSFKTDSYEQYF', 'CASSLRTNSYEQYF', 'CASSLKTDSYEQYF', 'CASSLRSDSYEQYF', 'CASSLRTDNYEQYF', 'CASSLRTDSYEQYF', 'CASSRRTDNYEQYF', 'CASSLKTDSYEQYF', 'CASSLRTDSYEQYF', 'CASSMRTDSYEQYF', 'CASSFRTDSYEQYF', 'CASSLRTDSYEQYF', 'CASSFRSDSYEQYF', 'CASSFRTDSYEQYF', 'CASSHRTDSYEQYF', 'CASSLRTDSYEQYF', 'CASSRKTDSYEQYF', 'CASSRRTDSYEQYF', 'CASSFRTDTYEQYF', 'CASSFRTDSYEQYF', 'CASSHRTDTYEQYF', 'CASSLKTDSYEQYF', 'CASSLRSDSYEQYF', 'CASSLRTDSYEQYF', 'CASSLRTNSYEQYF', 'CASSRRTDSYEQYF', 'CASSWRTDSYEQYF', 'CASSLRTDSYEQYF']	[91817, 95682, 102620]	['CASSHRTLAYEQYF', 'CASSLQTDSYEQYF', 'CASSYRTGSYEQYF']	['TRBV28*01', 'TRBV28*01', 'TRBV28*01']	['TRBJ2-7*01', 'TRBJ2-7*01', 'TRBJ2-7*01']	([NGS].[RQK][ST][ND][ANST]YEQ)	70	17	13.21935070451073	0.14228456913827656	7.172578868935933e-05	1201.4136932336392	2312.640335664779	23156.534910452334	39050.15528976741	12	1
61	CASSRKTDLYEQYF	TRBV28*01	TRBJ2-7*01	7.926863042450047e-10	34	49	19	1.3891331847190953	198244	9.584148826698412e-05	7.007189043396498e-06	448	0.1002004008016032	0.1002004008016032	1.20513563185088e-05	8314.450104484316	9240.224058213083	18580.60932310005	[45, 47, 51, 52, 54, 55, 57, 58, 59, 61, 63, 65, 128, 130, 131, 132, 158, 159, 168, 170, 171, 217, 218, 221, 222, 223, 241, 243, 244, 254, 256, 263, 264, 289, 290, 292, 293, 296, 297, 299, 300, 334, 374, 375, 377, 380, 386, 388, 478]	['CASSEKTDTYEQYF', 'CASSFKTDTYEQYF', 'CASSFRTDSYEQYF', 'CASSHRTDSYEQYF', 'CASSLKSDSYEQYF', 'CASSLKTDQYEQYF', 'CASSLRTDAYEQYF', 'CASSLRTDDYEQYF', 'CASSLRTDSYEQYF', 'CASSRKTDLYEQYF', 'CASSRRTDSYEQYF', 'CASSYRTDSYEQYF', 'CASSHRTDSYEQYF', 'CASSLRTDSYEQYF', 'CASSRKTDSYEQYF', 'CASSRRTDSYEQYF', 'CASSFKSDSYEQYF', 'CASSFKTDSYEQYF', 'CASSLRTDHYEQYF', 'CASSRGTDAYEQYF', 'CASSRPTDSYEQYF', 'CASSLKTDAYEQYF', 'CASSLKTDSYEQYF', 'CASSLRTDNYEQYF', 'CASSLRTDSYEQYF', 'CASSRRTDNYEQYF', 'CASSLKTDSYEQYF', 'CASSLRTDHYEQYF', 'CASSLRTDSYEQYF', 'CASSLKTNSYEQYF', 'CASSMRTDSYEQYF', 'CASSFRTDSYEQYF', 'CASSLRTDSYEQYF', 'CASSFRTDQYEQYF', 'CASSFRTDSYEQYF', 'CASSHRTDSYEQYF', 'CASSLKTNSYEQYF', 'CASSLRTDSYEQYF', 'CASSRKTDSYEQYF', 'CASSRRTDSYEQYF', 'CASSRSTDSYEQYF', 'CASSFRTDTYEQYF', 'CASSFRTDSYEQYF', 'CASSHRTDTYEQYF', 'CASSLKTDSYEQYF', 'CASSLRTDSYEQYF', 'CASSRRTDSYEQYF', 'CASSWRTDSYEQYF', 'CASSLRTDSYEQYF']	[84731, 91522, 95682, 97930, 98846, 99453, 99642, 99676, 99722, 99810, 99822, 99901, 99937, 99964, 99981, 100036, 101093, 102621, 103062]	['CASPRRTGLYEQYF', 'CASSGRTDYEQYF', 'CASSLQTDSYEQYF', 'CASSNKTDYEQYF', 'CASSPRTLYEQYF', 'CASSRDTNYEQYF', 'CASSRHTDYEQYF', 'CASSRKTSAYEQYF', 'CASSRLTDAYEQYF', 'CASSRQADSYEQYF', 'CASSRQGDAYEQYF', 'CASSRRLYEQYF', 'CASSRRTYEQYF', 'CASSRSPDIYEQYF', 'CASSRSTEYEQYF', 'CASSRTRIYEQYF', 'CASSSRTDYEQYF', 'CASSYRTILYEQYF', 'CASTKLTDLYEQYF']	['TRBV28*01', 'TRBV28*01', 'TRBV28*01', 'TRBV28*01', 'TRBV28*01', 'TRBV28*01', 'TRBV28*01', 'TRBV28*01', 'TRBV28*01', 'TRBV28*01', 'TRBV28*01', 'TRBV28*01', 'TRBV28*01', 'TRBV28*01', 'TRBV28*01', 'TRBV28*01', 'TRBV28*01', 'TRBV28*01', 'TRBV28*01']	['TRBJ2-7*01', 'TRBJ2-7*01', 'TRBJ2-7*01', 'TRBJ2-7*01', 'TRBJ2-7*01', 'TRBJ2-7*01', 'TRBJ2-7*01', 'TRBJ2-7*01', 'TRBJ2-7*01', 'TRBJ2-7*01', 'TRBJ2-7*01', 'TRBJ2-7*01', 'TRBJ2-7*01', 'TRBJ2-7*01', 'TRBJ2-7*01', 'TRBJ2-7*01', 'TRBJ2-7*01', 'TRBJ2-7*01', 'TRBJ2-7*01']	(S.[RGKPS][ST][ND].YEQ)	79	62	46.64021897571712	0.16032064128256512	0.00024030860131209262	416.9655195632025	794.3323885901215	19624.776219029383	38205.385542129436	12	1
299	CASSRRTDSYEQYF	TRBV28*01	TRBJ2-7*01	3.544276227203388e-08	22	45	8	0.5848981830396192	198244	4.035431084925647e-05	2.9503953866932623e-06	452	0.09218436873747493	0.09218436873747493	7.994603588670739e-06	11530.82422599548	12701.62315402151	17284.680031532538	[42, 49, 51, 52, 57, 59, 61, 63, 65, 128, 129, 130, 131, 132, 159, 169, 170, 171, 218, 220, 221, 222, 223, 241, 244, 256, 263, 264, 288, 290, 292, 296, 297, 299, 300, 334, 374, 375, 377, 378, 380, 381, 386, 388, 478]	['CASNFRTDSYEQYF', 'CASSFRSDSYEQYF', 'CASSFRTDSYEQYF', 'CASSHRTDSYEQYF', 'CASSLRTDAYEQYF', 'CASSLRTDSYEQYF', 'CASSRKTDLYEQYF', 'CASSRRTDSYEQYF', 'CASSYRTDSYEQYF', 'CASSHRTDSYEQYF', 'CASSLRSDSYEQYF', 'CASSLRTDSYEQYF', 'CASSRKTDSYEQYF', 'CASSRRTDSYEQYF', 'CASSFKTDSYEQYF', 'CASSLRTNSYEQYF', 'CASSRGTDAYEQYF', 'CASSRPTDSYEQYF', 'CASSLKTDSYEQYF', 'CASSLRSDSYEQYF', 'CASSLRTDNYEQYF', 'CASSLRTDSYEQYF', 'CASSRRTDNYEQYF', 'CASSLKTDSYEQYF', 'CASSLRTDSYEQYF', 'CASSMRTDSYEQYF', 'CASSFRTDSYEQYF', 'CASSLRTDSYEQYF', 'CASSFRSDSYEQYF', 'CASSFRTDSYEQYF', 'CASSHRTDSYEQYF', 'CASSLRTDSYEQYF', 'CASSRKTDSYEQYF', 'CASSRRTDSYEQYF', 'CASSRSTDSYEQYF', 'CASSFRTDTYEQYF', 'CASSFRTDSYEQYF', 'CASSHRTDTYEQYF', 'CASSLKTDSYEQYF', 'CASSLRSDSYEQYF', 'CASSLRTDSYEQYF', 'CASSLRTNSYEQYF', 'CASSRRTDSYEQYF', 'CASSWRTDSYEQYF', 'CASSLRTDSYEQYF']	[95682, 99722, 99810, 99902, 99926, 99927, 99936, 103445]	['CASSLQTDSYEQYF', 'CASSRLTDAYEQYF', 'CASSRQADSYEQYF', 'CASSRRNSYEQYF', 'CASSRRSSSYEQYF', 'CASSRRSSYEQYF', 'CASSRRTSNSYEQYF', 'CASTRRGDSYEQYF']	['TRBV28*01', 'TRBV28*01', 'TRBV28*01', 'TRBV28*01', 'TRBV28*01', 'TRBV28*01', 'TRBV28*01', 'TRBV28*01']	['TRBJ2-7*01', 'TRBJ2-7*01', 'TRBJ2-7*01', 'TRBJ2-7*01', 'TRBJ2-7*01', 'TRBJ2-7*01', 'TRBJ2-7*01', 'TRBJ2-7*01']	([NS].[RGKPS][ST][ND][ANLST]YEQ)	74	48	39.085169342056396	0.15030060120240482	0.00020219913310763602	455.9088227564396	874.6379046175017	19118.63065051086	36403.3106820434	12	1
221	CASSLRTDNYEQYF	TRBV28*01	TRBJ2-7*01	6.225037439927672e-09	22	41	6	1.3655613643997622	198244	3.0265733136942352e-05	6.888285972840349e-06	456	0.0841683366733467	0.0841683366733467	1.1932454447503416e-05	7053.732075294612	7701.9043885602005	15420.557716561423	[51, 52, 53, 55, 57, 58, 59, 60, 63, 65, 128, 129, 130, 132, 168, 169, 217, 218, 220, 221, 222, 223, 241, 243, 244, 255, 256, 263, 264, 290, 292, 296, 299, 374, 377, 378, 380, 381, 386, 388, 478]	['CASSFRTDSYEQYF', 'CASSHRTDSYEQYF', 'CASSLGTDSYEQYF', 'CASSLKTDQYEQYF', 'CASSLRTDAYEQYF', 'CASSLRTDDYEQYF', 'CASSLRTDSYEQYF', 'CASSLSTDSYEQYF', 'CASSRRTDSYEQYF', 'CASSYRTDSYEQYF', 'CASSHRTDSYEQYF', 'CASSLRSDSYEQYF', 'CASSLRTDSYEQYF', 'CASSRRTDSYEQYF', 'CASSLRTDHYEQYF', 'CASSLRTNSYEQYF', 'CASSLKTDAYEQYF', 'CASSLKTDSYEQYF', 'CASSLRSDSYEQYF', 'CASSLRTDNYEQYF', 'CASSLRTDSYEQYF', 'CASSRRTDNYEQYF', 'CASSLKTDSYEQYF', 'CASSLRTDHYEQYF', 'CASSLRTDSYEQYF', 'CASSLSTDSYEQYF', 'CASSMRTDSYEQYF', 'CASSFRTDSYEQYF', 'CASSLRTDSYEQYF', 'CASSFRTDSYEQYF', 'CASSHRTDSYEQYF', 'CASSLRTDSYEQYF', 'CASSRRTDSYEQYF', 'CASSFRTDSYEQYF', 'CASSLKTDSYEQYF', 'CASSLRSDSYEQYF', 'CASSLRTDSYEQYF', 'CASSLRTNSYEQYF', 'CASSRRTDSYEQYF', 'CASSWRTDSYEQYF', 'CASSLRTDSYEQYF']	[88466, 92993, 95682, 95736, 95768, 96083]	['CASSCRSDNYEQYF', 'CASSLCTDSYEQYF', 'CASSLQTDSYEQYF', 'CASSLRDDSYEQYF', 'CASSLRDSYEQYF', 'CASSLRTASYEQYF']	['TRBV28*01', 'TRBV28*01', 'TRBV28*01', 'TRBV28*01', 'TRBV28*01', 'TRBV28*01']	['TRBJ2-7*01', 'TRBJ2-7*01', 'TRBJ2-7*01', 'TRBJ2-7*01', 'TRBJ2-7*01', 'TRBJ2-7*01']	(S.[RGKS][ST][ND].YEQ)	78	57	39.49093078556233	0.15831663326653306	0.00020424589038650124	412.09317119709084	920.7373527075121	20446.880372110358	35867.438088671784	10	1
55	CASSLKTDQYEQYF	TRBV28*01	TRBJ2-7*01	4.099862044741321e-10	26	32	11	0.8042350016794763	198244	5.548717741772765e-05	4.056793656703236e-06	465	0.06613226452905811	0.06613226452905811	9.100990696808392e-06	7266.490729657586	7780.9997298264725	12054.787410599884	[45, 47, 53, 54, 55, 57, 58, 59, 60, 61, 130, 131, 159, 168, 217, 218, 221, 222, 241, 243, 244, 254, 255, 256, 264, 289, 293, 296, 297, 377, 380, 478]	['CASSEKTDTYEQYF', 'CASSFKTDTYEQYF', 'CASSLGTDSYEQYF', 'CASSLKSDSYEQYF', 'CASSLKTDQYEQYF', 'CASSLRTDAYEQYF', 'CASSLRTDDYEQYF', 'CASSLRTDSYEQYF', 'CASSLSTDSYEQYF', 'CASSRKTDLYEQYF', 'CASSLRTDSYEQYF', 'CASSRKTDSYEQYF', 'CASSFKTDSYEQYF', 'CASSLRTDHYEQYF', 'CASSLKTDAYEQYF', 'CASSLKTDSYEQYF', 'CASSLRTDNYEQYF', 'CASSLRTDSYEQYF', 'CASSLKTDSYEQYF', 'CASSLRTDHYEQYF', 'CASSLRTDSYEQYF', 'CASSLKTNSYEQYF', 'CASSLSTDSYEQYF', 'CASSMRTDSYEQYF', 'CASSLRTDSYEQYF', 'CASSFRTDQYEQYF', 'CASSLKTNSYEQYF', 'CASSLRTDSYEQYF', 'CASSRKTDSYEQYF', 'CASSLKTDSYEQYF', 'CASSLRTDSYEQYF', 'CASSLRTDSYEQYF']	[92993, 94474, 94476, 94513, 94569, 94571, 94573, 94916, 95682, 97787, 97930]	['CASSLCTDSYEQYF', 'CASSLKGDPYEQYF', 'CASSLKGDSYEQYF', 'CASSLKKTDGYEQYF', 'CASSLKTFSYEQYF', 'CASSLKTGGYEQYF', 'CASSLKTGSYEQYF', 'CASSLLTDYEQYF', 'CASSLQTDSYEQYF', 'CASSLYTDYEQYF', 'CASSNKTDYEQYF']	['TRBV28*01', 'TRBV28*01', 'TRBV28*01', 'TRBV28*01', 'TRBV28*01', 'TRBV28*01', 'TRBV28*01', 'TRBV28*01', 'TRBV28*01', 'TRBV28*01', 'TRBV28*01']	['TRBJ2-7*01', 'TRBJ2-7*01', 'TRBJ2-7*01', 'TRBJ2-7*01', 'TRBJ2-7*01', 'TRBJ2-7*01', 'TRBJ2-7*01', 'TRBJ2-7*01', 'TRBJ2-7*01', 'TRBJ2-7*01', 'TRBJ2-7*01']	(S[RELMF][RGKS][ST][ND].YEQ)	72	22	16.438673637279713	0.1462925851703407	8.796481965477091e-05	751.8035595207558	1947.897230236348	23071.84158374567	35126.62899434556	11	1
243	CASSLRTDHYEQYF	TRBV28*01	TRBJ2-7*01	5.266236216793994e-09	22	26	1	0.0731122728799524	198244	5.044288856157059e-06	3.6879942333665774e-07	471	0.05410821643286573	0.05410821643286573	5.413033669682881e-06	9995.913518128109	10567.656452427813	9936.57300466296	[55, 57, 58, 59, 129, 130, 168, 169, 217, 218, 220, 221, 222, 223, 239, 241, 243, 244, 256, 264, 296, 377, 378, 380, 381, 478]	['CASSLKTDQYEQYF', 'CASSLRTDAYEQYF', 'CASSLRTDDYEQYF', 'CASSLRTDSYEQYF', 'CASSLRSDSYEQYF', 'CASSLRTDSYEQYF', 'CASSLRTDHYEQYF', 'CASSLRTNSYEQYF', 'CASSLKTDAYEQYF', 'CASSLKTDSYEQYF', 'CASSLRSDSYEQYF', 'CASSLRTDNYEQYF', 'CASSLRTDSYEQYF', 'CASSRRTDNYEQYF', 'CASSFRSDHYEQYF', 'CASSLKTDSYEQYF', 'CASSLRTDHYEQYF', 'CASSLRTDSYEQYF', 'CASSMRTDSYEQYF', 'CASSLRTDSYEQYF', 'CASSLRTDSYEQYF', 'CASSLKTDSYEQYF', 'CASSLRSDSYEQYF', 'CASSLRTDSYEQYF', 'CASSLRTNSYEQYF', 'CASSLRTDSYEQYF']	[95682]	['CASSLQTDSYEQYF']	['TRBV28*01']	['TRBJ2-7*01']	(S[RLMF][RK][ST][ND].YEQ)	61	7	4.2193368186398565	0.12424849699398798	2.6327576942989294e-05	2055.1916551239656	5388.748658888485	22351.334760301095	32287.907764964053	10	1
159	CASSFKTDSYEQYF	TRBV28*01	TRBJ2-7*01	5.827250389698676e-09	20	35	5	1.2924490915198097	198244	2.5221444280785292e-05	6.519486549503691e-06	462	0.07214428857715431	0.07214428857715431	1.1563658744790864e-05	6238.8808048882875	6723.899614771609	13072.514778643965	[42, 47, 49, 51, 52, 59, 63, 65, 128, 130, 131, 132, 158, 159, 218, 222, 241, 244, 256, 263, 264, 288, 289, 290, 292, 296, 297, 299, 334, 374, 377, 380, 386, 388, 478]	['CASNFRTDSYEQYF', 'CASSFKTDTYEQYF', 'CASSFRSDSYEQYF', 'CASSFRTDSYEQYF', 'CASSHRTDSYEQYF', 'CASSLRTDSYEQYF', 'CASSRRTDSYEQYF', 'CASSYRTDSYEQYF', 'CASSHRTDSYEQYF', 'CASSLRTDSYEQYF', 'CASSRKTDSYEQYF', 'CASSRRTDSYEQYF', 'CASSFKSDSYEQYF', 'CASSFKTDSYEQYF', 'CASSLKTDSYEQYF', 'CASSLRTDSYEQYF', 'CASSLKTDSYEQYF', 'CASSLRTDSYEQYF', 'CASSMRTDSYEQYF', 'CASSFRTDSYEQYF', 'CASSLRTDSYEQYF', 'CASSFRSDSYEQYF', 'CASSFRTDQYEQYF', 'CASSFRTDSYEQYF', 'CASSHRTDSYEQYF', 'CASSLRTDSYEQYF', 'CASSRKTDSYEQYF', 'CASSRRTDSYEQYF', 'CASSFRTDTYEQYF', 'CASSFRTDSYEQYF', 'CASSLKTDSYEQYF', 'CASSLRTDSYEQYF', 'CASSRRTDSYEQYF', 'CASSWRTDSYEQYF', 'CASSLRTDSYEQYF']	[89388, 89596, 90548, 90553, 90781]	['CASSFGTDSYEQYF', 'CASSFKTDSSYEQYF', 'CASSFRTSSYEQYF', 'CASSFRTVSYEQYF', 'CASSFTESYEQYF']	['TRBV28*01', 'TRBV28*01', 'TRBV28*01', 'TRBV28*01', 'TRBV28*01']	['TRBJ2-7*01', 'TRBJ2-7*01', 'TRBJ2-7*01', 'TRBJ2-7*01', 'TRBJ2-7*01']	([NS].[RK][ST]D[QST]YEQ)	49	7	6.000013885870872	0.1002004008016032	3.5309735812429355e-05	2043.184037410975	3153.6526684857595	17069.962838052983	30142.477616696942	11	1
41	CASGHQTDSYEQYF	TRBV28*01	TRBJ2-7*01	3.122436945425451e-11	34	33	8	0.584898183039619	198244	4.035431084925647e-05	2.950395386693262e-06	464	0.06813627254509018	0.06813627254509018	7.994603588670739e-06	8522.783123561878	9145.881244424469	12527.645741568309	[40, 41, 42, 51, 52, 59, 63, 65, 128, 130, 131, 132, 159, 213, 218, 222, 241, 244, 256, 263, 264, 290, 292, 296, 297, 299, 374, 375, 377, 380, 386, 388, 478]	['CASGGRTDAYEQYF', 'CASGHQTDSYEQYF', 'CASNFRTDSYEQYF', 'CASSFRTDSYEQYF', 'CASSHRTDSYEQYF', 'CASSLRTDSYEQYF', 'CASSRRTDSYEQYF', 'CASSYRTDSYEQYF', 'CASSHRTDSYEQYF', 'CASSLRTDSYEQYF', 'CASSRKTDSYEQYF', 'CASSRRTDSYEQYF', 'CASSFKTDSYEQYF', 'CASGIKTDSYEQYF', 'CASSLKTDSYEQYF', 'CASSLRTDSYEQYF', 'CASSLKTDSYEQYF', 'CASSLRTDSYEQYF', 'CASSMRTDSYEQYF', 'CASSFRTDSYEQYF', 'CASSLRTDSYEQYF', 'CASSFRTDSYEQYF', 'CASSHRTDSYEQYF', 'CASSLRTDSYEQYF', 'CASSRKTDSYEQYF', 'CASSRRTDSYEQYF', 'CASSFRTDSYEQYF', 'CASSHRTDTYEQYF', 'CASSLKTDSYEQYF', 'CASSLRTDSYEQYF', 'CASSRRTDSYEQYF', 'CASSWRTDSYEQYF', 'CASSLRTDSYEQYF']	[81059, 81758, 81966, 82741, 82745, 82796, 86018, 95682]	['CAKGHRGGSYEQYF', 'CARGNPTSYEQYF', 'CARPHRTCSYEQYF', 'CASGGQGNSYEQYF', 'CASGGQTSSYEQYF', 'CASGNLTRSYEQYF', 'CASRHRADSYEQYF', 'CASSLQTDSYEQYF']	['TRBV28*01', 'TRBV28*01', 'TRBV28*01', 'TRBV28*01', 'TRBV28*01', 'TRBV28*01', 'TRBV28*01', 'TRBV28*01']	['TRBJ2-7*01', 'TRBJ2-7*01', 'TRBJ2-7*01', 'TRBJ2-7*01', 'TRBJ2-7*01', 'TRBJ2-7*01', 'TRBJ2-7*01', 'TRBJ2-7*01']	([NGS].[RQK]TD[AST]YEQ)	49	8	7.0731122728799525	0.1002004008016032	4.0722699438475204e-05	1673.1767167849969	2734.446422362484	16752.79852276147	29280.44426432978	10	1
49	CASSFRSDSYEQYF	TRBV28*01	TRBJ2-7*01	1.434549619682318e-08	20	20	1	0.0731122728799524	198244	5.044288856157059e-06	3.6879942333665774e-07	477	0.04208416833667335	0.04208416833667335	5.413033669682881e-06	7774.599402988531	8116.1173683917905	7561.857466198207	[42, 49, 50, 51, 54, 65, 129, 158, 159, 220, 239, 253, 263, 287, 288, 290, 334, 374, 378, 388]	['CASNFRTDSYEQYF', 'CASSFRSDSYEQYF', 'CASSFRSNAYEQYF', 'CASSFRTDSYEQYF', 'CASSLKSDSYEQYF', 'CASSYRTDSYEQYF', 'CASSLRSDSYEQYF', 'CASSFKSDSYEQYF', 'CASSFKTDSYEQYF', 'CASSLRSDSYEQYF', 'CASSFRSDHYEQYF', 'CASSFRSNSYEQYF', 'CASSFRTDSYEQYF', 'CASSFRSDAYEQYF', 'CASSFRSDSYEQYF', 'CASSFRTDSYEQYF', 'CASSFRTDTYEQYF', 'CASSFRTDSYEQYF', 'CASSLRSDSYEQYF', 'CASSWRTDSYEQYF']	[102617]	['CASSYRSDYEQYF']	['TRBV28*01']	['TRBJ2-7*01']	([NS][LFWY][RK][ST][ND][AHST]YEQ)	47	2	2.0	0.09619238476953908	1.5132713900910986e-05	2781.006012024048	7033.011086474501	17574.02656705353	25135.88403325174	10	1
158	CASSFKSDSYEQYF	TRBV28*01	TRBJ2-7*01	3.0700241127179513e-09	22	24	4	0.2924490915198096	198244	2.0177155424628242e-05	1.4751976933466312e-06	473	0.050100200400801605	0.050100200400801605	6.519420777820534e-06	7684.762513143121	8090.024249068391	9067.81195119727	[47, 49, 51, 54, 65, 129, 131, 158, 159, 216, 218, 220, 239, 241, 253, 263, 287, 288, 290, 291, 297, 374, 377, 378]	['CASSFKTDTYEQYF', 'CASSFRSDSYEQYF', 'CASSFRTDSYEQYF', 'CASSLKSDSYEQYF', 'CASSYRTDSYEQYF', 'CASSLRSDSYEQYF', 'CASSRKTDSYEQYF', 'CASSFKSDSYEQYF', 'CASSFKTDSYEQYF', 'CASSLKSNSYEQYF', 'CASSLKTDSYEQYF', 'CASSLRSDSYEQYF', 'CASSFRSDHYEQYF', 'CASSLKTDSYEQYF', 'CASSFRSNSYEQYF', 'CASSFRTDSYEQYF', 'CASSFRSDAYEQYF', 'CASSFRSDSYEQYF', 'CASSFRTDSYEQYF', 'CASSFSSNSYEQYF', 'CASSRKTDSYEQYF', 'CASSFRTDSYEQYF', 'CASSLKTDSYEQYF', 'CASSLRSDSYEQYF']	[89388, 89596, 102168, 102617]	['CASSFGTDSYEQYF', 'CASSFKTDSSYEQYF', 'CASSWKSSYEQYF', 'CASSYRSDYEQYF']	['TRBV28*01', 'TRBV28*01', 'TRBV28*01', 'TRBV28*01']	['TRBJ2-7*01', 'TRBJ2-7*01', 'TRBJ2-7*01', 'TRBJ2-7*01']	(S[RLF][RK][ST][ND]SYEQ)	43	3	3.0	0.08817635270541083	2.017695186788132e-05	2483.041082164329	4792.6637362637375	15657.40794450465	24725.219895701925	9	1
142	CASSEHSNSYEQYF	TRBV28*01	TRBJ2-7*01	1.2010300816975546e-09	28	17	1	0.0731122728799524	198244	5.044288856157059e-06	3.6879942333665774e-07	480	0.03607214428857716	0.03607214428857716	5.413033669682881e-06	6663.942345418742	6913.283223209879	6376.811016720741	[46, 56, 142, 167, 216, 242, 253, 291, 294, 295, 376, 379, 382, 383, 384, 387, 477]	['CASSFHTNSYEQYF', 'CASSLNSNSYEQYF', 'CASSEHSNSYEQYF', 'CASSFHRNSYEQYF', 'CASSLKSNSYEQYF', 'CASSLRSNSYEQYF', 'CASSFRSNSYEQYF', 'CASSFSSNSYEQYF', 'CASSLNSNSYEQYF', 'CASSLRSNSYEQYF', 'CASSLHSDSYEQYF', 'CASSLRSNSYEQYF', 'CASSLSSNSYEQYF', 'CASSQHSNSYEQYF', 'CASSRDSNSYEQYF', 'CASSRTSNSYEQYF', 'CASSLRSNSYEQYF']	[100540]	['CASSSHSSYEQYF']	['TRBV28*01']	['TRBJ2-7*01']	(S[RQELF].[RST][ND]SYEQ)	63	38	23.9239104665935	0.1282565130260521	0.00012572213546096014	286.9195957920908	1170.1037306789538	17986.694496921675	24363.505513642416	9	1
287	CASSFRSDAYEQYF	TRBV28*01	TRBJ2-7*01	2.4749368439869122e-09	22	18	6	1.365561364399762	198244	3.0265733136942352e-05	6.8882859728403474e-06	479	0.03807615230460922	0.03807615230460922	1.1932454447503416e-05	3190.9740340618487	3317.2438395767967	6359.764185776161	[49, 50, 51, 57, 65, 129, 158, 220, 239, 253, 263, 287, 288, 289, 290, 334, 374, 378]	['CASSFRSDSYEQYF', 'CASSFRSNAYEQYF', 'CASSFRTDSYEQYF', 'CASSLRTDAYEQYF', 'CASSYRTDSYEQYF', 'CASSLRSDSYEQYF', 'CASSFKSDSYEQYF', 'CASSLRSDSYEQYF', 'CASSFRSDHYEQYF', 'CASSFRSNSYEQYF', 'CASSFRTDSYEQYF', 'CASSFRSDAYEQYF', 'CASSFRSDSYEQYF', 'CASSFRTDQYEQYF', 'CASSFRTDSYEQYF', 'CASSFRTDTYEQYF', 'CASSFRTDSYEQYF', 'CASSLRSDSYEQYF']	[90509, 90511, 90525, 90526, 102572, 102617]	['CASSFRSAYEQYF', 'CASSFRSGAYEQYF', 'CASSFRTAYEQYF', 'CASSFRTEAYEQYF', 'CASSYRDAYEQYF', 'CASSYRSDYEQYF']	['TRBV28*01', 'TRBV28*01', 'TRBV28*01', 'TRBV28*01', 'TRBV28*01', 'TRBV28*01']	['TRBJ2-7*01', 'TRBJ2-7*01', 'TRBJ2-7*01', 'TRBJ2-7*01', 'TRBJ2-7*01', 'TRBJ2-7*01']	(S[LFY][RK][ST][ND][AQHST]YEQ)	47	2	2.0	0.09619238476953908	1.5132713900910986e-05	2516.148296593187	7033.011086474501	17574.02656705353	23933.790752829693	10	1
253	CASSFRSNSYEQYF	TRBV28*01	TRBJ2-7*01	7.757603167979552e-09	20	17	1	0.0731122728799524	198244	5.044288856157059e-06	3.6879942333665774e-07	480	0.03607214428857716	0.03607214428857716	5.413033669682881e-06	6663.942345418742	6913.283223209879	6376.811016720741	[49, 50, 51, 158, 216, 242, 253, 263, 286, 287, 288, 290, 291, 295, 374, 379, 477]	['CASSFRSDSYEQYF', 'CASSFRSNAYEQYF', 'CASSFRTDSYEQYF', 'CASSFKSDSYEQYF', 'CASSLKSNSYEQYF', 'CASSLRSNSYEQYF', 'CASSFRSNSYEQYF', 'CASSFRTDSYEQYF', 'CASSFRQNSYEQYF', 'CASSFRSDAYEQYF', 'CASSFRSDSYEQYF', 'CASSFRTDSYEQYF', 'CASSFSSNSYEQYF', 'CASSLRSNSYEQYF', 'CASSFRTDSYEQYF', 'CASSLRSNSYEQYF', 'CASSLRSNSYEQYF']	[90548]	['CASSFRTSSYEQYF']	['TRBV28*01']	['TRBJ2-7*01']	(S[LF][RKS][QST][ND][AS]YEQ)	45	3	3.0	0.09218436873747493	2.017695186788132e-05	1787.7895791583167	5032.6335540838845	16445.598942217614	22822.409958938355	9	1
239	CASSFRSDHYEQYF	TRBV28*01	TRBJ2-7*01	6.784723369145206e-10	22	15	2	0.1462245457599048	198244	1.0088577712314118e-05	7.375988466733156e-07	482	0.032064128256513016	0.032064128256513016	5.781829372395432e-06	5545.671826567365	5729.346255604796	5564.216405581847	[49, 50, 51, 158, 168, 239, 243, 253, 263, 287, 288, 289, 290, 334, 374]	['CASSFRSDSYEQYF', 'CASSFRSNAYEQYF', 'CASSFRTDSYEQYF', 'CASSFKSDSYEQYF', 'CASSLRTDHYEQYF', 'CASSFRSDHYEQYF', 'CASSLRTDHYEQYF', 'CASSFRSNSYEQYF', 'CASSFRTDSYEQYF', 'CASSFRSDAYEQYF', 'CASSFRSDSYEQYF', 'CASSFRTDQYEQYF', 'CASSFRTDSYEQYF', 'CASSFRTDTYEQYF', 'CASSFRTDSYEQYF']	[88466, 102617]	['CASSCRSDNYEQYF', 'CASSYRSDYEQYF']	['TRBV28*01', 'TRBV28*01']	['TRBJ2-7*01', 'TRBJ2-7*01']	(S[LF][RK][ST][ND][AQHST]YEQ)	46	2	2.0	0.094188376753507	1.5132713900910986e-05	2118.861723446894	6871.254424778761	17178.470208843155	22742.686614425	9	1
54	CASSLKSDSYEQYF	TRBV28*01	TRBJ2-7*01	1.205382888740608e-08	16	22	2	1.0731122728799525	198244	1.0088577712314118e-05	5.413088279493717e-06	475	0.046092184368737465	0.046092184368737465	1.045727163665321e-05	4407.668268574212	4620.595516845655	8017.988122426357	[54, 59, 129, 130, 158, 216, 218, 220, 222, 241, 242, 244, 264, 295, 296, 376, 377, 378, 379, 380, 477, 478]	['CASSLKSDSYEQYF', 'CASSLRTDSYEQYF', 'CASSLRSDSYEQYF', 'CASSLRTDSYEQYF', 'CASSFKSDSYEQYF', 'CASSLKSNSYEQYF', 'CASSLKTDSYEQYF', 'CASSLRSDSYEQYF', 'CASSLRTDSYEQYF', 'CASSLKTDSYEQYF', 'CASSLRSNSYEQYF', 'CASSLRTDSYEQYF', 'CASSLRTDSYEQYF', 'CASSLRSNSYEQYF', 'CASSLRTDSYEQYF', 'CASSLHSDSYEQYF', 'CASSLKTDSYEQYF', 'CASSLRSDSYEQYF', 'CASSLRSNSYEQYF', 'CASSLRTDSYEQYF', 'CASSLRSNSYEQYF', 'CASSLRTDSYEQYF']	[94476, 96201]	['CASSLKGDSYEQYF', 'CASSLSDSYEQYF']	['TRBV28*01', 'TRBV28*01']	['TRBJ2-7*01', 'TRBJ2-7*01']	(S[LF][RHK][ST][ND]SYEQ)	37	2	2.0	0.07615230460921844	1.5132713900910986e-05	3045.8637274549096	5447.023861171368	13622.853595868904	21640.841718295258	9	1
289	CASSFRTDQYEQYF	TRBV28*01	TRBJ2-7*01	6.596999734748418e-10	22	16	1	1.0	198244	5.044288856157059e-06	5.044288856157059e-06	481	0.03406813627254509	0.03406813627254509	1.008847593394066e-05	3376.935871743487	3496.004149377593	5688.900977819293	[42, 47, 49, 51, 55, 65, 159, 239, 263, 287, 288, 289, 290, 334, 374, 388]	['CASNFRTDSYEQYF', 'CASSFKTDTYEQYF', 'CASSFRSDSYEQYF', 'CASSFRTDSYEQYF', 'CASSLKTDQYEQYF', 'CASSYRTDSYEQYF', 'CASSFKTDSYEQYF', 'CASSFRSDHYEQYF', 'CASSFRTDSYEQYF', 'CASSFRSDAYEQYF', 'CASSFRSDSYEQYF', 'CASSFRTDQYEQYF', 'CASSFRTDSYEQYF', 'CASSFRTDTYEQYF', 'CASSFRTDSYEQYF', 'CASSWRTDSYEQYF']	[90526]	['CASSFRTEAYEQYF']	['TRBV28*01']	['TRBJ2-7*01']	([NS][LFWY][RK][ST]D[AQHST]YEQ)	38	2	2.0	0.0781563126252505	1.5132713900910986e-05	2251.2905811623245	5602.519565217392	14017.451631081354	19706.35260890065	7	1
382	CASSLSSNSYEQYF	TRBV28*01	TRBJ2-7*01	1.786854144210286e-08	20	11	2	0.1462245457599048	198244	1.0088577712314118e-05	7.375988466733156e-07	486	0.02404809619238477	0.02404809619238477	5.781829372395432e-06	4159.253869925525	4261.715977603362	3994.0566886878996	[56, 60, 216, 242, 255, 291, 294, 295, 379, 382, 477]	['CASSLNSNSYEQYF', 'CASSLSTDSYEQYF', 'CASSLKSNSYEQYF', 'CASSLRSNSYEQYF', 'CASSLSTDSYEQYF', 'CASSFSSNSYEQYF', 'CASSLNSNSYEQYF', 'CASSLRSNSYEQYF', 'CASSLRSNSYEQYF', 'CASSLSSNSYEQYF', 'CASSLRSNSYEQYF']	[96674, 96711]	['CASSLSSSYEQYF', 'CASSLSTSSYEQYF']	['TRBV28*01', 'TRBV28*01']	['TRBJ2-7*01', 'TRBJ2-7*01']	(S[LF][RNKS][ST][ND]SYEQ)	41	2	2.0	0.0841683366733467	1.5132713900910986e-05	1589.1462925851706	6073.089715536104	15202.027198022952	19196.08388671085	7	1
273	CASGRRTDSYEQYF	TRBV12-1*01	TRBJ2-7*01	8.198458914036166e-10	36	7	6	8.331522523199153e-05	198244	3.0265733136942352e-05	4.202660621859503e-10	490	0.016032064128256508	0.016032064128256508	5.044658228792672e-06	3178.027807067801	3229.792007590291	2480.6309441938793	[4, 147, 273, 314, 362, 363, 416]	['CASSLTTDSYEQYF', 'CASSFITDSYEQYF', 'CASGRRTDSYEQYF', 'CASSYQTDSYEQYF', 'CASSLRTDSYEQYF', 'CASSRGTDSYEQYF', 'CASSWMTDSYEQYF']	[14328, 14414, 14493, 15579, 15587, 15675]	['CASGDRTYEQYF', 'CASPRRSSYEQYF', 'CASRRTSSYEQYF', 'CASSRRYFSYEQYF', 'CASSRTSSYEQYF', 'CASSSRTGSYEQYF']	['TRBV12-1*01', 'TRBV12-1*01', 'TRBV12-1*01', 'TRBV12-1*01', 'TRBV12-1*01', 'TRBV12-1*01']	['TRBJ2-7*01', 'TRBJ2-7*01', 'TRBJ2-7*01', 'TRBJ2-7*01', 'TRBJ2-7*01', 'TRBJ2-7*01']	([GS][RLFWY].TDSYEQ)	41	6	3.219336818639857	0.0841683366733467	2.1283338976018973e-05	753.2682793015069	4318.0143866523495	14798.875659569607	17279.506603763486	6	1
216	CASSLKSNSYEQYF	TRBV28*01	TRBJ2-7*01	4.608112375807192e-09	16	16	1	0.0731122728799524	198244	5.044288856157059e-06	3.6879942333665774e-07	481	0.03406813627254509	0.03406813627254509	5.413033669682881e-06	6293.723326228811	6515.66585018294	5982.322987750944	[54, 56, 129, 169, 216, 220, 242, 254, 293, 294, 295, 378, 379, 381, 382, 477]	['CASSLKSDSYEQYF', 'CASSLNSNSYEQYF', 'CASSLRSDSYEQYF', 'CASSLRTNSYEQYF', 'CASSLKSNSYEQYF', 'CASSLRSDSYEQYF', 'CASSLRSNSYEQYF', 'CASSLKTNSYEQYF', 'CASSLKTNSYEQYF', 'CASSLNSNSYEQYF', 'CASSLRSNSYEQYF', 'CASSLRSDSYEQYF', 'CASSLRSNSYEQYF', 'CASSLRTNSYEQYF', 'CASSLSSNSYEQYF', 'CASSLRSNSYEQYF']	[96073]	['CASSLRSSSYEQYF']	['TRBV28*01']	['TRBJ2-7*01']	(SL[RNKS][ST][ND]SYEQ)	31	2	2.0	0.06412825651302605	1.5132713900910986e-05	2251.2905811623245	4528.03426124197	11258.757953910072	17241.080941661017	9	1
254	CASSLKTNSYEQYF	TRBV28*01	TRBJ2-7*01	7.171563224095869e-09	16	20	2	0.1462245457599048	198244	1.0088577712314118e-05	7.375988466733156e-07	477	0.04208416833667335	0.04208416833667335	5.781829372395432e-06	7278.694272369668	7598.425610695534	7536.760614101488	[59, 130, 169, 216, 218, 222, 241, 242, 244, 254, 264, 293, 295, 296, 377, 379, 380, 381, 477, 478]	['CASSLRTDSYEQYF', 'CASSLRTDSYEQYF', 'CASSLRTNSYEQYF', 'CASSLKSNSYEQYF', 'CASSLKTDSYEQYF', 'CASSLRTDSYEQYF', 'CASSLKTDSYEQYF', 'CASSLRSNSYEQYF', 'CASSLRTDSYEQYF', 'CASSLKTNSYEQYF', 'CASSLRTDSYEQYF', 'CASSLKTNSYEQYF', 'CASSLRSNSYEQYF', 'CASSLRTDSYEQYF', 'CASSLKTDSYEQYF', 'CASSLRSNSYEQYF', 'CASSLRTDSYEQYF', 'CASSLRTNSYEQYF', 'CASSLRSNSYEQYF', 'CASSLRTDSYEQYF']	[94569, 94573]	['CASSLKTFSYEQYF', 'CASSLKTGSYEQYF']	['TRBV28*01', 'TRBV28*01']	['TRBJ2-7*01', 'TRBJ2-7*01']	(SL[RK][ST][ND]SYEQ)	26	2	2.0	0.05410821643286573	1.5132713900910986e-05	2781.006012024048	3780.057203389831	9295.037287331623	16831.79790143311	10	1
300	CASSRSTDSYEQYF	TRBV28*01	TRBJ2-7*01	9.936488568633709e-09	22	13	5	0.365561364399762	198244	2.5221444280785292e-05	1.843997116683289e-06	484	0.028056112224448898	0.028056112224448898	6.888216480533085e-06	4073.0590137140416	4190.6029852439315	4709.278708596766	[60, 63, 131, 132, 170, 171, 172, 223, 255, 297, 299, 300, 386]	['CASSLSTDSYEQYF', 'CASSRRTDSYEQYF', 'CASSRKTDSYEQYF', 'CASSRRTDSYEQYF', 'CASSRGTDAYEQYF', 'CASSRPTDSYEQYF', 'CASSVATDSYEQYF', 'CASSRRTDNYEQYF', 'CASSLSTDSYEQYF', 'CASSRKTDSYEQYF', 'CASSRRTDSYEQYF', 'CASSRSTDSYEQYF', 'CASSRRTDSYEQYF']	[99722, 99754, 99980, 99981, 99986]	['CASSRLTDAYEQYF', 'CASSRNTSYEQYF', 'CASSRSSSYEQYF', 'CASSRSTEYEQYF', 'CASSRSYDSYEQYF']	['TRBV28*01', 'TRBV28*01', 'TRBV28*01', 'TRBV28*01', 'TRBV28*01']	['TRBJ2-7*01', 'TRBJ2-7*01', 'TRBJ2-7*01', 'TRBJ2-7*01', 'TRBJ2-7*01']	(S[RLV].TD[ANS]YEQ)	34	7	4.219336818639857	0.07014028056112225	2.6327576942989305e-05	1065.6549322865003	2865.0205345418303	11749.856208586429	16459.13491718319	7	1
172	CASSVATDSYEQYF	TRBV28*01	TRBJ2-7*01	1.2246087521163266e-08	22	17	5	0.365561364399762	198244	2.5221444280785292e-05	1.843997116683289e-06	480	0.03607214428857716	0.03607214428857716	6.888216480533085e-06	5236.790160489481	5432.724095809256	6279.992352365978	[53, 59, 60, 130, 172, 218, 222, 241, 244, 255, 256, 264, 296, 300, 377, 380, 478]	['CASSLGTDSYEQYF', 'CASSLRTDSYEQYF', 'CASSLSTDSYEQYF', 'CASSLRTDSYEQYF', 'CASSVATDSYEQYF', 'CASSLKTDSYEQYF', 'CASSLRTDSYEQYF', 'CASSLKTDSYEQYF', 'CASSLRTDSYEQYF', 'CASSLSTDSYEQYF', 'CASSMRTDSYEQYF', 'CASSLRTDSYEQYF', 'CASSLRTDSYEQYF', 'CASSRSTDSYEQYF', 'CASSLKTDSYEQYF', 'CASSLRTDSYEQYF', 'CASSLRTDSYEQYF']	[91881, 92260, 92449, 92993, 95682]	['CASSIFTESYEQYF', 'CASSLAGDSYEQYF', 'CASSLATGSYEQYF', 'CASSLCTDSYEQYF', 'CASSLQTDSYEQYF']	['TRBV28*01', 'TRBV28*01', 'TRBV28*01', 'TRBV28*01', 'TRBV28*01']	['TRBJ2-7*01', 'TRBJ2-7*01', 'TRBJ2-7*01', 'TRBJ2-7*01', 'TRBJ2-7*01']	(S[RLMV][ARGKS]TDSYEQ)	29	3	3.0	0.06012024048096193	2.017695186788132e-05	1787.7895791583167	3170.1812366737736	10162.714784320908	16442.707136686884	10	1
286	CASSFRQNSYEQYF	TRBV28*01	TRBJ2-7*01	1.2237207543457008e-08	22	12	11	0.8042350016794761	198244	5.548717741772765e-05	4.056793656703235e-06	485	0.026052104208416832	0.026052104208416832	9.100990696808389e-06	2862.5569541075347	2939.1006586412755	4189.5480952831185	[49, 50, 51, 167, 215, 219, 253, 263, 286, 288, 290, 374]	['CASSFRSDSYEQYF', 'CASSFRSNAYEQYF', 'CASSFRTDSYEQYF', 'CASSFHRNSYEQYF', 'CASSFRDSSYEQYF', 'CASSLRQNSYEQYF', 'CASSFRSNSYEQYF', 'CASSFRTDSYEQYF', 'CASSFRQNSYEQYF', 'CASSFRSDSYEQYF', 'CASSFRTDSYEQYF', 'CASSFRTDSYEQYF']	[84235, 90076, 90338, 90471, 90472, 90477, 90481, 90495, 90548, 102578, 102612]	['CASNFRGNSYEQYF', 'CASSFPQDSYEQYF', 'CASSFREGSYEQYF', 'CASSFRQAYEQYF', 'CASSFRQDYEQYF', 'CASSFRQGSYEQYF', 'CASSFRQLTYEQYF', 'CASSFRRLSYEQYF', 'CASSFRTSSYEQYF', 'CASSYRESYEQYF', 'CASSYRQNPYEQYF']	['TRBV28*01', 'TRBV28*01', 'TRBV28*01', 'TRBV28*01', 'TRBV28*01', 'TRBV28*01', 'TRBV28*01', 'TRBV28*01', 'TRBV28*01', 'TRBV28*01', 'TRBV28*01']	['TRBJ2-7*01', 'TRBJ2-7*01', 'TRBJ2-7*01', 'TRBJ2-7*01', 'TRBJ2-7*01', 'TRBJ2-7*01', 'TRBJ2-7*01', 'TRBJ2-7*01', 'TRBJ2-7*01', 'TRBJ2-7*01', 'TRBJ2-7*01']	(S[LF][RH][RDQST][NDS][AS]YEQ)	35	8	5.2193368186398565	0.07214428857715431	3.137181490995963e-05	830.4302534994893	2478.38196940768	11850.250687789749	16039.798783072869	7	1
170	CASSRGTDAYEQYF	TRBV28*01	TRBJ2-7*01	1.5014022399316734e-08	22	10	9	0.6580104559195716	198244	4.539859970541353e-05	3.3191948100299214e-06	487	0.02204408817635271	0.02204408817635271	8.36339929138329e-06	2635.780907778069	2695.1714610271647	3456.9670564783337	[53, 63, 131, 132, 170, 171, 297, 299, 300, 386]	['CASSLGTDSYEQYF', 'CASSRRTDSYEQYF', 'CASSRKTDSYEQYF', 'CASSRRTDSYEQYF', 'CASSRGTDAYEQYF', 'CASSRPTDSYEQYF', 'CASSRKTDSYEQYF', 'CASSRRTDSYEQYF', 'CASSRSTDSYEQYF', 'CASSRRTDSYEQYF']	[89388, 92077, 98358, 99498, 99534, 99593, 99616, 99619, 99722]	['CASSFGTDSYEQYF', 'CASSKGTAYEQYF', 'CASSPGTDSYEQYF', 'CASSRGDSYEQYF', 'CASSRGGTDSYEQYF', 'CASSRGSAAYEQYF', 'CASSRGTRAYEQYF', 'CASSRGTSSYEQYF', 'CASSRLTDAYEQYF']	['TRBV28*01', 'TRBV28*01', 'TRBV28*01', 'TRBV28*01', 'TRBV28*01', 'TRBV28*01', 'TRBV28*01', 'TRBV28*01', 'TRBV28*01']	['TRBJ2-7*01', 'TRBJ2-7*01', 'TRBJ2-7*01', 'TRBJ2-7*01', 'TRBJ2-7*01', 'TRBJ2-7*01', 'TRBJ2-7*01', 'TRBJ2-7*01', 'TRBJ2-7*01']	(S[RL][RGKPS]TD[AS]YEQ)	30	2	2.0	0.06212424849699399	1.5132713900910986e-05	1456.7174348697395	4377.160256410257	10865.457777137472	14322.424833615803	5	1
334	CASSFRTDTYEQYF	TRBV28*01	TRBJ2-7*01	7.400927898384957e-09	20	15	4	1.2193368186398574	198244	2.0177155424628242e-05	6.1506871261670336e-06	482	0.032064128256513016	0.032064128256513016	1.1194863042078314e-05	2864.1822714572804	2959.0288891453065	5234.68896293873	[42, 45, 47, 49, 51, 65, 159, 263, 288, 289, 290, 334, 374, 375, 388]	['CASNFRTDSYEQYF', 'CASSEKTDTYEQYF', 'CASSFKTDTYEQYF', 'CASSFRSDSYEQYF', 'CASSFRTDSYEQYF', 'CASSYRTDSYEQYF', 'CASSFKTDSYEQYF', 'CASSFRTDSYEQYF', 'CASSFRSDSYEQYF', 'CASSFRTDQYEQYF', 'CASSFRTDSYEQYF', 'CASSFRTDTYEQYF', 'CASSFRTDSYEQYF', 'CASSHRTDTYEQYF', 'CASSWRTDSYEQYF']	[89390, 90526, 90545, 90549]	['CASSFGTETYEQYF', 'CASSFRTEAYEQYF', 'CASSFRTRTYEQYF', 'CASSFRTTYEQYF']	['TRBV28*01', 'TRBV28*01', 'TRBV28*01', 'TRBV28*01']	['TRBJ2-7*01', 'TRBJ2-7*01', 'TRBJ2-7*01', 'TRBJ2-7*01']	([NS][EHFWY][RK][ST]D[QST]YEQ)	20	1	1.0	0.04208416833667335	1.008847593394066e-05	3178.292585170341	4354.7322175732215	7255.500438164717	12490.189401103446	6	1
97	CASSPGQGAFTDTQYF	TRBV5-5*01	TRBJ2-3*01	5.6843435391768216e-09	34	18	10	1.29288582119531	198244	5.0442888561570584e-05	6.5216895401389705e-06	479	0.03807615230460922	0.03807615230460922	1.1565861713201324e-05	3292.115473000073	3422.3887938063262	6381.594851469602	[93, 94, 95, 96, 97, 98, 99, 100, 145, 156, 174, 175, 231, 349, 351, 352, 353, 354]	['CASSAGQGAFTDTQYF', 'CASSFGQGAFSDTQYF', 'CASSLGEGAFTDTQYF', 'CASSLGQGAFTDTQYF', 'CASSPGQGAFTDTQYF', 'CASSPGQGAGFDTQYF', 'CASSSGQGAFTDTQYF', 'CASSYGQGSFTDTQYF', 'CASSFGQGAFTDTQYF', 'CASSAGQGAFTDTQYF', 'CASSLGQGAFTDTQYF', 'CASSLGQGSFTDTQYF', 'CASSLGQGAFTDTQYF', 'CASSPGQGAWFDEQFF', 'CASSFGQGAFTDTQYF', 'CASSIGQGAFTDTQYF', 'CASSLGQGAFTDTQYF', 'CASSSGQGAFTDTQYF']	[154774, 155555, 155659, 155667, 155668, 156796, 156870, 156962, 157235, 157695]	['CASSGGGGAFTDTQYF', 'CASSLGEGALTDTQYF', 'CASSLGQGATDTQYF', 'CASSLGQGSSTDTQYF', 'CASSLGQGSTDTQYF', 'CASSPGGGSSTDTQYF', 'CASSPQGAVTDTQYF', 'CASSQGQGSTDTQYF', 'CASSSGQGAGTDTQYF', 'CASSYGQGAGTDTQYF']	['TRBV5-5*01', 'TRBV5-5*01', 'TRBV5-5*01', 'TRBV5-5*01', 'TRBV5-5*01', 'TRBV5-5*01', 'TRBV5-5*01', 'TRBV5-5*01', 'TRBV5-5*01', 'TRBV5-5*01']	['TRBJ2-3*01', 'TRBJ2-3*01', 'TRBJ2-3*01', 'TRBJ2-3*01', 'TRBJ2-3*01', 'TRBJ2-3*01', 'TRBJ2-3*01', 'TRBJ2-3*01', 'TRBJ2-3*01', 'TRBJ2-3*01']	(S.G[QE]G[AS]F[ST]?D[ET]Q)	16	1	1.0	0.03406813627254509	1.008847593394066e-05	3774.2224448897796	3496.004149377593	5688.900977819293	12070.495829288897	6	1
202	CASSVILAGGPGDTQYF	TRBV19*01	TRBJ2-3*01	8.994880435380009e-11	36	14	0	0.0	198244	0.0	0.0	483	0.030060120240480964	0.030060120240480964	5.0442379669703285e-06	5959.298597194388	6143.956611570248	5218.295578986527	[15, 16, 18, 19, 20, 123, 202, 203, 278, 322, 323, 324, 469, 470]	['CASSILLAGGPGDTQYF', 'CASSILLSGGPSDTQYF', 'CASSLILAGGPTDTQYF', 'CASSMILAGGPEDTQYF', 'CASSMILAGGPTDTQYF', 'CASSITLAGGPGNEQFF', 'CASSVILAGGPGDTQYF', 'CASSTILAGGPGDIQYF', 'CASSILLAGGPGDTQYF', 'CASSIILAGGPGDTQYF', 'CASSILLAGGPGDTQYF', 'CASSITLAGGPGDTQYF', 'CASSILLAGGPGDTQYF', 'CASSMILAGGPGDTQYF']	[]	[]	[]	[]	(S[ILMTV][ILT]L[AS]GGP[EGST][ND][EIT]Q)	14	0	0.0	0.030060120240480964	5.0442379669703285e-06	5959.298597194388	6143.956611570248	5218.295578986527	10436.591157973055	6	1
50	CASSFRSNAYEQYF	TRBV28*01	TRBJ2-7*01	1.278286611703693e-09	22	12	5	1.2924490915198097	198244	2.5221444280785292e-05	6.51948654950369e-06	485	0.026052104208416832	0.026052104208416832	1.1563658744790864e-05	2252.9291795429926	2313.1659682962004	4055.0082282378703	[49, 50, 239, 242, 253, 286, 287, 288, 291, 295, 379, 477]	['CASSFRSDSYEQYF', 'CASSFRSNAYEQYF', 'CASSFRSDHYEQYF', 'CASSLRSNSYEQYF', 'CASSFRSNSYEQYF', 'CASSFRQNSYEQYF', 'CASSFRSDAYEQYF', 'CASSFRSDSYEQYF', 'CASSFSSNSYEQYF', 'CASSLRSNSYEQYF', 'CASSLRSNSYEQYF', 'CASSLRSNSYEQYF']	[90509, 90511, 90519, 90525, 90526]	['CASSFRSAYEQYF', 'CASSFRSGAYEQYF', 'CASSFRSSSAYEQYF', 'CASSFRTAYEQYF', 'CASSFRTEAYEQYF']	['TRBV28*01', 'TRBV28*01', 'TRBV28*01', 'TRBV28*01', 'TRBV28*01']	['TRBJ2-7*01', 'TRBJ2-7*01', 'TRBJ2-7*01', 'TRBJ2-7*01', 'TRBJ2-7*01']	(S[LF][RS][QS][ND][AHS]YEQ)	17	1	1.0	0.03607214428857716	1.008847593394066e-05	2582.362725450902	3709.3471933471938	6079.688245807738	10134.696474045608	6	1
46	CASSFHTNSYEQYF	TRBV28*01	TRBJ2-7*01	1.3093141656138207e-09	22	12	4	0.2924490915198096	198244	2.0177155424628242e-05	1.4751976933466312e-06	485	0.026052104208416832	0.026052104208416832	6.519420777820534e-06	3996.076506834423	4102.940693231228	4340.451711252188	[46, 48, 51, 142, 159, 167, 253, 263, 290, 291, 374, 383]	['CASSFHTNSYEQYF', 'CASSFNTNKYEQYF', 'CASSFRTDSYEQYF', 'CASSEHSNSYEQYF', 'CASSFKTDSYEQYF', 'CASSFHRNSYEQYF', 'CASSFRSNSYEQYF', 'CASSFRTDSYEQYF', 'CASSFRTDSYEQYF', 'CASSFSSNSYEQYF', 'CASSFRTDSYEQYF', 'CASSQHSNSYEQYF']	[89388, 89405, 89482, 90548]	['CASSFGTDSYEQYF', 'CASSFGTNSYEQYF', 'CASSFHTGTYEQYF', 'CASSFRTSSYEQYF']	['TRBV28*01', 'TRBV28*01', 'TRBV28*01', 'TRBV28*01']	['TRBJ2-7*01', 'TRBJ2-7*01', 'TRBJ2-7*01', 'TRBJ2-7*01']	(S[QEF][RNHKS][RST][ND][KS]YEQ)	16	2	2.0	0.03406813627254509	1.5132713900910986e-05	1721.5751503006009	2330.657676348548	5402.83371372005	9743.285424972237	8	1
204	CASSRRTDSYEQYF	TRBV19*01	TRBJ2-7*01	3.544276227203388e-08	22	6	4	1.2248601001842867	198244	2.0177155424628242e-05	6.178548153711016e-06	491	0.014028056112224449	0.014028056112224449	1.1222723788546989e-05	1249.9689359316098	1267.7388191664093	1815.824905273436	[22, 124, 151, 204, 368, 472]	['CASSLRTDSYEQYF', 'CASSMRTDTYEQYF', 'CASSRRTDSYEQYF', 'CASSRRTDSYEQYF', 'CASSMRTDSYEQYF', 'CASGRRTDSYEQYF']	[43316, 43514, 44049, 44050]	['CASSIRTDSYEQYF', 'CASSKRTSSYEQYF', 'CASSRRSSYEQYF', 'CASSRRTDYEQYF']	['TRBV19*01', 'TRBV19*01', 'TRBV19*01', 'TRBV19*01']	['TRBJ2-7*01', 'TRBJ2-7*01', 'TRBJ2-7*01', 'TRBJ2-7*01']	([GS][RLM]RTD[ST]YEQ)	22	2	2.0	0.046092184368737465	1.5132713900910986e-05	927.002004008016	3192.9894957983192	7730.582802173102	9546.40770744654	6	1
82	CASSQEGGRAYEQYF	TRBV4-2*01	TRBJ2-7*01	4.953433070210827e-08	20	10	4	1.349127989142983	198244	2.0177155424628242e-05	6.805391281163532e-06	487	0.02204408817635271	0.02204408817635271	1.1849560592107699e-05	1860.3295881735046	1902.240705939711	3276.916037206565	[82, 83, 173, 228, 268, 301, 302, 394, 395, 487]	['CASSQEGGRAYEQYF', 'CASSQEGGRSYEQYF', 'CASSQEGGRAYEQYF', 'CASSQEGGRGYEQYF', 'CASSQEGGRAYEQYF', 'CASSQEGGRAYEQYF', 'CASSQEGSRAYEQYF', 'CASSQEGGVAYEQYF', 'CASSQEGSRAYEQYF', 'CASSQEGGRAYEQYF']	[133418, 133425, 134331, 134338]	['CASSQDGGGAYEQYF', 'CASSQDGGLAYEQYF', 'CASSQEGGKYEQYF', 'CASSQEGGRYEQYF']	['TRBV4-2*01', 'TRBV4-2*01', 'TRBV4-2*01', 'TRBV4-2*01']	['TRBJ2-7*01', 'TRBJ2-7*01', 'TRBJ2-7*01', 'TRBJ2-7*01']	(SQEG[GS][RV][AGS]YEQ)	10	0	0.0	0.02204408817635271	5.0442379669703285e-06	4370.152304609219	4468.637295081968	3647.6661047178163	6924.582141924381	7	1
396	CASSQEKSRGYEQYF	TRBV4-2*01	TRBJ2-7*01	2.0683186907059084e-09	26	6	9	1.0473839674289491	198244	4.539859970541353e-05	5.283307275019416e-06	491	0.014028056112224449	0.014028056112224449	1.0327491941471452e-05	1358.3216711012747	1377.6331582917398	1851.6977679408587	[86, 228, 302, 392, 395, 396]	['CASSQEASRGYEQYF', 'CASSQEGGRGYEQYF', 'CASSQEGSRAYEQYF', 'CASSQEFSGRGYEQYF', 'CASSQEGSRAYEQYF', 'CASSQEKSRGYEQYF']	[133968, 134103, 134112, 134291, 134395, 134408, 134540, 135098, 135579]	['CASSQDRGRGYEQYF', 'CASSQDSRGYEQYF', 'CASSQDSSRGYEQYF', 'CASSQEDRGYEQYF', 'CASSQEKAGGYEQYF', 'CASSQEKRRGVYEQYF', 'CASSQESSRGNEQYF', 'CASSQKDRGYEQYF', 'CASSQVKGRGYEQYF']	['TRBV4-2*01', 'TRBV4-2*01', 'TRBV4-2*01', 'TRBV4-2*01', 'TRBV4-2*01', 'TRBV4-2*01', 'TRBV4-2*01', 'TRBV4-2*01', 'TRBV4-2*01']	['TRBJ2-7*01', 'TRBJ2-7*01', 'TRBJ2-7*01', 'TRBJ2-7*01', 'TRBJ2-7*01', 'TRBJ2-7*01', 'TRBJ2-7*01', 'TRBJ2-7*01', 'TRBJ2-7*01']	(SQE[AGKF][GS]R[AG]YEQ)	10	0	0.0	0.02204408817635271	5.0442379669703285e-06	2781.006012024048	4468.637295081968	3647.6661047178163	5499.363872658674	4	1
120	CASTLLGNQPQHF	TRBV7-8*01	TRBJ1-5*01	1.5634989511420673e-08	28	10	8	1.1711826829264285	198244	4.035431084925647e-05	5.907783756009909e-06	487	0.02204408817635271	0.02204408817635271	1.0951962122445992e-05	2012.7980657615185	2058.1459729815524	3321.4683981944568	[116, 117, 118, 119, 120, 179, 360, 402, 493, 494]	['CASSFLGNQPQHF', 'CASSLIGNQPQHF', 'CASSLVGNQPQHF', 'CASSYLGNQPQHF', 'CASTLLGNQPQHF', 'CASSLVGNQPQHF', 'CASTLAGNQPQHF', 'CASSLVGNQPQHF', 'CASSLDGNQPQHF', 'CASSLVGNQPQHF']	[185745, 186134, 186265, 186710, 186861, 187048, 187081, 187842]	['CARGLGNQPQHF', 'CASSFIGNQPQHF', 'CASSGMGNQPQHF', 'CASSLGGNQPQHF', 'CASSLLGQPQHF', 'CASSLTGNQPQHF', 'CASSLVGDQPQHF', 'CASTLLKSNQPQHF']	['TRBV7-8*01', 'TRBV7-8*01', 'TRBV7-8*01', 'TRBV7-8*01', 'TRBV7-8*01', 'TRBV7-8*01', 'TRBV7-8*01', 'TRBV7-8*01']	['TRBJ1-5*01', 'TRBJ1-5*01', 'TRBJ1-5*01', 'TRBJ1-5*01', 'TRBJ1-5*01', 'TRBJ1-5*01', 'TRBJ1-5*01', 'TRBJ1-5*01']	([ST][LFY][ADILV]GNQPQ)	10	9	8.02445466898949	0.02204408817635271	4.5521496872519454e-05	484.2566631340357	495.14974365549966	2177.6100096169193	5499.078407811376	5	1
393	CASSQEGGRAGSYEQYF	TRBV4-2*01	TRBJ2-7*01	6.199423330584145e-10	28	8	2	1.1163759963809945	198244	1.0088577712314118e-05	5.631322997825883e-06	489	0.018036072144288574	0.018036072144288574	1.0675504153329673e-05	1689.4820034015122	1720.4949381578665	2578.27702613994	[82, 83, 173, 268, 301, 393, 487, 488]	['CASSQEGGRAYEQYF', 'CASSQEGGRSYEQYF', 'CASSQEGGRAYEQYF', 'CASSQEGGRAYEQYF', 'CASSQEGGRAYEQYF', 'CASSQEGGRAGSYEQYF', 'CASSQEGGRAYEQYF', 'CASSQEGGRQGSYEQYF']	[134332, 134360]	['CASSQEGGLASYEQYF', 'CASSQEGRAGNHEQYF']	['TRBV4-2*01', 'TRBV4-2*01']	['TRBJ2-7*01', 'TRBJ2-7*01']	(SQEGGR[AQ]?[G]?[S]?YEQ)	9	3	3.3205644067653712	0.02004008016032064	2.1793955019346522e-05	827.5722386449789	938.3084459982832	2497.538302788707	5075.8153289286465	6	1
387	CASSRTSNSYEQYF	TRBV28*01	TRBJ2-7*01	1.4129653761906194e-08	22	7	7	0.5117859101596668	198244	3.5310021993099405e-05	2.581595963356605e-06	490	0.016032064128256508	0.016032064128256508	7.625807885958188e-06	2102.3430393227213	2136.580807784191	2346.380741175342	[265, 291, 373, 382, 383, 384, 387]	['CASSRSSNAYEQYF', 'CASSFSSNSYEQYF', 'CASGRTSNSYEQYF', 'CASSLSSNSYEQYF', 'CASSQHSNSYEQYF', 'CASSRDSNSYEQYF', 'CASSRTSNSYEQYF']	[99327, 99926, 99936, 99980, 100020, 100039, 100083]	['CASSQTSVSYEQYF', 'CASSRRSSSYEQYF', 'CASSRRTSNSYEQYF', 'CASSRSSSYEQYF', 'CASSRTGSSYEQYF', 'CASSRTSAYEQYF', 'CASSRVSSSYEQYF']	['TRBV28*01', 'TRBV28*01', 'TRBV28*01', 'TRBV28*01', 'TRBV28*01', 'TRBV28*01', 'TRBV28*01']	['TRBJ2-7*01', 'TRBJ2-7*01', 'TRBJ2-7*01', 'TRBJ2-7*01', 'TRBJ2-7*01', 'TRBJ2-7*01', 'TRBJ2-7*01']	([GS][RQLF][DHST]SN[AS]YEQ)	7	0	0.0	0.016032064128256508	5.0442379669703285e-06	3178.292585170341	3230.061099796334	2480.654045762996	4827.034786938337	3	1
384	CASSRDSNSYEQYF	TRBV28*01	TRBJ2-7*01	2.6837161339590486e-08	22	6	8	0.5848981830396192	198244	4.035431084925647e-05	2.9503953866932623e-06	491	0.014028056112224449	0.014028056112224449	7.994603588670739e-06	1754.6906430862687	1779.6415262196103	1952.147659363815	[56, 265, 294, 383, 384, 387]	['CASSLNSNSYEQYF', 'CASSRSSNAYEQYF', 'CASSLNSNSYEQYF', 'CASSQHSNSYEQYF', 'CASSRDSNSYEQYF', 'CASSRTSNSYEQYF']	[89074, 99417, 99448, 99453, 99926, 99980, 100083, 103370]	['CASSFDSSSYEQYF', 'CASSRDRDSYEQYF', 'CASSRDSSYEQYF', 'CASSRDTNYEQYF', 'CASSRRSSSYEQYF', 'CASSRSSSYEQYF', 'CASSRVSSSYEQYF', 'CASTRDSSYEQYF']	['TRBV28*01', 'TRBV28*01', 'TRBV28*01', 'TRBV28*01', 'TRBV28*01', 'TRBV28*01', 'TRBV28*01', 'TRBV28*01']	['TRBJ2-7*01', 'TRBJ2-7*01', 'TRBJ2-7*01', 'TRBJ2-7*01', 'TRBJ2-7*01', 'TRBJ2-7*01', 'TRBJ2-7*01', 'TRBJ2-7*01']	(S[RQL][NDHST]SN[AS]YEQ)	7	0	0.0	0.016032064128256508	5.0442379669703285e-06	2781.006012024048	3230.061099796334	2480.654045762996	4432.801705126811	4	1
265	CASSRSSNAYEQYF	TRBV28*01	TRBJ2-7*01	1.0254110385671337e-09	28	7	6	0.4386736372797143	198244	3.0265733136942352e-05	2.212796540019947e-06	490	0.016032064128256508	0.016032064128256508	7.257012183245636e-06	2209.182473920873	2245.1610071008467	2364.671131774856	[50, 265, 291, 300, 382, 384, 387]	['CASSFRSNAYEQYF', 'CASSRSSNAYEQYF', 'CASSFSSNSYEQYF', 'CASSRSTDSYEQYF', 'CASSLSSNSYEQYF', 'CASSRDSNSYEQYF', 'CASSRTSNSYEQYF']	[82483, 98921, 99593, 99947, 99980, 100039]	['CASDRSSDAYEQYF', 'CASSPSSIAYEQYF', 'CASSRGSAAYEQYF', 'CASSRSDGAYEQYF', 'CASSRSSSYEQYF', 'CASSRTSAYEQYF']	['TRBV28*01', 'TRBV28*01', 'TRBV28*01', 'TRBV28*01', 'TRBV28*01', 'TRBV28*01']	['TRBJ2-7*01', 'TRBJ2-7*01', 'TRBJ2-7*01', 'TRBJ2-7*01', 'TRBJ2-7*01', 'TRBJ2-7*01']	(S[RLF][DST]?[ST][ND][AS]YEQ)	9	10	11.115613285718696	0.02004008016032064	6.111403652895239e-05	262.3303096770809	334.59822221079594	1610.6169136670874	3975.288045441944	4	1
190	CASSLWQGETQYF	TRBV12-1*01	TRBJ2-5*01	2.1548984187279026e-08	36	5	82	0.0015681203736782605	198244	0.00041363168620487886	7.910052126058091e-09	492	0.012024048096192385	0.012024048096192385	5.052147939296017e-06	2379.9873322529543	2408.9405249375736	1714.1631515357392	[188, 190, 191, 247, 415]	['CASSFWQGETQYF', 'CASSLWQGETQYF', 'CASSSFQGETQYF', 'CASSLWQGETQYF', 'CASSLWQGETQYF']	[12283, 12319, 12580, 12762, 12765, 12785, 12834, 12842, 12856, 13044, 13136, 13301, 13308, 13314, 13357, 13378, 13542, 13578, 13580, 13590, 13626, 13667, 13702, 13703, 13733, 13753, 13768, 13775, 13800, 13836, 13839, 13863, 13869, 13872, 13878, 13879, 13882, 13885, 13887, 13889, 13894, 13896, 13905, 13910, 13925, 13927, 13930, 13939, 13941, 13944, 13950, 13951, 13955, 13967, 13982, 13996, 14006, 14012, 14019, 14020, 14022, 14024, 14028, 14034, 14042, 14044, 14049, 14052, 14059, 14100, 14101, 14114, 14121, 14123, 14151, 14171, 14231, 14243, 14256, 14261, 15289, 15359]	['CASSAGQGYTQYF', 'CASSCWGDTQYF', 'CASSFREGDTQYF', 'CASSLEQDTQYF', 'CASSLFEGVDTQYF', 'CASSLIAGDTQYF', 'CASSLTRGDTQYF', 'CASSLWGSDTQYF', 'CASSNPEGDTQYF', 'CASSSYPQGDTQYF', 'CASCSGQGETQYF', 'CASSAQGETQYF', 'CASSCEQETQYF', 'CASSCLTGETQYF', 'CASSFADGETQYF', 'CASSFAGQGETQYF', 'CASSFGGETQYF', 'CASSFGQGRETQYF', 'CASSFGQLETQYF', 'CASSFGRQGETQYF', 'CASSFLGETQYF', 'CASSFREGETQYF', 'CASSFTGQGETQYF', 'CASSFTSGETQYF', 'CASSFVQGETQYF', 'CASSFVWGETQYF', 'CASSGGQETQYF', 'CASSGKGETQYF', 'CASSGSPGETQYF', 'CASSKGPGETQYF', 'CASSKGQGGETQYF', 'CASSLAQGGETQYF', 'CASSLDRGEETQYF', 'CASSLEGVGETQYF', 'CASSLGETQYF', 'CASSLGFKETQYF', 'CASSLGGRETQYF', 'CASSLGLLETQYF', 'CASSLGPGETQYF', 'CASSLGRSETQYF', 'CASSLGVEETQYF', 'CASSLGWGAETQYF', 'CASSLLREETQYF', 'CASSLPGQTQYF', 'CASSLRQGPIETQYF', 'CASSLRVETQYF', 'CASSLSETQYF', 'CASSLTGETQYF', 'CASSLTGGRTQYF', 'CASSLTQETQYF', 'CASSLVDGQETQYF', 'CASSLVGQSETQYF', 'CASSLYFSETQYF', 'CASSNRGETQYF', 'CASSPEGETQYF', 'CASSPHQGQETQYF', 'CASSPPGETQYF', 'CASSPQEETQYF', 'CASSPSHGETQYF', 'CASSPSQETQYF', 'CASSPSWGETQYF', 'CASSPTGETQYF', 'CASSPWDLETQYF', 'CASSQGEGETQYF', 'CASSQRQETQYF', 'CASSQSTGETQYF', 'CASSREGETQYF', 'CASSRGGETQYF', 'CASSRGQGEETQYF', 'CASSRWTGLETQYF', 'CASSRWTQETQYF', 'CASSSGGGETQYF', 'CASSSGQETQYF', 'CASSSGQGVETQYF', 'CASSSRGETQYF', 'CASSTAGETQYF', 'CASSWGQETQYF', 'CASSYEKGETQYF', 'CASSYRGETQYF', 'CASSYWGGETQYF', 'CASSLKQGYEQYF', 'CASSLVQGYEQYF']	['TRBV12-1*01', 'TRBV12-1*01', 'TRBV12-1*01', 'TRBV12-1*01', 'TRBV12-1*01', 'TRBV12-1*01', 'TRBV12-1*01', 'TRBV12-1*01', 'TRBV12-1*01', 'TRBV12-1*01', 'TRBV12-1*01', 'TRBV12-1*01', 'TRBV12-1*01', 'TRBV12-1*01', 'TRBV12-1*01', 'TRBV12-1*01', 'TRBV12-1*01', 'TRBV12-1*01', 'TRBV12-1*01', 'TRBV12-1*01', 'TRBV12-1*01', 'TRBV12-1*01', 'TRBV12-1*01', 'TRBV12-1*01', 'TRBV12-1*01', 'TRBV12-1*01', 'TRBV12-1*01', 'TRBV12-1*01', 'TRBV12-1*01', 'TRBV12-1*01', 'TRBV12-1*01', 'TRBV12-1*01', 'TRBV12-1*01', 'TRBV12-1*01', 'TRBV12-1*01', 'TRBV12-1*01', 'TRBV12-1*01', 'TRBV12-1*01', 'TRBV12-1*01', 'TRBV12-1*01', 'TRBV12-1*01', 'TRBV12-1*01', 'TRBV12-1*01', 'TRBV12-1*01', 'TRBV12-1*01', 'TRBV12-1*01', 'TRBV12-1*01', 'TRBV12-1*01', 'TRBV12-1*01', 'TRBV12-1*01', 'TRBV12-1*01', 'TRBV12-1*01', 'TRBV12-1*01', 'TRBV12-1*01', 'TRBV12-1*01', 'TRBV12-1*01', 'TRBV12-1*01', 'TRBV12-1*01', 'TRBV12-1*01', 'TRBV12-1*01', 'TRBV12-1*01', 'TRBV12-1*01', 'TRBV12-1*01', 'TRBV12-1*01', 'TRBV12-1*01', 'TRBV12-1*01', 'TRBV12-1*01', 'TRBV12-1*01', 'TRBV12-1*01', 'TRBV12-1*01', 'TRBV12-1*01', 'TRBV12-1*01', 'TRBV12-1*01', 'TRBV12-1*01', 'TRBV12-1*01', 'TRBV12-1*01', 'TRBV12-1*01', 'TRBV12-1*01', 'TRBV12-1*01', 'TRBV12-1*01', 'TRBV12-1*01', 'TRBV12-1*01']	['TRBJ2-3*01', 'TRBJ2-3*01', 'TRBJ2-3*01', 'TRBJ2-3*01', 'TRBJ2-3*01', 'TRBJ2-3*01', 'TRBJ2-3*01', 'TRBJ2-3*01', 'TRBJ2-3*01', 'TRBJ2-3*01', 'TRBJ2-5*01', 'TRBJ2-5*01', 'TRBJ2-5*01', 'TRBJ2-5*01', 'TRBJ2-5*01', 'TRBJ2-5*01', 'TRBJ2-5*01', 'TRBJ2-5*01', 'TRBJ2-5*01', 'TRBJ2-5*01', 'TRBJ2-5*01', 'TRBJ2-5*01', 'TRBJ2-5*01', 'TRBJ2-5*01', 'TRBJ2-5*01', 'TRBJ2-5*01', 'TRBJ2-5*01', 'TRBJ2-5*01', 'TRBJ2-5*01', 'TRBJ2-5*01', 'TRBJ2-5*01', 'TRBJ2-5*01', 'TRBJ2-5*01', 'TRBJ2-5*01', 'TRBJ2-5*01', 'TRBJ2-5*01', 'TRBJ2-5*01', 'TRBJ2-5*01', 'TRBJ2-5*01', 'TRBJ2-5*01', 'TRBJ2-5*01', 'TRBJ2-5*01', 'TRBJ2-5*01', 'TRBJ2-5*01', 'TRBJ2-5*01', 'TRBJ2-5*01', 'TRBJ2-5*01', 'TRBJ2-5*01', 'TRBJ2-5*01', 'TRBJ2-5*01', 'TRBJ2-5*01', 'TRBJ2-5*01', 'TRBJ2-5*01', 'TRBJ2-5*01', 'TRBJ2-5*01', 'TRBJ2-5*01', 'TRBJ2-5*01', 'TRBJ2-5*01', 'TRBJ2-5*01', 'TRBJ2-5*01', 'TRBJ2-5*01', 'TRBJ2-5*01', 'TRBJ2-5*01', 'TRBJ2-5*01', 'TRBJ2-5*01', 'TRBJ2-5*01', 'TRBJ2-5*01', 'TRBJ2-5*01', 'TRBJ2-5*01', 'TRBJ2-5*01', 'TRBJ2-5*01', 'TRBJ2-5*01', 'TRBJ2-5*01', 'TRBJ2-5*01', 'TRBJ2-5*01', 'TRBJ2-5*01', 'TRBJ2-5*01', 'TRBJ2-5*01', 'TRBJ2-5*01', 'TRBJ2-5*01', 'TRBJ2-7*01', 'TRBJ2-7*01']	(S[LFS][FW]QGETQ)	6	0	0.0	0.014028056112224449	5.0442379669703285e-06	2383.719438877756	2820.558943089431	2095.8172844194546	3809.9804359551936	3	1
298	CASSRRDSSYEQYF	TRBV28*01	TRBJ2-7*01	2.171506160141232e-07	22	5	13	0.9504595474393812	198244	6.557575513004177e-05	4.794392503376552e-06	492	0.012024048096192385	0.012024048096192385	9.838582102233494e-06	1222.1322108459876	1236.9938604708882	1508.2723864765055	[62, 215, 298, 385, 418]	['CASSRRDSSYEQYF', 'CASSFRDSSYEQYF', 'CASSRRDSSYEQYF', 'CASSRRDSSYEQYF', 'CASSLRDTSYEQYF']	[91459, 92150, 92173, 99290, 99448, 99659, 99850, 99902, 99926, 99927, 100980, 102831, 103370]	['CASSGRDSAYEQYF', 'CASSKRDFSYEQYF', 'CASSKRSSYEQYF', 'CASSQRRSSYEQYF', 'CASSRDSSYEQYF', 'CASSRKDSNYEQYF', 'CASSRQSSYEQYF', 'CASSRRNSYEQYF', 'CASSRRSSSYEQYF', 'CASSRRSSYEQYF', 'CASSSRDSSYEQYF', 'CASTFRDSSYEQYF', 'CASTRDSSYEQYF']	['TRBV28*01', 'TRBV28*01', 'TRBV28*01', 'TRBV28*01', 'TRBV28*01', 'TRBV28*01', 'TRBV28*01', 'TRBV28*01', 'TRBV28*01', 'TRBV28*01', 'TRBV28*01', 'TRBV28*01', 'TRBV28*01']	['TRBJ2-7*01', 'TRBJ2-7*01', 'TRBJ2-7*01', 'TRBJ2-7*01', 'TRBJ2-7*01', 'TRBJ2-7*01', 'TRBJ2-7*01', 'TRBJ2-7*01', 'TRBJ2-7*01', 'TRBJ2-7*01', 'TRBJ2-7*01', 'TRBJ2-7*01', 'TRBJ2-7*01']	(S[RLF]RD[ST]SYEQ)	5	3	3.0	0.012024048096192385	2.017695186788132e-05	595.9298597194388	603.1703853955377	1196.9072041050636	2705.179590581569	5	1
195	CASSMVEGTSKLFF	TRBV19*01	TRBJ1-4*01	7.204424999241748e-13	36	4	0	0.0	198244	0.0	0.0	493	0.01002004008016032	0.01002004008016032	5.0442379669703285e-06	1986.432865731463	2006.528340080972	1338.6335408670286	[11, 195, 200, 250]	['CASSRVEGTSPLHF', 'CASSMVEGTSKLFF', 'CASSIVEGTGELFF', 'CASSIVEGTGELFF']	[]	[]	[]	[]	(S[RIM]VEGT[GS][EKP]L)	4	0	0.0	0.01002004008016032	5.0442379669703285e-06	1986.432865731463	2006.528340080972	1338.6335408670286	2677.2670817340572	3	1
372	CASSLRSDEYTIYF	TRBV28*01	TRBJ1-3*01	7.948246925757697e-12	36	4	0	0.0	198244	0.0	0.0	493	0.01002004008016032	0.01002004008016032	5.0442379669703285e-06	1986.432865731463	2006.528340080972	1338.6335408670286	[129, 220, 372, 378]	['CASSLRSDSYEQYF', 'CASSLRSDSYEQYF', 'CASSLRSDEYTIYF', 'CASSLRSDSYEQYF']	[]	[]	[]	[]	(SLRSD[ES]Y[ET][QI])	4	0	0.0	0.01002004008016032	5.0442379669703285e-06	1986.432865731463	2006.528340080972	1338.6335408670286	2677.2670817340572	3	1
188	CASSFWQGETQYF	TRBV12-1*01	TRBJ2-5*01	6.677573727395661e-09	36	6	121	0.0023038216644806573	198244	0.0006103589515950043	1.1621141948712988e-08	491	0.014028056112224449	0.014028056112224449	5.0558589916794315e-06	2774.6137966487618	2814.07578156043	2095.2101932008773	[187, 188, 190, 191, 247, 415]	['CASSFGQGTDTQYF', 'CASSFWQGETQYF', 'CASSLWQGETQYF', 'CASSSFQGETQYF', 'CASSLWQGETQYF', 'CASSLWQGETQYF']	[11275, 11317, 11474, 12283, 12319, 12341, 12351, 12515, 12580, 12590, 12856, 13044, 13136, 13301, 13308, 13314, 13357, 13360, 13364, 13367, 13372, 13378, 13389, 13395, 13409, 13414, 13425, 13434, 13446, 13448, 13453, 13475, 13476, 13486, 13487, 13490, 13491, 13493, 13499, 13507, 13524, 13542, 13548, 13551, 13562, 13570, 13573, 13577, 13578, 13580, 13583, 13590, 13594, 13595, 13609, 13620, 13626, 13634, 13637, 13654, 13656, 13658, 13667, 13677, 13678, 13680, 13686, 13702, 13703, 13705, 13716, 13719, 13733, 13734, 13743, 13753, 13768, 13775, 13800, 13836, 13839, 13863, 13878, 13887, 13939, 13944, 13967, 13982, 13996, 14006, 14012, 14019, 14020, 14022, 14024, 14028, 14034, 14042, 14044, 14049, 14052, 14059, 14100, 14101, 14114, 14121, 14123, 14151, 14171, 14231, 14242, 14243, 14244, 14245, 14256, 14258, 14261, 14264, 14666, 15052, 15093]	['CASSFDWQGNEQFF', 'CASSFGEGQVF', 'CASSFVQGNEQFF', 'CASSAGQGYTQYF', 'CASSCWGDTQYF', 'CASSFAAGDTQYF', 'CASSFAGGDTQYF', 'CASSFGQGIDTQYF', 'CASSFREGDTQYF', 'CASSFRREGDTQYF', 'CASSNPEGDTQYF', 'CASSSYPQGDTQYF', 'CASCSGQGETQYF', 'CASSAQGETQYF', 'CASSCEQETQYF', 'CASSCLTGETQYF', 'CASSFADGETQYF', 'CASSFADTGETQYF', 'CASSFAFKETQYF', 'CASSFAFRGETQYF', 'CASSFAGGEETQYF', 'CASSFAGQGETQYF', 'CASSFAIKETQYF', 'CASSFALGQETQYF', 'CASSFAPDETQYF', 'CASSFAPGQETQYF', 'CASSFAQGAIETQYF', 'CASSFARGTETQYF', 'CASSFASAGETQYF', 'CASSFASEETQYF', 'CASSFATETQYF', 'CASSFDRGEETQYF', 'CASSFDTGFETQYF', 'CASSFEEETQYF', 'CASSFEEQVETQYF', 'CASSFEGGEETQYF', 'CASSFEGGQETQYF', 'CASSFEGQETQYF', 'CASSFEKGAETQYF', 'CASSFEQLDETQYF', 'CASSFFPQETQYF', 'CASSFGGETQYF', 'CASSFGGQETQYF', 'CASSFGGTETQYF', 'CASSFGLGGETQYF', 'CASSFGPETQYF', 'CASSFGPGTETQYF', 'CASSFGQGCPETQYF', 'CASSFGQGRETQYF', 'CASSFGQLETQYF', 'CASSFGRAETQYF', 'CASSFGRQGETQYF', 'CASSFGSEETQYF', 'CASSFGSGGETQYF', 'CASSFGWETQYF', 'CASSFKGQETQYF', 'CASSFLGETQYF', 'CASSFLREETQYF', 'CASSFNGNGETQYF', 'CASSFPTEETQYF', 'CASSFPTPETQYF', 'CASSFQDQETQYF', 'CASSFREGETQYF', 'CASSFRRGQETQYF', 'CASSFRRQETQYF', 'CASSFRSPETQYF', 'CASSFSGSGETQYF', 'CASSFTGQGETQYF', 'CASSFTSGETQYF', 'CASSFVADETQYF', 'CASSFVGTETQYF', 'CASSFVIVETQYF', 'CASSFVQGETQYF', 'CASSFVRGRETQYF', 'CASSFVSRETQYF', 'CASSFVWGETQYF', 'CASSGGQETQYF', 'CASSGKGETQYF', 'CASSGSPGETQYF', 'CASSKGPGETQYF', 'CASSKGQGGETQYF', 'CASSLAQGGETQYF', 'CASSLGETQYF', 'CASSLGPGETQYF', 'CASSLTGETQYF', 'CASSLTQETQYF', 'CASSNRGETQYF', 'CASSPEGETQYF', 'CASSPHQGQETQYF', 'CASSPPGETQYF', 'CASSPQEETQYF', 'CASSPSHGETQYF', 'CASSPSQETQYF', 'CASSPSWGETQYF', 'CASSPTGETQYF', 'CASSPWDLETQYF', 'CASSQGEGETQYF', 'CASSQRQETQYF', 'CASSQSTGETQYF', 'CASSREGETQYF', 'CASSRGGETQYF', 'CASSRGQGEETQYF', 'CASSRWTGLETQYF', 'CASSRWTQETQYF', 'CASSSGGGETQYF', 'CASSSGQETQYF', 'CASSSGQGVETQYF', 'CASSSRGETQYF', 'CASSTAGETQYF', 'CASSWGQETQYF', 'CASSYAKETQYF', 'CASSYEKGETQYF', 'CASSYETETQYF', 'CASSYGGQTQYF', 'CASSYRGETQYF', 'CASSYTEGRETQYF', 'CASSYWGGETQYF', 'CASSYYSETQYF', 'CASSFAQGAEQYF', 'CASSFVQGYEQYF', 'CASSFWGREQYF']	['TRBV12-1*01', 'TRBV12-1*01', 'TRBV12-1*01', 'TRBV12-1*01', 'TRBV12-1*01', 'TRBV12-1*01', 'TRBV12-1*01', 'TRBV12-1*01', 'TRBV12-1*01', 'TRBV12-1*01', 'TRBV12-1*01', 'TRBV12-1*01', 'TRBV12-1*01', 'TRBV12-1*01', 'TRBV12-1*01', 'TRBV12-1*01', 'TRBV12-1*01', 'TRBV12-1*01', 'TRBV12-1*01', 'TRBV12-1*01', 'TRBV12-1*01', 'TRBV12-1*01', 'TRBV12-1*01', 'TRBV12-1*01', 'TRBV12-1*01', 'TRBV12-1*01', 'TRBV12-1*01', 'TRBV12-1*01', 'TRBV12-1*01', 'TRBV12-1*01', 'TRBV12-1*01', 'TRBV12-1*01', 'TRBV12-1*01', 'TRBV12-1*01', 'TRBV12-1*01', 'TRBV12-1*01', 'TRBV12-1*01', 'TRBV12-1*01', 'TRBV12-1*01', 'TRBV12-1*01', 'TRBV12-1*01', 'TRBV12-1*01', 'TRBV12-1*01', 'TRBV12-1*01', 'TRBV12-1*01', 'TRBV12-1*01', 'TRBV12-1*01', 'TRBV12-1*01', 'TRBV12-1*01', 'TRBV12-1*01', 'TRBV12-1*01', 'TRBV12-1*01', 'TRBV12-1*01', 'TRBV12-1*01', 'TRBV12-1*01', 'TRBV12-1*01', 'TRBV12-1*01', 'TRBV12-1*01', 'TRBV12-1*01', 'TRBV12-1*01', 'TRBV12-1*01', 'TRBV12-1*01', 'TRBV12-1*01', 'TRBV12-1*01', 'TRBV12-1*01', 'TRBV12-1*01', 'TRBV12-1*01', 'TRBV12-1*01', 'TRBV12-1*01', 'TRBV12-1*01', 'TRBV12-1*01', 'TRBV12-1*01', 'TRBV12-1*01', 'TRBV12-1*01', 'TRBV12-1*01', 'TRBV12-1*01', 'TRBV12-1*01', 'TRBV12-1*01', 'TRBV12-1*01', 'TRBV12-1*01', 'TRBV12-1*01', 'TRBV12-1*01', 'TRBV12-1*01', 'TRBV12-1*01', 'TRBV12-1*01', 'TRBV12-1*01', 'TRBV12-1*01', 'TRBV12-1*01', 'TRBV12-1*01', 'TRBV12-1*01', 'TRBV12-1*01', 'TRBV12-1*01', 'TRBV12-1*01', 'TRBV12-1*01', 'TRBV12-1*01', 'TRBV12-1*01', 'TRBV12-1*01', 'TRBV12-1*01', 'TRBV12-1*01', 'TRBV12-1*01', 'TRBV12-1*01', 'TRBV12-1*01', 'TRBV12-1*01', 'TRBV12-1*01', 'TRBV12-1*01', 'TRBV12-1*01', 'TRBV12-1*01', 'TRBV12-1*01', 'TRBV12-1*01', 'TRBV12-1*01', 'TRBV12-1*01', 'TRBV12-1*01', 'TRBV12-1*01', 'TRBV12-1*01', 'TRBV12-1*01', 'TRBV12-1*01', 'TRBV12-1*01', 'TRBV12-1*01', 'TRBV12-1*01', 'TRBV12-1*01', 'TRBV12-1*01']	['TRBJ2-1*01', 'TRBJ2-1*01', 'TRBJ2-1*01', 'TRBJ2-3*01', 'TRBJ2-3*01', 'TRBJ2-3*01', 'TRBJ2-3*01', 'TRBJ2-3*01', 'TRBJ2-3*01', 'TRBJ2-3*01', 'TRBJ2-3*01', 'TRBJ2-3*01', 'TRBJ2-5*01', 'TRBJ2-5*01', 'TRBJ2-5*01', 'TRBJ2-5*01', 'TRBJ2-5*01', 'TRBJ2-5*01', 'TRBJ2-5*01', 'TRBJ2-5*01', 'TRBJ2-5*01', 'TRBJ2-5*01', 'TRBJ2-5*01', 'TRBJ2-5*01', 'TRBJ2-5*01', 'TRBJ2-5*01', 'TRBJ2-5*01', 'TRBJ2-5*01', 'TRBJ2-5*01', 'TRBJ2-5*01', 'TRBJ2-5*01', 'TRBJ2-5*01', 'TRBJ2-5*01', 'TRBJ2-5*01', 'TRBJ2-5*01', 'TRBJ2-5*01', 'TRBJ2-5*01', 'TRBJ2-5*01', 'TRBJ2-5*01', 'TRBJ2-5*01', 'TRBJ2-5*01', 'TRBJ2-5*01', 'TRBJ2-5*01', 'TRBJ2-5*01', 'TRBJ2-5*01', 'TRBJ2-5*01', 'TRBJ2-5*01', 'TRBJ2-5*01', 'TRBJ2-5*01', 'TRBJ2-5*01', 'TRBJ2-5*01', 'TRBJ2-5*01', 'TRBJ2-5*01', 'TRBJ2-5*01', 'TRBJ2-5*01', 'TRBJ2-5*01', 'TRBJ2-5*01', 'TRBJ2-5*01', 'TRBJ2-5*01', 'TRBJ2-5*01', 'TRBJ2-5*01', 'TRBJ2-5*01', 'TRBJ2-5*01', 'TRBJ2-5*01', 'TRBJ2-5*01', 'TRBJ2-5*01', 'TRBJ2-5*01', 'TRBJ2-5*01', 'TRBJ2-5*01', 'TRBJ2-5*01', 'TRBJ2-5*01', 'TRBJ2-5*01', 'TRBJ2-5*01', 'TRBJ2-5*01', 'TRBJ2-5*01', 'TRBJ2-5*01', 'TRBJ2-5*01', 'TRBJ2-5*01', 'TRBJ2-5*01', 'TRBJ2-5*01', 'TRBJ2-5*01', 'TRBJ2-5*01', 'TRBJ2-5*01', 'TRBJ2-5*01', 'TRBJ2-5*01', 'TRBJ2-5*01', 'TRBJ2-5*01', 'TRBJ2-5*01', 'TRBJ2-5*01', 'TRBJ2-5*01', 'TRBJ2-5*01', 'TRBJ2-5*01', 'TRBJ2-5*01', 'TRBJ2-5*01', 'TRBJ2-5*01', 'TRBJ2-5*01', 'TRBJ2-5*01', 'TRBJ2-5*01', 'TRBJ2-5*01', 'TRBJ2-5*01', 'TRBJ2-5*01', 'TRBJ2-5*01', 'TRBJ2-5*01', 'TRBJ2-5*01', 'TRBJ2-5*01', 'TRBJ2-5*01', 'TRBJ2-5*01', 'TRBJ2-5*01', 'TRBJ2-5*01', 'TRBJ2-5*01', 'TRBJ2-5*01', 'TRBJ2-5*01', 'TRBJ2-5*01', 'TRBJ2-5*01', 'TRBJ2-5*01', 'TRBJ2-5*01', 'TRBJ2-5*01', 'TRBJ2-5*01', 'TRBJ2-7*01', 'TRBJ2-7*01', 'TRBJ2-7*01']	(S[LF][GW]?QG[DE]TQ)	5	16	14.27546296038321	0.012024048096192385	7.705307022781397e-05	182.05706885850623	157.93592122931548	556.804959445681	2652.0151526465584	3	1
474	CSALRQVQAYGYTF	TRBV20-1*01	TRBJ1-2*01	2.4928145878663065e-12	36	4	1	0.6862253498260925	198244	5.044288856157059e-06	3.461518884940238e-06	493	0.01002004008016032	0.01002004008016032	8.505721930460602e-06	1178.0352287648454	1189.948540796879	1200.327343127885	[281, 329, 473, 474]	['CSALGQVDNYGYTF', 'CSAQRQVDYYGYTF', 'CSALGQVDIYGYTF', 'CSALRQVQAYGYTF']	[49641]	['CSARRQVDYGYTF']	['TRBV20-1*01']	['TRBJ1-2*01']	([QL][RG]QV[DQ][ANIY]YGY)	4	0	0.0	0.01002004008016032	5.0442379669703285e-06	1986.432865731463	2006.528340080972	1338.6335408670286	2538.960883994913	3	1
167	CASSFHRNSYEQYF	TRBV28*01	TRBJ2-7*01	5.7574802291354294e-09	22	3	5	0.365561364399762	198244	2.5221444280785292e-05	1.843997116683289e-06	494	0.008016032064128256	0.008016032064128256	6.888216480533085e-06	1163.7311467754405	1173.126954022111	904.6288099724852	[46, 167, 286]	['CASSFHTNSYEQYF', 'CASSFHRNSYEQYF', 'CASSFRQNSYEQYF']	[89681, 89758, 90094, 90849, 102433]	['CASSFLHRSSYEQYF', 'CASSFLRSSYEQYF', 'CASSFPRDSYEQYF', 'CASSFTRDSYEQYF', 'CASSYHRESYEQYF']	['TRBV28*01', 'TRBV28*01', 'TRBV28*01', 'TRBV28*01', 'TRBV28*01']	['TRBJ2-7*01', 'TRBJ2-7*01', 'TRBJ2-7*01', 'TRBJ2-7*01', 'TRBJ2-7*01']	(SF[RH][RQT]NSYEQ)	3	0	0.0	0.008016032064128256	5.0442379669703285e-06	1589.1462925851706	1601.979797979798	971.2776721651953	1875.9064821376803	3	1
305	CASSYLDSQETQYF	TRBV6-5*01	TRBJ2-5*01	1.4483143459952334e-08	14	3	1	1.0	198244	5.044288856157059e-06	5.044288856157059e-06	494	0.008016032064128256	0.008016032064128256	1.008847593394066e-05	794.5731462925853	800.9858585858586	808.2371090178877	[110, 305, 399]	['CASSYLDSQETQYF', 'CASSYLDSQETQYF', 'CASSYLDSQETQYF']	[171512]	['CASSYLASQETQYF']	['TRBV6-5*01']	['TRBJ2-5*01']	(SYLDSQETQ)	3	0	0.0	0.008016032064128256	5.0442379669703285e-06	1589.1462925851706	1601.979797979798	971.2776721651953	1779.514781183083	3	1
281	CSALGQVDNYGYTF	TRBV20-1*01	TRBJ1-2*01	1.513216036918246e-10	32	3	1	1.0	198244	5.044288856157059e-06	5.044288856157059e-06	494	0.008016032064128256	0.008016032064128256	1.008847593394066e-05	794.5731462925853	800.9858585858586	808.2371090178877	[262, 281, 473]	['CSASLQVDNYGYTF', 'CSALGQVDNYGYTF', 'CSALGQVDIYGYTF']	[48561]	['CSAKGQENYGYTF']	['TRBV20-1*01']	['TRBJ1-2*01']	(L[G]?QVD[NI]YGY)	3	0	0.0	0.008016032064128256	5.0442379669703285e-06	1589.1462925851706	1601.979797979798	971.2776721651953	1779.514781183083	3	1
364	CASSPNEGWTEAFF	TRBV19*01	TRBJ1-1*01	1.2440990758326148e-10	36	3	6	1.3006041126706094	198244	3.0265733136942352e-05	6.560622831816395e-06	494	0.008016032064128256	0.008016032064128256	1.1604794612101174e-05	690.7517394378826	696.3254908676837	769.3436403491829	[150, 261, 364]	['CASSITGWTEAFF', 'CASSATGWTEAFF', 'CASSPNEGWTEAFF']	[29721, 29998, 30277, 30278, 30283, 30312]	['CASSALEGPTEAFF', 'CASSINRGNTEAFF', 'CASSPDRGGTEAFF', 'CASSPDRGSTEAFF', 'CASSPGEDYTEAFF', 'CASSPWDSYTEAFF']	['TRBV19*01', 'TRBV19*01', 'TRBV19*01', 'TRBV19*01', 'TRBV19*01', 'TRBV19*01']	['TRBJ1-1*01', 'TRBJ1-1*01', 'TRBJ1-1*01', 'TRBJ1-1*01', 'TRBJ1-1*01', 'TRBJ1-1*01']	(S[AIP][NT][E]?GWTEA)	3	0	0.0	0.008016032064128256	5.0442379669703285e-06	1589.1462925851706	1601.979797979798	971.2776721651953	1740.6213125143781	3	1
327	CASSTGAYEQYF	TRBV19*01	TRBJ2-7*01	1.847426155779856e-06	10	3	0	0.0	198244	0.0	0.0	494	0.008016032064128256	0.008016032064128256	5.0442379669703285e-06	1589.1462925851706	1601.979797979798	971.2776721651953	[23, 141, 327]	['CASSTGAYEQYF', 'CASSTGAYEQYF', 'CASSTGAYEQYF']	[]	[]	[]	[]	(STGAYEQ)	3	5	2.2644416359890425	0.008016032064128256	1.6466620441214665e-05	486.8049332129351	490.7306296429386	666.3446791917543	1637.6223513569494	3	1
185	CASSLTDAYNEQFF	TRBV12-1*01	TRBJ2-1*01	1.408688559577492e-08	36	4	25	0.0005701050541066366	198244	0.0001261072214039265	2.8757745712689238e-09	493	0.01002004008016032	0.01002004008016032	5.047113712529417e-06	1985.3010355771567	2005.3850541558731	1338.5055087820524	[185, 311, 403, 404]	['CASSLTDAYNEQFF', 'CASSFVDYNEQFF', 'CASSLTKSYNEQFF', 'CASSPTLYNEQFF']	[11173, 11446, 11448, 11449, 11492, 11495, 11522, 11534, 11553, 11573, 11600, 11616, 11625, 11626, 11634, 11642, 11643, 11662, 11664, 11665, 11671, 11677, 11779, 11801, 11855]	['CASSEDCYNEQFF', 'CASSFTAGNEQFF', 'CASSFTGARNEQFF', 'CASSFTGSYNEQFF', 'CASSFVTAYNEQFF', 'CASSFWGAYNEQFF', 'CASSGLDDYNEQFF', 'CASSGRDSYNEQFF', 'CASSGTSYNEQFF', 'CASSIWEYNEQFF', 'CASSLATKSYNEQFF', 'CASSLGPGYNEQFF', 'CASSLITDYNEQFF', 'CASSLKQAYNEQFF', 'CASSLPGIYNEQFF', 'CASSLPRDYNEQFF', 'CASSLPTAYNEQFF', 'CASSLTGRLYNEQFF', 'CASSLTSSYNEQFF', 'CASSLTSYNEQFF', 'CASSLWTGYNEQFF', 'CASSNQGAYNEQFF', 'CASSRRDACNEQFF', 'CASSSDPYNEQFF', 'CASSSWDGYNEQFF']	['TRBV12-1*01', 'TRBV12-1*01', 'TRBV12-1*01', 'TRBV12-1*01', 'TRBV12-1*01', 'TRBV12-1*01', 'TRBV12-1*01', 'TRBV12-1*01', 'TRBV12-1*01', 'TRBV12-1*01', 'TRBV12-1*01', 'TRBV12-1*01', 'TRBV12-1*01', 'TRBV12-1*01', 'TRBV12-1*01', 'TRBV12-1*01', 'TRBV12-1*01', 'TRBV12-1*01', 'TRBV12-1*01', 'TRBV12-1*01', 'TRBV12-1*01', 'TRBV12-1*01', 'TRBV12-1*01', 'TRBV12-1*01', 'TRBV12-1*01']	['TRBJ2-1*01', 'TRBJ2-1*01', 'TRBJ2-1*01', 'TRBJ2-1*01', 'TRBJ2-1*01', 'TRBJ2-1*01', 'TRBJ2-1*01', 'TRBJ2-1*01', 'TRBJ2-1*01', 'TRBJ2-1*01', 'TRBJ2-1*01', 'TRBJ2-1*01', 'TRBJ2-1*01', 'TRBJ2-1*01', 'TRBJ2-1*01', 'TRBJ2-1*01', 'TRBJ2-1*01', 'TRBJ2-1*01', 'TRBJ2-1*01', 'TRBJ2-1*01', 'TRBJ2-1*01', 'TRBJ2-1*01', 'TRBJ2-1*01', 'TRBJ2-1*01', 'TRBJ2-1*01']	(S[LFP][TV][DK]?[ALS]?YNEQ)	5	40	33.66536602167716	0.012024048096192385	0.00017486035542546715	57.303097982271254	69.58842813749295	286.1548915995196	1624.660400381572	3	1
187	CASSFGQGTDTQYF	TRBV12-1*01	TRBJ2-3*01	1.3526445863496886e-07	36	4	139	0.0030353030277275247	198244	0.0007011561510058313	1.5310945237825735e-08	493	0.01002004008016032	0.01002004008016032	5.0595487577440525e-06	1980.4216857924	2000.456318239692	1337.9521636681245	[3, 164, 187, 188]	['CASGRGGTDTQYF', 'CASSLGGTDTQYF', 'CASSFGQGTDTQYF', 'CASSFWQGETQYF']	[11355, 12177, 12189, 12216, 12273, 12282, 12283, 12285, 12302, 12315, 12329, 12331, 12341, 12342, 12343, 12351, 12356, 12360, 12369, 12402, 12431, 12437, 12438, 12443, 12453, 12454, 12455, 12471, 12474, 12477, 12481, 12482, 12484, 12488, 12490, 12491, 12492, 12493, 12496, 12497, 12505, 12507, 12509, 12514, 12515, 12516, 12517, 12519, 12520, 12523, 12529, 12545, 12547, 12549, 12551, 12560, 12572, 12573, 12577, 12580, 12582, 12596, 12600, 12605, 12611, 12619, 12627, 12632, 12634, 12636, 12637, 12651, 12655, 12656, 12657, 12661, 12682, 12683, 12684, 12698, 12707, 12721, 12728, 12738, 12754, 12773, 12793, 12812, 12818, 12832, 12867, 12868, 12871, 12873, 12875, 12876, 12879, 12881, 12894, 12905, 12927, 12948, 12953, 12954, 12958, 12967, 12988, 12995, 12996, 13003, 13060, 13066, 13079, 13104, 13434, 13493, 13534, 13541, 13546, 13548, 13551, 13562, 13563, 13573, 13577, 13578, 13580, 13588, 13595, 13667, 13716, 13733, 13771, 13839, 14034, 14059, 14123, 14819, 14847]	['CASSFGQGVVDEQFF', 'CASGIGGTDTQYF', 'CASKGGRGTDTQYF', 'CASPPGGTDTQYF', 'CASRTGGTDTQYF', 'CASSAGQGRSTDTQYF', 'CASSAGQGYTQYF', 'CASSALEGTDTQYF', 'CASSCGQGGCTDTQYF', 'CASSCQGADTQYF', 'CASSEDRGTDTQYF', 'CASSEGGKDTQYF', 'CASSFAAGDTQYF', 'CASSFAAGGGTDTQYF', 'CASSFAAGSDTQYF', 'CASSFAGGDTQYF', 'CASSFAGQESDTQYF', 'CASSFAHGLDTQYF', 'CASSFALETDTQYF', 'CASSFARRGQGTDTQYF', 'CASSFDGGGTDTQYF', 'CASSFDPGNTDTQYF', 'CASSFDPGTTDTQYF', 'CASSFDRGRTDTQYF', 'CASSFEGADTQYF', 'CASSFEGDDTDTQYF', 'CASSFEGHLTDTQYF', 'CASSFFGRGTDTQYF', 'CASSFGADTQYF', 'CASSFGAWGTDTQYF', 'CASSFGDRDTDTQYF', 'CASSFGDRFTDTQYF', 'CASSFGEPTDTQYF', 'CASSFGGGGPDTQYF', 'CASSFGGGKDTQYF', 'CASSFGGGLTDTQYF', 'CASSFGGGSTDTQYF', 'CASSFGGLADTQYF', 'CASSFGGPDTQYF', 'CASSFGGQADTQYF', 'CASSFGLADTQYF', 'CASSFGMGRHTQYF', 'CASSFGPASTDTQYF', 'CASSFGQDRKTDTQYF', 'CASSFGQGIDTQYF', 'CASSFGQPDCTDTQYF', 'CASSFGQRTDTQYF', 'CASSFGRGGVTQYF', 'CASSFGRGRYTQYF', 'CASSFGRQGGDTQYF', 'CASSFGTDTQYF', 'CASSFLGGGTDTQYF', 'CASSFLGVDTQYF', 'CASSFLQGDLTDTQYF', 'CASSFLRSTDTQYF', 'CASSFPGGRDTQYF', 'CASSFPVQGKDTQYF', 'CASSFQKGRDTQYF', 'CASSFRAQGTDTQYF', 'CASSFREGDTQYF', 'CASSFRGKTDTQYF', 'CASSFRTDTQYF', 'CASSFSGTDTQYF', 'CASSFSRGTDTQYF', 'CASSFTDTQYF', 'CASSFTTGTDTQYF', 'CASSFVGADTQYF', 'CASSFVGGKTDTQYF', 'CASSFVGPLTDTQYF', 'CASSFVGRGTDTQYF', 'CASSFVGRVTDTQYF', 'CASSFVQGASTDTQYF', 'CASSFVRQGTDTQYF', 'CASSFVRQTDTQYF', 'CASSFVRRTDTQYF', 'CASSFVSTDTQYF', 'CASSGGGGGDTQYF', 'CASSGGQGGSTDTQYF', 'CASSGGRGPTDTQYF', 'CASSGQCTDTQYF', 'CASSGTGGTDTQYF', 'CASSIGTVTDTQYF', 'CASSIRAGTDTQYF', 'CASSKGSSTDTQYF', 'CASSLAGTDTQYF', 'CASSLGGQDTQYF', 'CASSLLAGTDTQYF', 'CASSLQSTDTQYF', 'CASSLRGTDTQYF', 'CASSLTGTDTQYF', 'CASSPGCTDTQYF', 'CASSPGDSTDTQYF', 'CASSPGGTDTQYF', 'CASSPGQDTQYF', 'CASSPGQGTDTQYF', 'CASSPGSTDTQYF', 'CASSPGTDTQYF', 'CASSPGVNTDTQYF', 'CASSPLRGTDTQYF', 'CASSPRQGPDTQYF', 'CASSQGTDTQYF', 'CASSRGQTDTQYF', 'CASSRGTDTQYF', 'CASSRGVSTDTQYF', 'CASSRLAGTDTQYF', 'CASSRPVGQGTDTQYF', 'CASSSGATDTQYF', 'CASSSGSSTDTQYF', 'CASSSGTDTDTQYF', 'CASSSLAGTDTQYF', 'CASSTTGTGTDTQYF', 'CASSVLGAGTDTQYF', 'CASSVTGTDTQYF', 'CASSYRGSDTQYF', 'CASSFARGTETQYF', 'CASSFEGQETQYF', 'CASSFGEGDTTQYF', 'CASSFGGEGQETQYF', 'CASSFGGPGTQYF', 'CASSFGGQETQYF', 'CASSFGGTETQYF', 'CASSFGLGGETQYF', 'CASSFGLQGGETQYF', 'CASSFGPGTETQYF', 'CASSFGQGCPETQYF', 'CASSFGQGRETQYF', 'CASSFGQLETQYF', 'CASSFGRGSQETQYF', 'CASSFGSGGETQYF', 'CASSFREGETQYF', 'CASSFVGTETQYF', 'CASSFVQGETQYF', 'CASSGGRGTETQYF', 'CASSKGQGGETQYF', 'CASSQGEGETQYF', 'CASSRGQGEETQYF', 'CASSSGQGVETQYF', 'CASSFGAGRDEQYF', 'CASSFGGTSEQYF']	['TRBV12-1*01', 'TRBV12-1*01', 'TRBV12-1*01', 'TRBV12-1*01', 'TRBV12-1*01', 'TRBV12-1*01', 'TRBV12-1*01', 'TRBV12-1*01', 'TRBV12-1*01', 'TRBV12-1*01', 'TRBV12-1*01', 'TRBV12-1*01', 'TRBV12-1*01', 'TRBV12-1*01', 'TRBV12-1*01', 'TRBV12-1*01', 'TRBV12-1*01', 'TRBV12-1*01', 'TRBV12-1*01', 'TRBV12-1*01', 'TRBV12-1*01', 'TRBV12-1*01', 'TRBV12-1*01', 'TRBV12-1*01', 'TRBV12-1*01', 'TRBV12-1*01', 'TRBV12-1*01', 'TRBV12-1*01', 'TRBV12-1*01', 'TRBV12-1*01', 'TRBV12-1*01', 'TRBV12-1*01', 'TRBV12-1*01', 'TRBV12-1*01', 'TRBV12-1*01', 'TRBV12-1*01', 'TRBV12-1*01', 'TRBV12-1*01', 'TRBV12-1*01', 'TRBV12-1*01', 'TRBV12-1*01', 'TRBV12-1*01', 'TRBV12-1*01', 'TRBV12-1*01', 'TRBV12-1*01', 'TRBV12-1*01', 'TRBV12-1*01', 'TRBV12-1*01', 'TRBV12-1*01', 'TRBV12-1*01', 'TRBV12-1*01', 'TRBV12-1*01', 'TRBV12-1*01', 'TRBV12-1*01', 'TRBV12-1*01', 'TRBV12-1*01', 'TRBV12-1*01', 'TRBV12-1*01', 'TRBV12-1*01', 'TRBV12-1*01', 'TRBV12-1*01', 'TRBV12-1*01', 'TRBV12-1*01', 'TRBV12-1*01', 'TRBV12-1*01', 'TRBV12-1*01', 'TRBV12-1*01', 'TRBV12-1*01', 'TRBV12-1*01', 'TRBV12-1*01', 'TRBV12-1*01', 'TRBV12-1*01', 'TRBV12-1*01', 'TRBV12-1*01', 'TRBV12-1*01', 'TRBV12-1*01', 'TRBV12-1*01', 'TRBV12-1*01', 'TRBV12-1*01', 'TRBV12-1*01', 'TRBV12-1*01', 'TRBV12-1*01', 'TRBV12-1*01', 'TRBV12-1*01', 'TRBV12-1*01', 'TRBV12-1*01', 'TRBV12-1*01', 'TRBV12-1*01', 'TRBV12-1*01', 'TRBV12-1*01', 'TRBV12-1*01', 'TRBV12-1*01', 'TRBV12-1*01', 'TRBV12-1*01', 'TRBV12-1*01', 'TRBV12-1*01', 'TRBV12-1*01', 'TRBV12-1*01', 'TRBV12-1*01', 'TRBV12-1*01', 'TRBV12-1*01', 'TRBV12-1*01', 'TRBV12-1*01', 'TRBV12-1*01', 'TRBV12-1*01', 'TRBV12-1*01', 'TRBV12-1*01', 'TRBV12-1*01', 'TRBV12-1*01', 'TRBV12-1*01', 'TRBV12-1*01', 'TRBV12-1*01', 'TRBV12-1*01', 'TRBV12-1*01', 'TRBV12-1*01', 'TRBV12-1*01', 'TRBV12-1*01', 'TRBV12-1*01', 'TRBV12-1*01', 'TRBV12-1*01', 'TRBV12-1*01', 'TRBV12-1*01', 'TRBV12-1*01', 'TRBV12-1*01', 'TRBV12-1*01', 'TRBV12-1*01', 'TRBV12-1*01', 'TRBV12-1*01', 'TRBV12-1*01', 'TRBV12-1*01', 'TRBV12-1*01', 'TRBV12-1*01', 'TRBV12-1*01', 'TRBV12-1*01', 'TRBV12-1*01', 'TRBV12-1*01', 'TRBV12-1*01', 'TRBV12-1*01', 'TRBV12-1*01']	['TRBJ2-1*01', 'TRBJ2-3*01', 'TRBJ2-3*01', 'TRBJ2-3*01', 'TRBJ2-3*01', 'TRBJ2-3*01', 'TRBJ2-3*01', 'TRBJ2-3*01', 'TRBJ2-3*01', 'TRBJ2-3*01', 'TRBJ2-3*01', 'TRBJ2-3*01', 'TRBJ2-3*01', 'TRBJ2-3*01', 'TRBJ2-3*01', 'TRBJ2-3*01', 'TRBJ2-3*01', 'TRBJ2-3*01', 'TRBJ2-3*01', 'TRBJ2-3*01', 'TRBJ2-3*01', 'TRBJ2-3*01', 'TRBJ2-3*01', 'TRBJ2-3*01', 'TRBJ2-3*01', 'TRBJ2-3*01', 'TRBJ2-3*01', 'TRBJ2-3*01', 'TRBJ2-3*01', 'TRBJ2-3*01', 'TRBJ2-3*01', 'TRBJ2-3*01', 'TRBJ2-3*01', 'TRBJ2-3*01', 'TRBJ2-3*01', 'TRBJ2-3*01', 'TRBJ2-3*01', 'TRBJ2-3*01', 'TRBJ2-3*01', 'TRBJ2-3*01', 'TRBJ2-3*01', 'TRBJ2-3*01', 'TRBJ2-3*01', 'TRBJ2-3*01', 'TRBJ2-3*01', 'TRBJ2-3*01', 'TRBJ2-3*01', 'TRBJ2-3*01', 'TRBJ2-3*01', 'TRBJ2-3*01', 'TRBJ2-3*01', 'TRBJ2-3*01', 'TRBJ2-3*01', 'TRBJ2-3*01', 'TRBJ2-3*01', 'TRBJ2-3*01', 'TRBJ2-3*01', 'TRBJ2-3*01', 'TRBJ2-3*01', 'TRBJ2-3*01', 'TRBJ2-3*01', 'TRBJ2-3*01', 'TRBJ2-3*01', 'TRBJ2-3*01', 'TRBJ2-3*01', 'TRBJ2-3*01', 'TRBJ2-3*01', 'TRBJ2-3*01', 'TRBJ2-3*01', 'TRBJ2-3*01', 'TRBJ2-3*01', 'TRBJ2-3*01', 'TRBJ2-3*01', 'TRBJ2-3*01', 'TRBJ2-3*01', 'TRBJ2-3*01', 'TRBJ2-3*01', 'TRBJ2-3*01', 'TRBJ2-3*01', 'TRBJ2-3*01', 'TRBJ2-3*01', 'TRBJ2-3*01', 'TRBJ2-3*01', 'TRBJ2-3*01', 'TRBJ2-3*01', 'TRBJ2-3*01', 'TRBJ2-3*01', 'TRBJ2-3*01', 'TRBJ2-3*01', 'TRBJ2-3*01', 'TRBJ2-3*01', 'TRBJ2-3*01', 'TRBJ2-3*01', 'TRBJ2-3*01', 'TRBJ2-3*01', 'TRBJ2-3*01', 'TRBJ2-3*01', 'TRBJ2-3*01', 'TRBJ2-3*01', 'TRBJ2-3*01', 'TRBJ2-3*01', 'TRBJ2-3*01', 'TRBJ2-3*01', 'TRBJ2-3*01', 'TRBJ2-3*01', 'TRBJ2-3*01', 'TRBJ2-3*01', 'TRBJ2-3*01', 'TRBJ2-3*01', 'TRBJ2-3*01', 'TRBJ2-3*01', 'TRBJ2-3*01', 'TRBJ2-3*01', 'TRBJ2-3*01', 'TRBJ2-5*01', 'TRBJ2-5*01', 'TRBJ2-5*01', 'TRBJ2-5*01', 'TRBJ2-5*01', 'TRBJ2-5*01', 'TRBJ2-5*01', 'TRBJ2-5*01', 'TRBJ2-5*01', 'TRBJ2-5*01', 'TRBJ2-5*01', 'TRBJ2-5*01', 'TRBJ2-5*01', 'TRBJ2-5*01', 'TRBJ2-5*01', 'TRBJ2-5*01', 'TRBJ2-5*01', 'TRBJ2-5*01', 'TRBJ2-5*01', 'TRBJ2-5*01', 'TRBJ2-5*01', 'TRBJ2-5*01', 'TRBJ2-5*01', 'TRBJ2-7*01', 'TRBJ2-7*01']	([GS][RLF][GW][Q]?G[T]?[DE]TQ)	8	138	108.16006882758093	0.018036072144288574	0.0005506293636571781	18.19743141486148	33.33863856495629	227.53868727511653	1565.490850943241	3	1
164	CASSLGGTDTQYF	TRBV12-1*01	TRBJ2-3*01	2.521441196742324e-06	36	4	173	0.0036945526769324977	198244	0.0008726619721151713	1.8636390896735832e-08	493	0.01002004008016032	0.01002004008016032	5.0628741698542844e-06	1979.1208993149262	1999.1423659071827	1337.8042636907567	[3, 164, 187, 456]	['CASGRGGTDTQYF', 'CASSLGGTDTQYF', 'CASSFGQGTDTQYF', 'CASSLGGHWADTQYF']	[11948, 12171, 12177, 12179, 12186, 12187, 12189, 12216, 12242, 12273, 12285, 12292, 12297, 12299, 12311, 12315, 12319, 12321, 12329, 12331, 12337, 12351, 12431, 12453, 12474, 12477, 12484, 12490, 12491, 12492, 12493, 12496, 12497, 12505, 12515, 12517, 12529, 12545, 12547, 12560, 12582, 12596, 12600, 12605, 12611, 12619, 12627, 12661, 12681, 12682, 12689, 12691, 12698, 12702, 12707, 12711, 12716, 12721, 12728, 12738, 12752, 12753, 12754, 12757, 12758, 12759, 12760, 12762, 12765, 12766, 12770, 12773, 12774, 12778, 12780, 12785, 12793, 12812, 12818, 12823, 12832, 12834, 12838, 12842, 12843, 12845, 12850, 12851, 12867, 12868, 12871, 12873, 12875, 12876, 12879, 12880, 12881, 12882, 12894, 12902, 12903, 12908, 12921, 12923, 12924, 12927, 12936, 12945, 12946, 12948, 12950, 12953, 12954, 12958, 12973, 12985, 12988, 12995, 12996, 13003, 13019, 13021, 13034, 13049, 13050, 13059, 13079, 13090, 13104, 13117, 13119, 13310, 13542, 13546, 13548, 13551, 13554, 13573, 13716, 13771, 13816, 13823, 13878, 13879, 13882, 13884, 13885, 13887, 13889, 13894, 13896, 13910, 13939, 13941, 13943, 13987, 13988, 14052, 14114, 14118, 14178, 14245, 14567, 14847, 15109, 15259, 15264, 15265, 15266, 15267, 15275, 15313, 15503]	['CASSYSGTDEQFF', 'CASELGGHTDTQYF', 'CASGIGGTDTQYF', 'CASGTSGGTDTQYF', 'CASIAGTDTQYF', 'CASKEGTDTQYF', 'CASKGGRGTDTQYF', 'CASPPGGTDTQYF', 'CASRGRGGTDTQYF', 'CASRTGGTDTQYF', 'CASSALEGTDTQYF', 'CASSARGIDTQYF', 'CASSASRTDTQYF', 'CASSAVLTDTQYF', 'CASSCMTGGTDTQYF', 'CASSCQGADTQYF', 'CASSCWGDTQYF', 'CASSDACTDTQYF', 'CASSEDRGTDTQYF', 'CASSEGGKDTQYF', 'CASSERSTDTQYF', 'CASSFAGGDTQYF', 'CASSFDGGGTDTQYF', 'CASSFEGADTQYF', 'CASSFGADTQYF', 'CASSFGAWGTDTQYF', 'CASSFGEPTDTQYF', 'CASSFGGGKDTQYF', 'CASSFGGGLTDTQYF', 'CASSFGGGSTDTQYF', 'CASSFGGLADTQYF', 'CASSFGGPDTQYF', 'CASSFGGQADTQYF', 'CASSFGLADTQYF', 'CASSFGQGIDTQYF', 'CASSFGQRTDTQYF', 'CASSFGTDTQYF', 'CASSFLGGGTDTQYF', 'CASSFLGVDTQYF', 'CASSFPGGRDTQYF', 'CASSFRGKTDTQYF', 'CASSFRTDTQYF', 'CASSFSGTDTQYF', 'CASSFSRGTDTQYF', 'CASSFTDTQYF', 'CASSFTTGTDTQYF', 'CASSFVGADTQYF', 'CASSFVSTDTQYF', 'CASSGGGAPDTQYF', 'CASSGGGGGDTQYF', 'CASSGLLGGTDTQYF', 'CASSGLTDTQYF', 'CASSGQCTDTQYF', 'CASSGQGRTDTQYF', 'CASSGTGGTDTQYF', 'CASSGVGSDTQYF', 'CASSHRGSTDTQYF', 'CASSIGTVTDTQYF', 'CASSIRAGTDTQYF', 'CASSKGSSTDTQYF', 'CASSLAEQTDTQYF', 'CASSLAGGSDTQYF', 'CASSLAGTDTQYF', 'CASSLDADTQYF', 'CASSLDGGRDTQYF', 'CASSLDREGTDTQYF', 'CASSLDRGADTQYF', 'CASSLEQDTQYF', 'CASSLFEGVDTQYF', 'CASSLFGAYDTQYF', 'CASSLGAPDTQYF', 'CASSLGGQDTQYF', 'CASSLGLAGADTQYF', 'CASSLGRPDTQYF', 'CASSLGTYSDTQYF', 'CASSLIAGDTQYF', 'CASSLLAGTDTQYF', 'CASSLQSTDTQYF', 'CASSLRGTDTQYF', 'CASSLRSTDTQYF', 'CASSLTGTDTQYF', 'CASSLTRGDTQYF', 'CASSLTTADTQYF', 'CASSLWGSDTQYF', 'CASSMDWTDTQYF', 'CASSMTATDTQYF', 'CASSNGNRDTQYF', 'CASSNGSDTQYF', 'CASSPGCTDTQYF', 'CASSPGDSTDTQYF', 'CASSPGGTDTQYF', 'CASSPGQDTQYF', 'CASSPGQGTDTQYF', 'CASSPGSTDTQYF', 'CASSPGTDTQYF', 'CASSPGVEDTQYF', 'CASSPGVNTDTQYF', 'CASSPGVPDTQYF', 'CASSPLRGTDTQYF', 'CASSPRGEDTQYF', 'CASSPRGRDTQYF', 'CASSPSGDTQYF', 'CASSQAGNTDTQYF', 'CASSQDRTDTQYF', 'CASSQGIDTQYF', 'CASSQGTDTQYF', 'CASSQTGRDTQYF', 'CASSRDTDTQYF', 'CASSRGGRADTQYF', 'CASSRGQTDTQYF', 'CASSRGSADTQYF', 'CASSRGTDTQYF', 'CASSRGVSTDTQYF', 'CASSRLAGTDTQYF', 'CASSRRTDTQYF', 'CASSSDSTDTQYF', 'CASSSGATDTQYF', 'CASSSGSSTDTQYF', 'CASSSGTDTDTQYF', 'CASSSLAGTDTQYF', 'CASSSRGADTQYF', 'CASSSRGPDTQYF', 'CASSSTDTQYF', 'CASSTGRSDTQYF', 'CASSTGSTADTQYF', 'CASSTTGATDTQYF', 'CASSVTGTDTQYF', 'CASSWRGGDTQYF', 'CASSYRGSDTQYF', 'CASVEGGCTDTQYF', 'CASVGGRTDTQYF', 'CASSCGGRETQYF', 'CASSFGGETQYF', 'CASSFGGPGTQYF', 'CASSFGGQETQYF', 'CASSFGGTETQYF', 'CASSFGGTPETQYF', 'CASSFGPGTETQYF', 'CASSFVGTETQYF', 'CASSGGRGTETQYF', 'CASSHGGKTQYF', 'CASSIGRQETQYF', 'CASSLGETQYF', 'CASSLGFKETQYF', 'CASSLGGRETQYF', 'CASSLGILGTQYF', 'CASSLGLLETQYF', 'CASSLGPGETQYF', 'CASSLGRSETQYF', 'CASSLGVEETQYF', 'CASSLGWGAETQYF', 'CASSLPGQTQYF', 'CASSLTGETQYF', 'CASSLTGGRTQYF', 'CASSLTGTQETQYF', 'CASSPGGDETQYF', 'CASSPGGEETQYF', 'CASSRGGETQYF', 'CASSSGGGETQYF', 'CASSSGGSWTQYF', 'CASSTGGRETQYF', 'CASSYGGQTQYF', 'CASSDGTDEQYF', 'CASSFGGTSEQYF', 'CASSGGGADEQYF', 'CASSLGADEQYF', 'CASSLGGGKEQYF', 'CASSLGGGYEQYF', 'CASSLGGNEQYF', 'CASSLGGTGEQYF', 'CASSLGSFDEQYF', 'CASSLQGTYEQYF', 'CASSQGTDEQYF']	['TRBV12-1*01', 'TRBV12-1*01', 'TRBV12-1*01', 'TRBV12-1*01', 'TRBV12-1*01', 'TRBV12-1*01', 'TRBV12-1*01', 'TRBV12-1*01', 'TRBV12-1*01', 'TRBV12-1*01', 'TRBV12-1*01', 'TRBV12-1*01', 'TRBV12-1*01', 'TRBV12-1*01', 'TRBV12-1*01', 'TRBV12-1*01', 'TRBV12-1*01', 'TRBV12-1*01', 'TRBV12-1*01', 'TRBV12-1*01', 'TRBV12-1*01', 'TRBV12-1*01', 'TRBV12-1*01', 'TRBV12-1*01', 'TRBV12-1*01', 'TRBV12-1*01', 'TRBV12-1*01', 'TRBV12-1*01', 'TRBV12-1*01', 'TRBV12-1*01', 'TRBV12-1*01', 'TRBV12-1*01', 'TRBV12-1*01', 'TRBV12-1*01', 'TRBV12-1*01', 'TRBV12-1*01', 'TRBV12-1*01', 'TRBV12-1*01', 'TRBV12-1*01', 'TRBV12-1*01', 'TRBV12-1*01', 'TRBV12-1*01', 'TRBV12-1*01', 'TRBV12-1*01', 'TRBV12-1*01', 'TRBV12-1*01', 'TRBV12-1*01', 'TRBV12-1*01', 'TRBV12-1*01', 'TRBV12-1*01', 'TRBV12-1*01', 'TRBV12-1*01', 'TRBV12-1*01', 'TRBV12-1*01', 'TRBV12-1*01', 'TRBV12-1*01', 'TRBV12-1*01', 'TRBV12-1*01', 'TRBV12-1*01', 'TRBV12-1*01', 'TRBV12-1*01', 'TRBV12-1*01', 'TRBV12-1*01', 'TRBV12-1*01', 'TRBV12-1*01', 'TRBV12-1*01', 'TRBV12-1*01', 'TRBV12-1*01', 'TRBV12-1*01', 'TRBV12-1*01', 'TRBV12-1*01', 'TRBV12-1*01', 'TRBV12-1*01', 'TRBV12-1*01', 'TRBV12-1*01', 'TRBV12-1*01', 'TRBV12-1*01', 'TRBV12-1*01', 'TRBV12-1*01', 'TRBV12-1*01', 'TRBV12-1*01', 'TRBV12-1*01', 'TRBV12-1*01', 'TRBV12-1*01', 'TRBV12-1*01', 'TRBV12-1*01', 'TRBV12-1*01', 'TRBV12-1*01', 'TRBV12-1*01', 'TRBV12-1*01', 'TRBV12-1*01', 'TRBV12-1*01', 'TRBV12-1*01', 'TRBV12-1*01', 'TRBV12-1*01', 'TRBV12-1*01', 'TRBV12-1*01', 'TRBV12-1*01', 'TRBV12-1*01', 'TRBV12-1*01', 'TRBV12-1*01', 'TRBV12-1*01', 'TRBV12-1*01', 'TRBV12-1*01', 'TRBV12-1*01', 'TRBV12-1*01', 'TRBV12-1*01', 'TRBV12-1*01', 'TRBV12-1*01', 'TRBV12-1*01', 'TRBV12-1*01', 'TRBV12-1*01', 'TRBV12-1*01', 'TRBV12-1*01', 'TRBV12-1*01', 'TRBV12-1*01', 'TRBV12-1*01', 'TRBV12-1*01', 'TRBV12-1*01', 'TRBV12-1*01', 'TRBV12-1*01', 'TRBV12-1*01', 'TRBV12-1*01', 'TRBV12-1*01', 'TRBV12-1*01', 'TRBV12-1*01', 'TRBV12-1*01', 'TRBV12-1*01', 'TRBV12-1*01', 'TRBV12-1*01', 'TRBV12-1*01', 'TRBV12-1*01', 'TRBV12-1*01', 'TRBV12-1*01', 'TRBV12-1*01', 'TRBV12-1*01', 'TRBV12-1*01', 'TRBV12-1*01', 'TRBV12-1*01', 'TRBV12-1*01', 'TRBV12-1*01', 'TRBV12-1*01', 'TRBV12-1*01', 'TRBV12-1*01', 'TRBV12-1*01', 'TRBV12-1*01', 'TRBV12-1*01', 'TRBV12-1*01', 'TRBV12-1*01', 'TRBV12-1*01', 'TRBV12-1*01', 'TRBV12-1*01', 'TRBV12-1*01', 'TRBV12-1*01', 'TRBV12-1*01', 'TRBV12-1*01', 'TRBV12-1*01', 'TRBV12-1*01', 'TRBV12-1*01', 'TRBV12-1*01', 'TRBV12-1*01', 'TRBV12-1*01', 'TRBV12-1*01', 'TRBV12-1*01', 'TRBV12-1*01', 'TRBV12-1*01', 'TRBV12-1*01', 'TRBV12-1*01', 'TRBV12-1*01', 'TRBV12-1*01', 'TRBV12-1*01', 'TRBV12-1*01', 'TRBV12-1*01']	['TRBJ2-1*01', 'TRBJ2-3*01', 'TRBJ2-3*01', 'TRBJ2-3*01', 'TRBJ2-3*01', 'TRBJ2-3*01', 'TRBJ2-3*01', 'TRBJ2-3*01', 'TRBJ2-3*01', 'TRBJ2-3*01', 'TRBJ2-3*01', 'TRBJ2-3*01', 'TRBJ2-3*01', 'TRBJ2-3*01', 'TRBJ2-3*01', 'TRBJ2-3*01', 'TRBJ2-3*01', 'TRBJ2-3*01', 'TRBJ2-3*01', 'TRBJ2-3*01', 'TRBJ2-3*01', 'TRBJ2-3*01', 'TRBJ2-3*01', 'TRBJ2-3*01', 'TRBJ2-3*01', 'TRBJ2-3*01', 'TRBJ2-3*01', 'TRBJ2-3*01', 'TRBJ2-3*01', 'TRBJ2-3*01', 'TRBJ2-3*01', 'TRBJ2-3*01', 'TRBJ2-3*01', 'TRBJ2-3*01', 'TRBJ2-3*01', 'TRBJ2-3*01', 'TRBJ2-3*01', 'TRBJ2-3*01', 'TRBJ2-3*01', 'TRBJ2-3*01', 'TRBJ2-3*01', 'TRBJ2-3*01', 'TRBJ2-3*01', 'TRBJ2-3*01', 'TRBJ2-3*01', 'TRBJ2-3*01', 'TRBJ2-3*01', 'TRBJ2-3*01', 'TRBJ2-3*01', 'TRBJ2-3*01', 'TRBJ2-3*01', 'TRBJ2-3*01', 'TRBJ2-3*01', 'TRBJ2-3*01', 'TRBJ2-3*01', 'TRBJ2-3*01', 'TRBJ2-3*01', 'TRBJ2-3*01', 'TRBJ2-3*01', 'TRBJ2-3*01', 'TRBJ2-3*01', 'TRBJ2-3*01', 'TRBJ2-3*01', 'TRBJ2-3*01', 'TRBJ2-3*01', 'TRBJ2-3*01', 'TRBJ2-3*01', 'TRBJ2-3*01', 'TRBJ2-3*01', 'TRBJ2-3*01', 'TRBJ2-3*01', 'TRBJ2-3*01', 'TRBJ2-3*01', 'TRBJ2-3*01', 'TRBJ2-3*01', 'TRBJ2-3*01', 'TRBJ2-3*01', 'TRBJ2-3*01', 'TRBJ2-3*01', 'TRBJ2-3*01', 'TRBJ2-3*01', 'TRBJ2-3*01', 'TRBJ2-3*01', 'TRBJ2-3*01', 'TRBJ2-3*01', 'TRBJ2-3*01', 'TRBJ2-3*01', 'TRBJ2-3*01', 'TRBJ2-3*01', 'TRBJ2-3*01', 'TRBJ2-3*01', 'TRBJ2-3*01', 'TRBJ2-3*01', 'TRBJ2-3*01', 'TRBJ2-3*01', 'TRBJ2-3*01', 'TRBJ2-3*01', 'TRBJ2-3*01', 'TRBJ2-3*01', 'TRBJ2-3*01', 'TRBJ2-3*01', 'TRBJ2-3*01', 'TRBJ2-3*01', 'TRBJ2-3*01', 'TRBJ2-3*01', 'TRBJ2-3*01', 'TRBJ2-3*01', 'TRBJ2-3*01', 'TRBJ2-3*01', 'TRBJ2-3*01', 'TRBJ2-3*01', 'TRBJ2-3*01', 'TRBJ2-3*01', 'TRBJ2-3*01', 'TRBJ2-3*01', 'TRBJ2-3*01', 'TRBJ2-3*01', 'TRBJ2-3*01', 'TRBJ2-3*01', 'TRBJ2-3*01', 'TRBJ2-3*01', 'TRBJ2-3*01', 'TRBJ2-3*01', 'TRBJ2-3*01', 'TRBJ2-3*01', 'TRBJ2-3*01', 'TRBJ2-3*01', 'TRBJ2-3*01', 'TRBJ2-3*01', 'TRBJ2-3*01', 'TRBJ2-3*01', 'TRBJ2-5*01', 'TRBJ2-5*01', 'TRBJ2-5*01', 'TRBJ2-5*01', 'TRBJ2-5*01', 'TRBJ2-5*01', 'TRBJ2-5*01', 'TRBJ2-5*01', 'TRBJ2-5*01', 'TRBJ2-5*01', 'TRBJ2-5*01', 'TRBJ2-5*01', 'TRBJ2-5*01', 'TRBJ2-5*01', 'TRBJ2-5*01', 'TRBJ2-5*01', 'TRBJ2-5*01', 'TRBJ2-5*01', 'TRBJ2-5*01', 'TRBJ2-5*01', 'TRBJ2-5*01', 'TRBJ2-5*01', 'TRBJ2-5*01', 'TRBJ2-5*01', 'TRBJ2-5*01', 'TRBJ2-5*01', 'TRBJ2-5*01', 'TRBJ2-5*01', 'TRBJ2-5*01', 'TRBJ2-5*01', 'TRBJ2-5*01', 'TRBJ2-7*01', 'TRBJ2-7*01', 'TRBJ2-7*01', 'TRBJ2-7*01', 'TRBJ2-7*01', 'TRBJ2-7*01', 'TRBJ2-7*01', 'TRBJ2-7*01', 'TRBJ2-7*01', 'TRBJ2-7*01', 'TRBJ2-7*01']	([GS][RLF]GG[AT]DTQ)	2	66	48.54011916271785	0.006012024048096192	0.00024989214996881567	40.097458369183386	24.197941604301423	42.62905007574003	1380.433313766497	4	1
