index,subject,cell_type,v_b_gene,j_b_gene,cdr3_b_aa,cdr3_b_nucseq,epitope,age,sex,race,target_type,cohort,experiment,orf_coverage,epitope_sindex,epitope_eindex,hla-a,hla-a_1,hla-b,hla-b_1,hla-c,hla-c_1,dpa1,dpa1_1,dpb1,dpb1_1,dqa1,dqa1_1,dqb1,dqb1_1,drb1,drb1_1,drb3,drb3_1,drb4,drb4_1,drb5,drb5_1,valid_cdr3
94097,2162,PBMC,TRBV28*01,TRBJ1-5*01,CASSRRQLNQPQHF,CTGGAGTCCGCCAGCACCAACCAGACATCTATGTACCTCTGTGCCAGCAGCCGTCGACAGTTAAATCAGCCCCAGCATTTTGGTGAT,"ASQRVAGDSGFAAY,DSGFAAYSR,VAGDSGFAAY",79.0,F,,C19_cI,COVID-19-Convalescent,ePD79,membrane glycoprotein,27069,27116,A*02:01:01,A*02:02:01,B*07:02:01,B*41:01:01,C*07:02:01,C*17:01:01,DPA1*01:03:01,DPA1*01:03:01,DPB1*04:01:01,DPB1*104:01:01,DQA1*01:02:01,DQA1*03:03:01,DQB1*02:02:01,DQB1*06:02:01,DRB1*04:05:01,DRB1*15:01:01,,,DRB4*01:03:01,,DRB5*01:01:01,,True
94098,20655,naive_CD8,TRBV13*01,TRBJ1-4*01,CASSTGRPGEKLFF,ATGAGCTCCTTGGAGCTGGGGGACTCAGCCCTGTACTTCTGTGCCAGCAGCACGGGACGGCCGGGCGAAAAACTGTTTTTTGGCAGT,"ASQRVAGDSGFAAY,DSGFAAYSR,VAGDSGFAAY",41.0,M,White,C19_cI,Healthy (No known exposure),eAV93,membrane glycoprotein,27069,27116,A*11:01,A*68:01,B*35:01,B*35:03,C*03:03,C*04:01,DPA1*01:03,DPA1*02:02,DPB1*03:01,DPB1*04:01,DQA1*03:01,DQA1*03:03,DQB1*03:02,DQB1*04:02,DRB1*04:03,DRB1*04:10,,,DRB4*01:03,DRB4*01:03,,,True
94099,19855,naive_CD8,TRBV7-3*01,TRBJ2-7*01,CASSLYGTYEQYF,AAGATCCAGCGCACAGAGCGGGGGGACTCAGCCGTGTATCTCTGTGCCAGCAGCTTGTATGGAACCTACGAGCAGTACTTCGGGCCG,"ASQRVAGDSGFAAY,DSGFAAYSR,VAGDSGFAAY",31.0,M,White,C19_cI,Healthy (No known exposure),eAV91,membrane glycoprotein,27069,27116,A*03:01,A*68:01,B*07:02,B*51:01,C*05:01,C*07:02,DPA1*01:03,DPA1*01:03,DPB1*02:01,DPB1*04:01,DQA1*01:02,DQA1*01:03,DQB1*05:01,DQB1*06:02,DRB1*13:01,DRB1*15:01,DRB3*01:01,,,,,DRB5*01:01,True
94100,20655,naive_CD8,TRBV13*01,TRBJ2-3*01,CASSYGRPAPDTQYF,AGCTCCTTGGAGCTGGGGGACTCAGCCCTGTACTTCTGTGCCAGCAGCTACGGACGCCCGGCGCCAGATACGCAGTATTTTGGCCCA,"ASQRVAGDSGFAAY,DSGFAAYSR,VAGDSGFAAY",41.0,M,White,C19_cI,Healthy (No known exposure),eAV93,membrane glycoprotein,27069,27116,A*11:01,A*68:01,B*35:01,B*35:03,C*03:03,C*04:01,DPA1*01:03,DPA1*02:02,DPB1*03:01,DPB1*04:01,DQA1*03:01,DQA1*03:03,DQB1*03:02,DQB1*04:02,DRB1*04:03,DRB1*04:10,,,DRB4*01:03,DRB4*01:03,,,True
94101,1499,PBMC,TRBV11-2*01,TRBJ2-4*01,CASSPVGKNIQYF,AAGATCCAGCCTGCAAAGCTTGAGGACTCGGCCGTGTATCTCTGTGCCAGCAGCCCCGTCGGCAAAAACATTCAGTACTTCGGCGCC,"ASQRVAGDSGFAAY,DSGFAAYSR,VAGDSGFAAY",53.0,F,Asian,C19_cI,COVID-19-Convalescent,eQD128,membrane glycoprotein,27069,27116,,,,,,,,,,,,,,,,,,,,,,,True
94102,19617,naive_CD8,TRBV4-1*01,TRBJ1-4*01,CASSHGTPNEKLFF,CTACACGCCCTGCAGCCAGAAGACTCAGCCCTGTATCTCTGCGCCAGCAGCCACGGGACGCCCAATGAAAAACTGTTTTTTGGCAGT,"ASQRVAGDSGFAAY,DSGFAAYSR,VAGDSGFAAY",21.0,F,White,C19_cI,Healthy (No known exposure),eEE226,membrane glycoprotein,27069,27116,A*01:01,A*02:01,B*35:02,B*39:01,C*04:01,C*07:02,DPA1*01:03,DPA1*01:03,DPB1*02:01,D PB1*04:02,DQA1*04:01,DQA1*05:05,DQB1*03:01,DQB1*04:02,DRB1*08:01,DRB1*11:04,DRB3*02:02,,,,,,True
94103,19830,naive_CD8,TRBV4-1*01,TRBJ2-2*01,CASSQATGPGYGELFF,GCCCTGCAGCCAGAAGACTCAGCCCTGTATCTCTGCGCCAGCAGCCAAGCCACGGGACCTGGTTACGGGGAGCTGTTTTTTGGAGAA,"ASQRVAGDSGFAAY,DSGFAAYSR,VAGDSGFAAY",24.0,M,White,C19_cI,Healthy (No known exposure),eXL27,membrane glycoprotein,27069,27116,A*02:01,A*03:01,B*27:05,B*40:01,C*03:04,C*07:04,DPA1*01:03,DPA1*01:04,DPB1*02:01,DPB1*15:01,DQA1*03:01,DQA1*03:02,DQB1*03:02,DQB1*03:03,DRB1*04:04,DRB1*09:01,,,DRB4*01:03,DRB4*01:03,,,True
94104,19943,naive_CD8,TRBV5-1*01,TRBJ2-1*01,CASSSLAGGVGEQFF,AGCACCTTGGAGCTGGGGGACTCGGCCCTTTATCTTTGCGCCAGCAGCTCCCTAGCGGGAGGTGTCGGTGAGCAGTTCTTCGGGCCA,"ASQRVAGDSGFAAY,DSGFAAYSR,VAGDSGFAAY",45.0,M,White,C19_cI,Healthy (No known exposure),eEE228,membrane glycoprotein,27069,27116,A*02:01,A*02:01,B*35:03,B*44:02,C*04:01,C*05:01,DPA1*01:03,DPA1*02:01,DPB1*04:01,DPB1*11:01,DQA1*01:02,DQA1*05:05,DQB1*03:01,DQB1*06:02,DRB1*11:01,DRB1*15:01,DRB3*02:02,,,,,DRB5*01:01,True
94105,19617,naive_CD8,TRBV7-3*01,TRBJ2-2*01,CASSGTPNTGELFF,ATCCAGCGCACAGAGCGGGGGGACTCAGCCGTGTATCTCTGTGCCAGCAGCGGGACGCCAAACACCGGGGAGCTGTTTTTTGGAGAA,"ASQRVAGDSGFAAY,DSGFAAYSR,VAGDSGFAAY",21.0,F,White,C19_cI,Healthy (No known exposure),eXL30,membrane glycoprotein,27069,27116,A*01:01,A*02:01,B*35:02,B*39:01,C*04:01,C*07:02,DPA1*01:03,DPA1*01:03,DPB1*02:01,D PB1*04:02,DQA1*04:01,DQA1*05:05,DQB1*03:01,DQB1*04:02,DRB1*08:01,DRB1*11:04,DRB3*02:02,,,,,,True
94106,19943,naive_CD8,TRBV30*01,TRBJ2-7*01,CAWGDYEQYF,TTCATCCTGAGTTCTAAGAAGCTCCTTCTCAGTGACTCTGGCTTCTATCTCTGTGCCTGGGGAGACTACGAGCAGTACTTCGGGCCG,"ASQRVAGDSGFAAY,DSGFAAYSR,VAGDSGFAAY",45.0,M,White,C19_cI,Healthy (No known exposure),eEE228,membrane glycoprotein,27069,27116,A*02:01,A*02:01,B*35:03,B*44:02,C*04:01,C*05:01,DPA1*01:03,DPA1*02:01,DPB1*04:01,DPB1*11:01,DQA1*01:02,DQA1*05:05,DQB1*03:01,DQB1*06:02,DRB1*11:01,DRB1*15:01,DRB3*02:02,,,,,DRB5*01:01,True
94107,19617,naive_CD8,TRBV7-3*01,TRBJ2-1*01,CASSSSTSPGEQFF,ATCCAGCGCACAGAGCGGGGGGACTCAGCCGTGTATCTCTGTGCCAGCAGCTCTTCGACTAGCCCCGGTGAGCAGTTCTTCGGGCCA,"ASQRVAGDSGFAAY,DSGFAAYSR,VAGDSGFAAY",21.0,F,White,C19_cI,Healthy (No known exposure),eXL30,membrane glycoprotein,27069,27116,A*01:01,A*02:01,B*35:02,B*39:01,C*04:01,C*07:02,DPA1*01:03,DPA1*01:03,DPB1*02:01,D PB1*04:02,DQA1*04:01,DQA1*05:05,DQB1*03:01,DQB1*04:02,DRB1*08:01,DRB1*11:04,DRB3*02:02,,,,,,True
94108,4445,PBMC,TRBV11-2*01,TRBJ2-2*01,CASSSLAGELFF,CTCAAGATCCAACCTGCAAAGCTTGAGGACTCGGCCGTGTATCTCTGTGCCAGCAGCTCCTTAGCCGGGGAGCTGTTTTTTGGAGAA,"ASQRVAGDSGFAAY,DSGFAAYSR,VAGDSGFAAY",50.0,F,,C19_cI,COVID-19-Convalescent,eGK111,membrane glycoprotein,27069,27116,A*01:01:01,A*01:01:01,B*08:01:01,B*15:01:01,C*07:01:01,C*07:01:01,DPA1*01:03:01,DPA1*01:03:01,DPB1*04:01:01,DPB1*04:01:01,DQA1*01:02:01,DQA1*01:03:01,DQB1*06:02:01,DQB1*06:03:01,DRB1*13:01:01,DRB1*15:01:01,DRB3*02:02:01,,,,DRB5*01:01:01,,True
94109,3457,PBMC,TRBV7-9*01,TRBJ1-2*01,CASSLSGGPNYGYTF,CAGCGCACAGAGCAGGGGGACTCGGCCATGTATCTCTGTGCCAGCAGCTTATCCGGGGGACCTAACTATGGCTACACCTTCGGTTCG,"ASQRVAGDSGFAAY,DSGFAAYSR,VAGDSGFAAY",36.0,M,,C19_cI,COVID-19-Convalescent,eJL153,membrane glycoprotein,27069,27116,A*03:01:01,A*11:01:01,B*07:02:01,B*15:01:01,C*03:04:01,C*07:02:01,DPA1*01:03:01,DPA1*01:03:01,DPB1*04:01:01,DPB1*04:02:01,DQA1*01:02:01,DQA1*03:01:01,DQB1*03:02:01,DQB1*06:02:01,DRB1*04:01:01,DRB1*15:01:01,,,DRB4*01:03:01,,DRB5*01:01:01,,True
94110,466,PBMC,TRBV7-9*01,TRBJ2-2*01,CASSIAGGTGELFF,ATCCAGCGCACAGAGCAGGGGGACTCGGCCATGTATCTCTGTGCCAGCAGCATAGCGGGAGGCACCGGGGAGCTGTTTTTTGGAGAA,"ASQRVAGDSGFAAY,DSGFAAYSR,VAGDSGFAAY",33.0,M,White,C19_cI,COVID-19-Acute,eJL158,membrane glycoprotein,27069,27116,A*02:01:01,A*24:02:01,B*15:01:01,B*40:02:01,C*03:04:01,C*15:02:01,DPA1*01:03:01,DPA1*02:01:01,DPB1*04:01:01,DPB1*10:01:01,DQA1*03:01:01,DQA1*05:05:01,DQB1*03:01:01,DQB1*03:02:01,DRB1*04:01:01,DRB1*11:01:01,DRB3*02:02:01,,DRB4*01:03:01,,,,True
94111,466,PBMC,TRBV6-1*01,TRBJ1-5*01,CASSEMDRGYQPQHF,NTGTCGGCTGCTCCCTCCCAGACATCTGTGTACTTCTGTGCCAGCAGTGAAATGGACAGGGGTTATCAGCCCCAGCATTTTGGTGAT,"ASQRVAGDSGFAAY,DSGFAAYSR,VAGDSGFAAY",33.0,M,White,C19_cI,COVID-19-Acute,eJL158,membrane glycoprotein,27069,27116,A*02:01:01,A*24:02:01,B*15:01:01,B*40:02:01,C*03:04:01,C*15:02:01,DPA1*01:03:01,DPA1*02:01:01,DPB1*04:01:01,DPB1*10:01:01,DQA1*03:01:01,DQA1*05:05:01,DQB1*03:01:01,DQB1*03:02:01,DRB1*04:01:01,DRB1*11:01:01,DRB3*02:02:01,,DRB4*01:03:01,,,,True
94112,466,PBMC,TRBV28*01,TRBJ1-1*01,CASRRTVPLNTEAFF,GAGTCCGCCAGCACCAACCAGACATCTATGTACCTCTGTGCCAGCAGGAGGACAGTACCCCTTAACACTGAAGCTTTCTTTGGACAA,"ASQRVAGDSGFAAY,DSGFAAYSR,VAGDSGFAAY",33.0,M,White,C19_cI,COVID-19-Acute,eJL158,membrane glycoprotein,27069,27116,A*02:01:01,A*24:02:01,B*15:01:01,B*40:02:01,C*03:04:01,C*15:02:01,DPA1*01:03:01,DPA1*02:01:01,DPB1*04:01:01,DPB1*10:01:01,DQA1*03:01:01,DQA1*05:05:01,DQB1*03:01:01,DQB1*03:02:01,DRB1*04:01:01,DRB1*11:01:01,DRB3*02:02:01,,DRB4*01:03:01,,,,True
94113,466,PBMC,TRBV6-6*01,TRBJ2-1*01,CASSKLGGRAYNEQFF,TTGGCTGCTCCCTCCCAGACATCTGTGTACTTCTGTGCCAGCAGTAAACTTGGGGGGAGAGCATACAATGAGCAGTTCTTCGGGCCA,"ASQRVAGDSGFAAY,DSGFAAYSR,VAGDSGFAAY",33.0,M,White,C19_cI,COVID-19-B-Non-Acute,eJL164,membrane glycoprotein,27069,27116,,,,,,,,,,,,,,,,,,,,,,,True
94114,466,PBMC,TRBV21-1*01,TRBJ1-5*01,CASLIGGRLSNQPQHF,TCCACGGAGTCAGGGGACACAGCACTGTATTTCTGTGCCAGCCTGATTGGGGGGAGACTTAGCAATCAGCCCCAGCATTTTGGTGAT,"ASQRVAGDSGFAAY,DSGFAAYSR,VAGDSGFAAY",33.0,M,White,C19_cI,COVID-19-Acute,eJL158,membrane glycoprotein,27069,27116,A*02:01:01,A*24:02:01,B*15:01:01,B*40:02:01,C*03:04:01,C*15:02:01,DPA1*01:03:01,DPA1*02:01:01,DPB1*04:01:01,DPB1*10:01:01,DQA1*03:01:01,DQA1*05:05:01,DQB1*03:01:01,DQB1*03:02:01,DRB1*04:01:01,DRB1*11:01:01,DRB3*02:02:01,,DRB4*01:03:01,,,,True
94115,466,PBMC,TRBV27*01,TRBJ2-1*01,CASILRGRGSYNEQFF,TCGCCCAGCCCCAACCAGACCTCTCTGTACTTCTGTGCCAGCATTTTGAGAGGGAGGGGTTCCTACAATGAGCAGTTCTTCGGGCCA,"ASQRVAGDSGFAAY,DSGFAAYSR,VAGDSGFAAY",33.0,M,White,C19_cI,COVID-19-Acute,eJL158,membrane glycoprotein,27069,27116,A*02:01:01,A*24:02:01,B*15:01:01,B*40:02:01,C*03:04:01,C*15:02:01,DPA1*01:03:01,DPA1*02:01:01,DPB1*04:01:01,DPB1*10:01:01,DQA1*03:01:01,DQA1*05:05:01,DQB1*03:01:01,DQB1*03:02:01,DRB1*04:01:01,DRB1*11:01:01,DRB3*02:02:01,,DRB4*01:03:01,,,,True
94116,466,PBMC,TRBV4-1*01,TRBJ2-1*01,CASSQLAGVDINEQFF,GCCCTGCAGCCAGAAGACTCAGCCCTGTATCTCTGCGCCAGCAGCCAGTTAGCGGGGGTCGACATCAATGAGCAGTTCTTCGGGCCA,"ASQRVAGDSGFAAY,DSGFAAYSR,VAGDSGFAAY",33.0,M,White,C19_cI,COVID-19-Acute,eJL158,membrane glycoprotein,27069,27116,A*02:01:01,A*24:02:01,B*15:01:01,B*40:02:01,C*03:04:01,C*15:02:01,DPA1*01:03:01,DPA1*02:01:01,DPB1*04:01:01,DPB1*10:01:01,DQA1*03:01:01,DQA1*05:05:01,DQB1*03:01:01,DQB1*03:02:01,DRB1*04:01:01,DRB1*11:01:01,DRB3*02:02:01,,DRB4*01:03:01,,,,True
94117,926,PBMC,TRBV27*01,TRBJ2-2*01,CASSFAGSPAGELFF,GAGTCGCCCAGCCCCAACCAGACCTCTCTGTACTTCTGTGCCAGCAGTTTCGCCGGGAGTCCGGCCGGGGAGCTGTTTTTTGGAGAA,"ASQRVAGDSGFAAY,DSGFAAYSR,VAGDSGFAAY",51.0,M,Hispanic or Latino/a,C19_cI,COVID-19-Convalescent,eHO136,membrane glycoprotein,27069,27116,,,,,,,,,,,,,,,,,,,,,,,True
94118,926,PBMC,TRBV2*01,TRBJ2-7*01,CASSEVWDSRHEQYF,CGGTCCACAAAGCTGGAGGACTCAGCCATGTACTTCTGTGCCAGCAGTGAAGTCTGGGACAGTAGGCACGAGCAGTACTTCGGGCCG,"ASQRVAGDSGFAAY,DSGFAAYSR,VAGDSGFAAY",51.0,M,Hispanic or Latino/a,C19_cI,COVID-19-Convalescent,eHO136,membrane glycoprotein,27069,27116,,,,,,,,,,,,,,,,,,,,,,,True
94119,466,PBMC,TRBV9*01,TRBJ1-5*01,CASSQGEGVTQPQHF,AGCTCTCTGGAGCTGGGGGACTCAGCTTTGTATTTCTGTGCCAGCAGCCAGGGGGAGGGAGTCACTCAGCCCCAGCATTTTGGTGAT,"ASQRVAGDSGFAAY,DSGFAAYSR,VAGDSGFAAY",33.0,M,White,C19_cI,COVID-19-Acute,eJL158,membrane glycoprotein,27069,27116,A*02:01:01,A*24:02:01,B*15:01:01,B*40:02:01,C*03:04:01,C*15:02:01,DPA1*01:03:01,DPA1*02:01:01,DPB1*04:01:01,DPB1*10:01:01,DQA1*03:01:01,DQA1*05:05:01,DQB1*03:01:01,DQB1*03:02:01,DRB1*04:01:01,DRB1*11:01:01,DRB3*02:02:01,,DRB4*01:03:01,,,,True
94120,3457,PBMC,TRBV20-1*01,TRBJ2-2*01,CSAPGRGGLNTGELFF,AGTGCCCATCCTGAAGACAGCAGCTTCTACATCTGCAGTGCCCCCGGGCGGGGGGGACTCAACACCGGGGAGCTGTTTTTTGGAGAA,"ASQRVAGDSGFAAY,DSGFAAYSR,VAGDSGFAAY",36.0,M,,C19_cI,COVID-19-Convalescent,eJL153,membrane glycoprotein,27069,27116,A*03:01:01,A*11:01:01,B*07:02:01,B*15:01:01,C*03:04:01,C*07:02:01,DPA1*01:03:01,DPA1*01:03:01,DPB1*04:01:01,DPB1*04:02:01,DQA1*01:02:01,DQA1*03:01:01,DQB1*03:02:01,DQB1*06:02:01,DRB1*04:01:01,DRB1*15:01:01,,,DRB4*01:03:01,,DRB5*01:01:01,,True
94121,466,PBMC,TRBV11-2*01,TRBJ2-5*01,CASSLIVAGGEGETQYF,GCAAAGCTTGAGGACTCGGCCGTGTATCTCTGTGCCAGCAGCTTGATCGTCGCGGGAGGTGAAGGAGAGACCCAGTACTTCGGGCCA,"ASQRVAGDSGFAAY,DSGFAAYSR,VAGDSGFAAY",33.0,M,White,C19_cI,COVID-19-Acute,eJL158,membrane glycoprotein,27069,27116,A*02:01:01,A*24:02:01,B*15:01:01,B*40:02:01,C*03:04:01,C*15:02:01,DPA1*01:03:01,DPA1*02:01:01,DPB1*04:01:01,DPB1*10:01:01,DQA1*03:01:01,DQA1*05:05:01,DQB1*03:01:01,DQB1*03:02:01,DRB1*04:01:01,DRB1*11:01:01,DRB3*02:02:01,,DRB4*01:03:01,,,,True
94122,7954,PBMC,TRBV3-1*01,TRBJ2-1*01,CASSQVSRGFYNEQFF,TCCCTGGAGCTTGGTGACTCTGCTGTGTATTTCTGTGCCAGCAGCCAAGTATCCAGGGGGTTCTACAATGAGCAGTTCTTCGGGCCA,"ASQRVAGDSGFAAY,DSGFAAYSR,VAGDSGFAAY",,M,,C19_cI,COVID-19-Convalescent,eLH50,membrane glycoprotein,27069,27116,,,,,,,,,,,,,,,,,,,,,,,True
94123,7954,PBMC,TRBV6-6*01,TRBJ1-2*01,CASRPRGYGYTF,CTCAGGCTGGAGTTGGCTGCTCCCTCCCAGACATCTGTGTACTTCTGTGCCAGCAGGCCGCGGGGCTATGGCTACACCTTCGGTTCG,"ASQRVAGDSGFAAY,DSGFAAYSR,VAGDSGFAAY",,M,,C19_cI,COVID-19-Convalescent,eLH50,membrane glycoprotein,27069,27116,,,,,,,,,,,,,,,,,,,,,,,True
94124,7954,PBMC,TRBV7-9*01,TRBJ2-7*01,CASSLSPYEQYF,TTGGAGATCCAGCGCACAGAGCAGGGGGACTCGGCCATGTATCTCTGTGCCAGCAGCCTCTCCCCCTACGAGCAGTACTTCGGGCCG,"ASQRVAGDSGFAAY,DSGFAAYSR,VAGDSGFAAY",,M,,C19_cI,COVID-19-Convalescent,eLH50,membrane glycoprotein,27069,27116,,,,,,,,,,,,,,,,,,,,,,,True
94125,3457,PBMC,TRBV7-9*01,TRBJ2-1*01,CASSTDHRGSSYNEQFF,ACAGAGCAGGGGGACTCGGCCATGTATCTCTGTGCCAGCAGCACAGACCACAGGGGGTCGTCCTACAATGAGCAGTTCTTCGGGCCA,"ASQRVAGDSGFAAY,DSGFAAYSR,VAGDSGFAAY",36.0,M,,C19_cI,COVID-19-Convalescent,eJL153,membrane glycoprotein,27069,27116,A*03:01:01,A*11:01:01,B*07:02:01,B*15:01:01,C*03:04:01,C*07:02:01,DPA1*01:03:01,DPA1*01:03:01,DPB1*04:01:01,DPB1*04:02:01,DQA1*01:02:01,DQA1*03:01:01,DQB1*03:02:01,DQB1*06:02:01,DRB1*04:01:01,DRB1*15:01:01,,,DRB4*01:03:01,,DRB5*01:01:01,,True
94126,3457,PBMC,TRBV7-9*01,TRBJ2-1*01,CASSSPGAGGVDNEQFF,ACAGAGCAGGGGGACTCGGCCATGTATCTCTGTGCCAGCAGCTCCCCGGGGGCGGGGGGGGTCGACAATGAGCAGTTCTTCGGGCCA,"ASQRVAGDSGFAAY,DSGFAAYSR,VAGDSGFAAY",36.0,M,,C19_cI,COVID-19-Convalescent,eJL153,membrane glycoprotein,27069,27116,A*03:01:01,A*11:01:01,B*07:02:01,B*15:01:01,C*03:04:01,C*07:02:01,DPA1*01:03:01,DPA1*01:03:01,DPB1*04:01:01,DPB1*04:02:01,DQA1*01:02:01,DQA1*03:01:01,DQB1*03:02:01,DQB1*06:02:01,DRB1*04:01:01,DRB1*15:01:01,,,DRB4*01:03:01,,DRB5*01:01:01,,True
94127,7954,PBMC,TRBV6-5*01,TRBJ2-2*01,CASRRLTSAGELFF,NNNNTGTCGGCTGCTCCCTCCCAGACATCTGTGTACTTCTGTGCCAGCAGGCGGTTGACTAGTGCCGGGGAGCTGTTTTTTGGAGAA,"ASQRVAGDSGFAAY,DSGFAAYSR,VAGDSGFAAY",,M,,C19_cI,COVID-19-Convalescent,eLH50,membrane glycoprotein,27069,27116,,,,,,,,,,,,,,,,,,,,,,,True
94128,7954,PBMC,TRBV7-9*01,TRBJ1-1*01,CASSLANTEAFF,TTGGAGATCCAGCGCACAGAGCAGGGGGACTCGGCCATGTATCTCTGTGCCAGCAGCTTAGCCAACACTGAAGCTTTCTTTGGACAA,"ASQRVAGDSGFAAY,DSGFAAYSR,VAGDSGFAAY",,M,,C19_cI,COVID-19-Convalescent,eLH50,membrane glycoprotein,27069,27116,,,,,,,,,,,,,,,,,,,,,,,True
94129,3457,PBMC,TRBV7-9*01,TRBJ2-7*01,CASSTTSGGAPIHEQYF,ACAGAGCAGGGGGACTCGGCCATGTATCTCTGTGCCAGCAGCACAACTAGCGGGGGGGCCCCCATCCACGAGCAGTACTTCGGGCCG,"ASQRVAGDSGFAAY,DSGFAAYSR,VAGDSGFAAY",36.0,M,,C19_cI,COVID-19-Convalescent,eJL153,membrane glycoprotein,27069,27116,A*03:01:01,A*11:01:01,B*07:02:01,B*15:01:01,C*03:04:01,C*07:02:01,DPA1*01:03:01,DPA1*01:03:01,DPB1*04:01:01,DPB1*04:02:01,DQA1*01:02:01,DQA1*03:01:01,DQB1*03:02:01,DQB1*06:02:01,DRB1*04:01:01,DRB1*15:01:01,,,DRB4*01:03:01,,DRB5*01:01:01,,True
94130,3457,PBMC,TRBV7-9*01,TRBJ2-1*01,CASSPPGAGGVDNEQFF,ACAGAGCAGGGGGACTCGGCCATGTATCTCTGTGCCAGCAGCCCCCCGGGGGCGGGGGGGGTCGACAATGAGCAGTTCTTCGGGCCA,"ASQRVAGDSGFAAY,DSGFAAYSR,VAGDSGFAAY",36.0,M,,C19_cI,COVID-19-Convalescent,eJL153,membrane glycoprotein,27069,27116,A*03:01:01,A*11:01:01,B*07:02:01,B*15:01:01,C*03:04:01,C*07:02:01,DPA1*01:03:01,DPA1*01:03:01,DPB1*04:01:01,DPB1*04:02:01,DQA1*01:02:01,DQA1*03:01:01,DQB1*03:02:01,DQB1*06:02:01,DRB1*04:01:01,DRB1*15:01:01,,,DRB4*01:03:01,,DRB5*01:01:01,,True
94131,466,PBMC,TRBV5-1*01,TRBJ2-1*01,CASSSFGQGVSYNEQFF,TTGGAGCTGGGGGACTCGGCCCTTTATCTTTGCGCCAGCAGCTCCTTCGGGCAGGGGGTTTCTTACAATGAGCAGTTCTTCGGGCCA,"ASQRVAGDSGFAAY,DSGFAAYSR,VAGDSGFAAY",33.0,M,White,C19_cI,COVID-19-Acute,eJL158,membrane glycoprotein,27069,27116,A*02:01:01,A*24:02:01,B*15:01:01,B*40:02:01,C*03:04:01,C*15:02:01,DPA1*01:03:01,DPA1*02:01:01,DPB1*04:01:01,DPB1*10:01:01,DQA1*03:01:01,DQA1*05:05:01,DQB1*03:01:01,DQB1*03:02:01,DRB1*04:01:01,DRB1*11:01:01,DRB3*02:02:01,,DRB4*01:03:01,,,,True
94132,20300,naive_CD8,TRBV28*01,TRBJ2-3*01,CASSFGDRGTGTDTQYF,GCCAGCACCAACCAGACATCTATGTACCTCTGTGCCAGCAGTTTTGGGGACAGGGGAACCGGAACAGATACGCAGTATTTTGGCCCA,"ASQRVAGDSGFAAY,DSGFAAYSR,VAGDSGFAAY",28.0,M,White,C19_cI,Healthy (No known exposure),eHH175,membrane glycoprotein,27069,27116,A*02:01,A*29:02,B*07:02,B*44:03,C*07:02,C*16:01,DPA1*01:03,DPA1*02:02,DPB1*01:01,DPB1*04:01,DQA1*01:02,DQA1*02:01,DQB1*02:02,DQB1*06:02,DRB1*07:01,DRB1*15:01,,,DRB4*01:01,,,DRB5*01:01,True
94133,466,PBMC,TRBV20-1*01,TRBJ2-5*01,CSARDQGLAGFGETQYF,GCCCATCCTGAAGACAGCAGCTTCTACATCTGCAGTGCTAGAGATCAGGGACTAGCGGGCTTTGGGGAGACCCAGTACTTCGGGCCA,"ASQRVAGDSGFAAY,DSGFAAYSR,VAGDSGFAAY",33.0,M,White,C19_cI,COVID-19-Acute,eJL158,membrane glycoprotein,27069,27116,A*02:01:01,A*24:02:01,B*15:01:01,B*40:02:01,C*03:04:01,C*15:02:01,DPA1*01:03:01,DPA1*02:01:01,DPB1*04:01:01,DPB1*10:01:01,DQA1*03:01:01,DQA1*05:05:01,DQB1*03:01:01,DQB1*03:02:01,DRB1*04:01:01,DRB1*11:01:01,DRB3*02:02:01,,DRB4*01:03:01,,,,True
94134,3282,PBMC,TRBV6-5*01,TRBJ2-7*01,CASILPGYEQYF,NNNNNNNNNNTGTCGGCTGCTCCCTCCCAGACATCTGTGTACTTCTGTGCCAGCATACTCCCTGGCTACGAGCAGTACTTCGGGCCG,"ASQRVAGDSGFAAY,DSGFAAYSR,VAGDSGFAAY",58.0,F,,C19_cI,COVID-19-Convalescent,eHO131,membrane glycoprotein,27069,27116,A*02:01:01,A*02:01:01,B*15:01:01,B*51:01:01,C*03:03:01,C*15:02:01,DPA1*01:03:01,DPA1*01:03:01,DPB1*04:01:01,DPB1*04:01:01,DQA1*03:01:01,DQA1*03:03:01,DQB1*03:01:01,DQB1*03:02:01,DRB1*04:01:01,DRB1*04:04:01,,,DRB4*01:03:01,DRB4*01:03:01,,,True
94135,3270,PBMC,TRBV4-1*01,TRBJ2-3*01,CASSQAFDTQYF,CTTCACCTACACGCCCTGCAGCCAGAAGACTCAGCCCTGTATCTCTGCGCCAGCAGCCAAGCCTTTGATACGCAGTATTTTGGCCCA,"ASQRVAGDSGFAAY,DSGFAAYSR,VAGDSGFAAY",79.0,F,,C19_cI,COVID-19-Convalescent,eJL151,membrane glycoprotein,27069,27116,A*24:02:01,A*68:01:01,B*15:01:01,B*40:01:02,C*03:04:01,C*03:04:01,DPA1*01:03:01,DPA1*01:03:01,DPB1*02:01:02,DPB1*04:02:01,DQA1*01:02:01,DQA1*05:05:01,DQB1*03:01:01,DQB1*06:04:01,DRB1*01:03:01,DRB1*13:02:01,DRB3*03:01:01,,,,,,True
